datetime,Future_Vol_24h,Base_Vol_24h,Target_Residual,RV_Return,return,Past_Residual,delta_H,delta_alpha,alpha_0,delta_H_daily_mean,delta_alpha_daily_mean
2021-01-01 00:10:00,0.0275956554536328,0.0466211282686685,-0.5243954854694871,0.0454594432678252,-0.1153608045358467,-0.02305447859917755,0.2202180235819481,0.3784352448004761,0.5100379065394947,0.2042160574132396,0.3493309550065607
2021-01-01 00:20:00,0.0280920328543269,0.04651008123004929,-0.5041830819194885,0.045213429653596,0.0345529152564694,-0.028854466746053842,0.22208794446126,0.3810883091785591,0.5117423682268454,0.2042160574132396,0.3493309550065607
2021-01-01 00:30:00,0.0281952209486543,0.046386075064468436,-0.4978468141455218,0.0451969452864388,0.2070325672509199,-0.02829022196034175,0.2331149752739992,0.4165378312984289,0.5131069688615382,0.2042160574132396,0.3493309550065607
2021-01-01 00:40:00,0.0281611469868247,0.04627316396073288,-0.4966189194463962,0.0452222057806927,0.1515841557107933,-0.027944701815847784,0.2270003623359645,0.4051033221068404,0.5102924005290029,0.2042160574132396,0.3493309550065607
2021-01-01 00:50:00,0.0281708830438128,0.046183082810999275,-0.4943246297527382,0.0452468806838159,0.1795165403384757,-0.02731952508874973,0.2026454547944939,0.3461831510640626,0.5103316733362219,0.2042160574132396,0.3493309550065607
2021-01-01 01:00:00,0.0278497348979905,0.046100378761046,-0.5039977186387556,0.0453977805947419,0.4305040181591835,-0.024110388197555368,0.1990816629660647,0.334882680009944,0.510490738873189,0.2042160574132396,0.3493309550065607
2021-01-01 01:10:00,0.0272495535977792,0.04608709049534337,-0.5254957389049718,0.0371924175189873,0.6016146460519067,-0.22340016302409962,0.204019188652753,0.3403940569614974,0.5111527656384791,0.2042160574132396,0.3493309550065607
2021-01-01 01:20:00,0.0269429797105376,0.045293866734552865,-0.5194488608441213,0.0371611897371049,0.4132190162438931,-0.24047375744453303,0.2122744289426891,0.3511423483530399,0.5115688642950922,0.2042160574132396,0.3493309550065607
2021-01-01 01:30:00,0.0270696941330129,0.044696897046811554,-0.5014892774633091,0.0371482656430955,0.0140287828052976,-0.25359751071069914,0.2230089809302033,0.3795323953974912,0.5127920466240175,0.2042160574132396,0.3493309550065607
2021-01-01 01:40:00,0.0271871377321883,0.0439630432940364,-0.4806053718809154,0.0369229464834923,-0.0531703197122368,-0.27404714293780846,0.2052105758149995,0.3498259358985237,0.5112437195904054,0.2042160574132396,0.3493309550065607
2021-01-01 01:50:00,0.0271764271361645,0.04343496942121459,-0.4689149155605563,0.0368428825721793,0.0764680171833731,-0.2857073871185927,0.2077242730169556,0.3526670715478218,0.5100490883834733,0.2042160574132396,0.3493309550065607
2021-01-01 02:00:00,0.0271836835600406,0.04286180891181824,-0.4553642700912362,0.0367430644742997,-0.1206905602854746,-0.2983651793436124,0.2132918703488934,0.3625983988056916,0.5103978209023965,0.2042160574132396,0.3493309550065607
2021-01-01 02:10:00,0.0271596127274598,0.042368344967852106,-0.4446704588019,0.0366518297099967,-0.159479057647971,-0.3091855411025501,0.2194087304049872,0.3863242185301661,0.5107320882758329,0.2042160574132396,0.3493309550065607
2021-01-01 02:20:00,0.027185244998535,0.04196926656215814,-0.43426323907834175,0.036659314987066,-0.1029951647890214,-0.3155607630360932,0.218621231812785,0.3908514290075671,0.511485211172269,0.2042160574132396,0.3493309550065607
2021-01-01 02:30:00,0.0270879823691116,0.04161531559303689,-0.4293780882898279,0.0367004778859812,-0.2298470695217602,-0.31999297082860945,0.2011740053736717,0.3470765661879366,0.5130174729159779,0.2042160574132396,0.3493309550065607
2021-01-01 02:40:00,0.0269334825985851,0.041303361376249806,-0.427573667040247,0.0368487036881314,0.3306287664484486,-0.3203280645425526,0.2020030819008556,0.3441565827330486,0.5129918580015174,0.2042160574132396,0.3493309550065607
2021-01-01 02:50:00,0.0266118003410177,0.04113742683842453,-0.4355635965442224,0.0370933336610508,-0.43786657611804,-0.31539691009532733,0.2051317147062012,0.3468792340380912,0.5143783628578125,0.2042160574132396,0.3493309550065607
2021-01-01 03:00:00,0.0265571120278925,0.04093416260286423,-0.4326674010606631,0.0371349860013,0.2109135611204848,-0.31729527608318464,0.2009622663528978,0.3349509211066249,0.5161450161841681,0.2042160574132396,0.3493309550065607
2021-01-01 03:10:00,0.0265399735266725,0.04075955680546572,-0.4290383036084901,0.0371199293670448,-0.1167282086798948,-0.3202571858458218,0.2138477533629145,0.3653840443573543,0.5178567670719401,0.2042160574132396,0.3493309550065607
2021-01-01 03:20:00,0.0265532005622323,0.040605114085761486,-0.4247437324726475,0.036773664142387,-0.0704511724084255,-0.3313596284238205,0.2016421795859348,0.3506517917756948,0.5139137857241423,0.2042160574132396,0.3493309550065607
2021-01-01 03:30:00,0.0265628802011459,0.04042822068475456,-0.42001331287107385,0.0367756144016018,0.0776268178608319,-0.33262473969119927,0.2024997845641019,0.3497127864593108,0.5121514586447964,0.2042160574132396,0.3493309550065607
2021-01-01 03:40:00,0.026575462982492,0.040285105154643897,-0.4159934556867868,0.0367775342949186,0.1136823413343535,-0.33367098139373114,0.2047528134396565,0.3525695989022258,0.5129105316130527,0.2042160574132396,0.3493309550065607
2021-01-01 03:50:00,0.0265869244046021,0.04023896247125519,-0.41441621074773893,0.0362153619602011,0.0072011059017995,-0.3487853583413914,0.2136967617698345,0.3786166457968751,0.513269393627729,0.2042160574132396,0.3493309550065607
2021-01-01 04:00:00,0.0266734116898687,0.040066821292036064,-0.4068813402354503,0.0361736166753304,0.107783955470353,-0.35137858106928294,0.2185602391575821,0.3855668938893392,0.5124010593045487,0.2042160574132396,0.3493309550065607
2021-01-01 04:10:00,0.0266159785896641,0.03990551771744991,-0.40500286869284985,0.0362147597134881,0.1758884195799837,-0.350480667962967,0.1994908820121153,0.344921578336814,0.5132322462947221,0.2042160574132396,0.3493309550065607
2021-01-01 04:20:00,0.0266029280015079,0.03978586338575315,-0.4024903729078056,0.0357153795225702,-0.1020075763358718,-0.36433758280435624,0.1916013790706308,0.3221188050145941,0.5125093786012553,0.2042160574132396,0.3493309550065607
2021-01-01 04:30:00,0.0262503475405534,0.03962528886754775,-0.4117882936135042,0.0356840566497417,-0.4502994947861438,-0.3650174494795698,0.197148769751475,0.3286086966681664,0.5118083063792624,0.2042160574132396,0.3493309550065607
2021-01-01 04:40:00,0.0262568055158386,0.03948900814869414,-0.4080971452824957,0.0356502762913844,-0.0251883825393761,-0.36596819630799937,0.1981028277330443,0.3264346000122485,0.5122009779697111,0.2042160574132396,0.3493309550065607
2021-01-01 04:50:00,0.0262492420630761,0.03938303686888995,-0.40569807244072553,0.0355607106680158,0.0716128366413215,-0.367977278353428,0.204993371225275,0.3415999751777183,0.5136299523353036,0.2042160574132396,0.3493309550065607
2021-01-01 05:00:00,0.0260744419248318,0.03926257288170332,-0.40931612316377636,0.0355924819657242,-0.3796565244330807,-0.36622054952429745,0.196645501698226,0.3419286116083337,0.5129501921851889,0.2042160574132396,0.3493309550065607
2021-01-01 05:10:00,0.0259944732640698,0.03916185628350607,-0.409819270420439,0.0355805496319477,0.2184982864877227,-0.36574263129810414,0.2013195075424237,0.3516255622618451,0.5125678743960984,0.2042160574132396,0.3493309550065607
2021-01-01 05:20:00,0.0260785447071522,0.03909928632999988,-0.40499127999968665,0.035542824538526,0.0105852604287193,-0.3658266263509725,0.2084628938601876,0.364472296241671,0.5125523819906411,0.2042160574132396,0.3493309550065607
2021-01-01 05:30:00,0.0260711911326854,0.0390168528601712,-0.40316276072416807,0.0353518120617591,0.1038063324687144,-0.37081109672366497,0.2153107346782879,0.3846404140832122,0.5135917081584302,0.2042160574132396,0.3493309550065607
2021-01-01 05:40:00,0.0260776145439185,0.038943961507788435,-0.4010464624047929,0.0353221304839073,0.0055433491629841,-0.37116411522028436,0.2087228477962318,0.3701705184949118,0.5137637907775907,0.2042160574132396,0.3493309550065607
2021-01-01 05:50:00,0.0263197205218019,0.0388554665555923,-0.38953028826852115,0.0350213855202259,-0.0383991331032618,-0.37881589122678394,0.1918227260566858,0.3291469471398529,0.515467423035138,0.2042160574132396,0.3493309550065607
2021-01-01 06:00:00,0.0263815781625876,0.038759149161861475,-0.38470086562623146,0.0350276876677991,0.0830084838806755,-0.37830347928065916,0.1893918310897208,0.3215279574870631,0.5134337042525715,0.2042160574132396,0.3493309550065607
2021-01-01 06:10:00,0.0264028318840194,0.03866511629237675,-0.38146653301408284,0.0349750498691542,-0.1562883786782265,-0.3793602463273085,0.1891048929760148,0.318449673565701,0.5133249124092064,0.2042160574132396,0.3493309550065607
2021-01-01 06:20:00,0.026372011658941,0.03860449627238549,-0.3810654700812402,0.0347754895729263,-0.2467038116359177,-0.3845554799576988,0.1849274700747744,0.3072848991396402,0.5148258043407161,0.2042160574132396,0.3493309550065607
2021-01-01 06:30:00,0.026423209306385,0.03852918354395128,-0.37717320394666337,0.0346830777245158,0.2111402887456037,-0.3874839730839836,0.1944766983389229,0.326328332845152,0.5167664516010955,0.2042160574132396,0.3493309550065607
2021-01-01 06:40:00,0.0266786971100267,0.038441590305743824,-0.3652745684655095,0.0345777587563774,0.0222372489224298,-0.3896996517377862,0.192773518156747,0.3281005185999059,0.5148210018643362,0.2042160574132396,0.3493309550065607
2021-01-01 06:50:00,0.0266815003801416,0.038366894765269104,-0.363224516667143,0.0345077317954876,0.0301100560784917,-0.3906637058311676,0.1981785524149433,0.3440544243671153,0.5138882168984197,0.2042160574132396,0.3493309550065607
2021-01-01 07:00:00,0.0261717722380586,0.03828978792159313,-0.3805017922671302,0.0347293141934161,-0.519580334152181,-0.383510785531847,0.1963938633036147,0.3357722494658228,0.5140519527380457,0.2042160574132396,0.3493309550065607
2021-01-01 07:10:00,0.0261656550402681,0.038248778945336286,-0.3796639622738228,0.034205231833345,-0.0706715514095179,-0.39805826545404127,0.2042094879592206,0.3589325683626888,0.5134843772245608,0.2042160574132396,0.3493309550065607
2021-01-01 07:20:00,0.0261652926952563,0.03816276632301453,-0.37742651041399217,0.0339024883153101,0.0426431013163863,-0.4066591227304693,0.2014948820213321,0.3531618854932195,0.5132558898640894,0.2042160574132396,0.3493309550065607
2021-01-01 07:30:00,0.0261464614766654,0.038032457537835636,-0.3747260759090852,0.033929888354245,0.1691875155293232,-0.4060247129071709,0.1790920629780292,0.3015374243560102,0.5149124494435149,0.2042160574132396,0.3493309550065607
2021-01-01 07:40:00,0.0262712007206069,0.037948417142387995,-0.3677544843777986,0.0338710586902186,-0.0482118137908216,-0.4075105510837604,0.1811090474035232,0.3099380988538503,0.5163436064382361,0.2042160574132396,0.3493309550065607
2021-01-01 07:50:00,0.0262441229529096,0.037866990116908035,-0.3666376829393372,0.0338868993995323,0.1193179117889187,-0.4069859848146564,0.1879697613475111,0.3229752306028559,0.5171297633770157,0.2042160574132396,0.3493309550065607
2021-01-01 08:00:00,0.0263136170640747,0.03779341244974435,-0.36204824933878693,0.0339126349696148,-0.1328021215245556,-0.4063039514847857,0.1890999711163903,0.3205018190286617,0.5176465658863791,0.2042160574132396,0.3493309550065607
2021-01-01 08:10:00,0.0260948359195794,0.037733147653366654,-0.3688015189767986,0.0338718673483141,-0.3769167360678338,-0.40731427157679334,0.1998323257716704,0.3389113539156413,0.5201874245913644,0.2042160574132396,0.3493309550065607
2021-01-01 08:20:00,0.0259163541319427,0.03767698781521801,-0.37417530220210465,0.0340232010629996,0.3331149088690921,-0.4028967365073682,0.1871069943101221,0.3207798284373633,0.5194868210930512,0.2042160574132396,0.3493309550065607
2021-01-01 08:30:00,0.025893442004756,0.037658137060066335,-0.3745593224736086,0.0337357071043938,0.170729043995621,-0.41136387834669297,0.1934331441768441,0.3360750712533595,0.5194487102272038,0.2042160574132396,0.3493309550065607
2021-01-01 08:40:00,0.0258258887512623,0.03760098659130708,-0.3756528603924938,0.0337559103439071,-0.2423741596567552,-0.39970635648097386,0.1967563683213747,0.3439284334471449,0.517902331490373,0.2042160574132396,0.3493309550065607
2021-01-01 08:50:00,0.0258403024037769,0.037555116680452326,-0.3738742502765937,0.0337526386149142,-0.0332406559358844,-0.39257107257731483,0.2008319137827722,0.3616854978082569,0.5172703921742,0.2042160574132396,0.3493309550065607
2021-01-01 09:00:00,0.0257303397530794,0.03752209992931343,-0.37725926008036176,0.0338717590662881,0.2911430540001092,-0.3836082421600426,0.195810252734647,0.349908155052695,0.5174616759442091,0.2042160574132396,0.3493309550065607
2021-01-01 09:10:00,0.02571565065997,0.03749869924789552,-0.37720646400478625,0.0338305218272862,0.0884512168203954,-0.37875640098035596,0.1772238215615262,0.3003961673090567,0.5184910064339634,0.2042160574132396,0.3493309550065607
2021-01-01 09:20:00,0.0258399188933594,0.03747420399029948,-0.3717322625694008,0.0335824784256962,0.220032953139615,-0.3817219513615317,0.1858395425037441,0.3100028607370295,0.5179711923670901,0.2042160574132396,0.3493309550065607
2021-01-01 09:30:00,0.0256764431462241,0.037429491815932386,-0.37688498244361435,0.0334798693581382,0.3061356851322472,-0.38056211197107076,0.1906165866935303,0.3228968743275257,0.5186029034249721,0.2042160574132396,0.3493309550065607
2021-01-01 09:40:00,0.0256942835856195,0.037382940427614364,-0.3749459234735322,0.0333797618271187,-0.0609608993142885,-0.380274427122817,0.1808660144659912,0.2981315411217702,0.5193691039177926,0.2042160574132396,0.3493309550065607
2021-01-01 09:50:00,0.0257878953831466,0.03733485109433764,-0.37002202547677504,0.0331228568395556,-0.1454315974116937,-0.3851396854963894,0.1902711586487589,0.3167040343912017,0.5208108956806694,0.2042160574132396,0.3493309550065607
2021-01-01 10:00:00,0.0257879232155453,0.03726357808710584,-0.36811010089519747,0.0330585036790543,0.114202492726001,-0.38496403552379266,0.1807571503405419,0.3069148397361156,0.5188047865837997,0.2042160574132396,0.3493309550065607
2021-01-01 10:10:00,0.0261406936158234,0.03720123875443375,-0.35284881807823487,0.0330134212948467,0.189309129630999,-0.3844570120846804,0.1802620549666387,0.306107165041737,0.5179419929315058,0.2042160574132396,0.3493309550065607
2021-01-01 10:20:00,0.0260640413824038,0.03713570138325291,-0.35402216875247167,0.0329927325016103,-0.2020905909249748,-0.38364486112408214,0.1907019363340525,0.3335355266146848,0.5196886454123401,0.2042160574132396,0.3493309550065607
2021-01-01 10:30:00,0.0260385753411128,0.037085714125781,-0.3536527260211253,0.033018598328686,0.1636773637484267,-0.38139594653899134,0.2023569694081226,0.3664366177500057,0.5198453768041081,0.2042160574132396,0.3493309550065607
2021-01-01 10:40:00,0.0260376523903099,0.037049760714849236,-0.3527182339883237,0.0329621914295353,-0.024536238765549,-0.3803053134524333,0.2041867730014888,0.3668252992704196,0.5194761632785865,0.2042160574132396,0.3493309550065607
2021-01-01 10:50:00,0.0260798936955537,0.0370108341255896,-0.35004602302822363,0.032945898898733,-0.139038593392371,-0.3781267919894913,0.1840731518017454,0.3133777773856129,0.5214976983825095,0.2042160574132396,0.3493309550065607
2021-01-01 11:00:00,0.026078720521955,0.03697456008211645,-0.34911043470056796,0.0330304009685923,0.2519441143906675,-0.3734036557482259,0.1808980471382875,0.3021130880009871,0.5224188744633484,0.2042160574132396,0.3493309550065607
2021-01-01 11:10:00,0.0260939338035982,0.03693885018905614,-0.3475609818433305,0.0329861226345785,0.0133969364167541,-0.3729035817242679,0.187942390069042,0.3181924211573375,0.5243286293446292,0.2042160574132396,0.3493309550065607
2021-01-01 11:20:00,0.0260885368751881,0.036911672735250096,-0.34703181764432667,0.032953676131611,0.2286640599683309,-0.372006511566589,0.1849173439940407,0.3097304710896845,0.5231750706145621,0.2042160574132396,0.3493309550065607
2021-01-01 11:30:00,0.0259608301528134,0.03688413867377817,-0.3511927429209136,0.0330707853286834,-0.2797047437736566,-0.3671009858646971,0.1931668190690367,0.3266350973878619,0.5238599412845226,0.2042160574132396,0.3493309550065607
2021-01-01 11:40:00,0.0260278981656906,0.0368697243795757,-0.34822176761797696,0.0328478848057503,-0.0544789504528964,-0.37266175602322604,0.1812977045536682,0.309955991481863,0.5227981046330543,0.2042160574132396,0.3493309550065607
2021-01-01 11:50:00,0.0259995235425463,0.03683895503825809,-0.3484776335497944,0.0327542124402249,0.1224251654406316,-0.37229373296379603,0.1856866982039693,0.3156255711858367,0.5223390665709049,0.2042160574132396,0.3493309550065607
2021-01-01 12:00:00,0.0260000944136485,0.036795638781859125,-0.3472791574802731,0.032624335471861,-0.3080878680998822,-0.3740068783904794,0.2012093393352326,0.3426109735876415,0.5229358700558691,0.2042160574132396,0.3493309550065607
2021-01-01 12:10:00,0.0258607823501388,0.03673955430026562,-0.351126322350078,0.0328196177846083,0.3760901206545597,-0.36644666166700485,0.2124483972119555,0.3813752045009499,0.5230553507669455,0.2042160574132396,0.3493309550065607
2021-01-01 12:20:00,0.0286484068043472,0.03671379262179154,-0.24805467252364902,0.033053587244129,0.4012109673508846,-0.356919885631119,0.2033705952524489,0.3590852359261011,0.5228701324792622,0.2042160574132396,0.3493309550065607
2021-01-01 12:30:00,0.0295551928968143,0.0367167302618416,-0.2169730556690563,0.0331516895257539,0.3657145617570023,-0.35157374640617073,0.185357279133056,0.3114353783349987,0.5231671983255644,0.2042160574132396,0.3493309550065607
2021-01-01 12:40:00,0.0298454099041517,0.03673406350751022,-0.20767342959380372,0.0333156761105756,-0.3976056816735962,-0.34463050000301465,0.1862540483401774,0.3088055031369219,0.5224910793946749,0.2042160574132396,0.3493309550065607
2021-01-01 12:50:00,0.0291382846445569,0.0367567656470321,-0.23226937492621136,0.0337402369152057,-0.7245928535427382,-0.3305435282654966,0.189409201907874,0.314051467702949,0.5230791721023138,0.2042160574132396,0.3493309550065607
2021-01-01 13:00:00,0.0291567434919677,0.03681968377737142,-0.2333463637555132,0.0333426035415278,0.3103067555871419,-0.34093776692423067,0.191368558259599,0.3226702215883952,0.5247457485654059,0.2042160574132396,0.3493309550065607
2021-01-01 13:10:00,0.0294504136114901,0.036833291062345494,-0.22369413012866718,0.0312363250510568,0.0764986934436606,-0.40559920738834165,0.2041787806646512,0.350807922445284,0.5264243291304429,0.2042160574132396,0.3493309550065607
2021-01-01 13:20:00,0.0294038281620758,0.03665809314887985,-0.22050935110851197,0.0312639292787577,0.1672008808418112,-0.4073587089741691,0.1971795745358407,0.3448379001790573,0.5249172165638408,0.2042160574132396,0.3493309550065607
2021-01-01 13:30:00,0.0308855850242828,0.036521703047695336,-0.16761711693964498,0.0310403331358934,0.0446869516611769,-0.4159423264089274,0.1992275897590004,0.3458729258235151,0.5248602116134669,0.2042160574132396,0.3493309550065607
2021-01-01 13:40:00,0.031047074309404,0.03638872370329545,-0.15875435947730854,0.0310347412593102,0.15782461323397,-0.417501432890849,0.2035697732092428,0.3523599856747881,0.5260965359395099,0.2042160574132396,0.3493309550065607
2021-01-01 13:50:00,0.032613730341009,0.03625654964819872,-0.10588666912286382,0.0309165310683275,0.0463257672807415,-0.42277584728166506,0.2161041058656053,0.3894144505825462,0.5263212404979869,0.2042160574132396,0.3493309550065607
2021-01-01 14:00:00,0.0334496685367729,0.03611679831096918,-0.07671620697080259,0.0308808159021942,-0.0455455803649584,-0.4247486338757242,0.212163736808395,0.3806797932125448,0.5239384005180889,0.2042160574132396,0.3493309550065607
2021-01-01 14:10:00,0.0336059893501706,0.03599234131398002,-0.06860186899206008,0.0303374531597563,-0.0686458155810143,-0.44064072041708846,0.1889154706143093,0.322708427620816,0.5240186077907967,0.2042160574132396,0.3493309550065607
2021-01-01 14:20:00,0.0338537557095554,0.03586091913730124,-0.05759815437592613,0.0302367781640367,-0.037889050721418,-0.44307742438818154,0.18470595827921,0.3101346249997253,0.5243388669157312,0.2042160574132396,0.3493309550065607
2021-01-01 14:30:00,0.0341099128426407,0.03573265358853856,-0.04647689583652837,0.0294330655097299,-0.1205187650727523,-0.46937833371258997,0.192307702619085,0.3217919759623644,0.5263694761340123,0.2042160574132396,0.3493309550065607
2021-01-01 14:40:00,0.0341349512053852,0.035558125950258875,-0.04084688678632827,0.0293815710467421,-0.0633586103115035,-0.4715003299893999,0.1999941957228417,0.3327972041166832,0.5265370340921232,0.2042160574132396,0.3493309550065607
2021-01-01 14:50:00,0.0341077782839983,0.035367866915392676,-0.03627823321506385,0.0290264197872033,-0.1367164973327561,-0.48428325131095296,0.2110579903861092,0.361461942068187,0.5273215891399677,0.2042160574132396,0.3493309550065607
2021-01-01 15:00:00,0.0341346971485319,0.03520570109602385,-0.030893653782198358,0.0289922880067453,-0.0030660080883038,-0.48587206811838757,0.1955034232007491,0.3369579430731284,0.5249710185886804,0.2042160574132396,0.3493309550065607
2021-01-01 15:10:00,0.0341448889834652,0.03504046683789847,-0.025890677897308662,0.0282373248033925,0.1020475482995664,-0.5126820730600354,0.1951655979870163,0.3306791487132305,0.5227463333668171,0.2042160574132396,0.3493309550065607
2021-01-01 15:20:00,0.034133563055282,0.03482824802941613,-0.020147628443233954,0.0283179461072396,-0.221558814000744,-0.5114721156428684,0.2033044387429622,0.3458064118058523,0.5229988715189748,0.2042160574132396,0.3493309550065607
2021-01-01 15:30:00,0.0332624858952465,0.0346561007082021,-0.04104356449276431,0.0294082950306361,-0.7936627052194112,-0.4747980198841854,0.2092835569590074,0.3684244488120927,0.5235141521544493,0.2042160574132396,0.3493309550065607
2021-01-01 15:40:00,0.0345230030226964,0.034602156646911734,-0.0022901548203036206,0.029002901719249,0.4567566543832058,-0.48968629023192767,0.2089256184728037,0.3767079377070453,0.5241227311230576,0.2042160574132396,0.3493309550065607
2021-01-01 15:50:00,0.0346003997535981,0.03451839684562851,0.0023728117524875335,0.0290043086889046,-0.0313875292770049,-0.49130769588412365,0.191436553881723,0.3336270897155113,0.5255035978576474,0.2042160574132396,0.3493309550065607
2021-01-01 16:00:00,0.03780990246106,0.03444440837387453,0.09322436525440966,0.0290237445120118,0.1441233723650015,-0.49193009599575865,0.1924539015660047,0.3298853842548624,0.5249148341921026,0.2042160574132396,0.3493309550065607
2021-01-01 16:10:00,0.0379256665656927,0.034395634419939036,0.09769845104290766,0.028989519271374,0.1283148604148465,-0.4940426633991949,0.1999448026362107,0.340127929015964,0.5268079410587301,0.2042160574132396,0.3493309550065607
2021-01-01 16:20:00,0.0379436171821905,0.03434050658730112,0.09977569203750639,0.0289602704058516,0.0282645274895187,-0.49432237855752137,0.1964183258908312,0.3296645271452625,0.5280594382065076,0.2042160574132396,0.3493309550065607
2021-01-01 16:30:00,0.0433671633781883,0.034289327563593264,0.23486839454244543,0.0289469236243901,0.0431323805626604,-0.4944473964445458,0.2096840013181496,0.3603081567513971,0.5299658517002761,0.2042160574132396,0.3493309550065607
2021-01-01 16:40:00,0.0478713694436621,0.03424176879585412,0.3350714018536228,0.0287273852552597,0.0905379396177963,-0.5014963597134396,0.1983301932158284,0.3484653913787019,0.5263705472655623,0.2042160574132396,0.3493309550065607
2021-01-01 16:50:00,0.048158337309188,0.034184030704040504,0.3427356795532147,0.0284866716566523,-0.0470149360346283,-0.5097725387387565,0.1944405014973056,0.3383596195127926,0.5244883652091421,0.2042160574132396,0.3493309550065607
2021-01-01 17:00:00,0.0482406168184414,0.03411186928306804,0.3465559422456943,0.0284393192645809,-0.0717753408160604,-0.5114427410557675,0.1973599071558097,0.3434795201405046,0.5256465219823923,0.2042160574132396,0.3493309550065607
2021-01-01 17:10:00,0.0482526838726854,0.03404462593354047,0.34877925908034185,0.0280976225504927,0.0427166280285717,-0.5239631174759358,0.2068932338799597,0.3704277802150063,0.5260099335911897,0.2042160574132396,0.3493309550065607
2021-01-01 17:20:00,0.048258573443731,0.03396139433211767,0.35134908128126685,0.0281023785276141,-0.0669490243351944,-0.5243121769786931,0.2131074636312445,0.3787031659801141,0.5250430441555175,0.2042160574132396,0.3493309550065607
2021-01-01 17:30:00,0.0481057383373616,0.033888826937175195,0.3503160989628995,0.0281356711378465,-0.4213866754474438,-0.523428042373436,0.204341371424145,0.3601664968197068,0.5256751520606386,0.2042160574132396,0.3493309550065607
2021-01-01 17:40:00,0.0480784934717477,0.03383120227577944,0.3514514350465557,0.0282748861386165,-0.2999054745021823,-0.5191863076121536,0.1880792107194988,0.3167633894567213,0.5245416339303747,0.2042160574132396,0.3493309550065607
2021-01-01 17:50:00,0.0482184738476329,0.0337966582551239,0.35538029306307745,0.0281756567233108,0.0463353491312545,-0.5233372210676803,0.1958868316306755,0.3284598894049001,0.5245738919342369,0.2042160574132396,0.3493309550065607
2021-01-01 18:00:00,0.0484624460105676,0.03375278379217222,0.3617262923028243,0.0284013082455674,0.4898802924852674,-0.5157240095142182,0.1962279170460056,0.3276071367340352,0.5247734993155166,0.2042160574132396,0.3493309550065607
2021-01-01 18:10:00,0.0484838227432069,0.033739736035174356,0.3625539370271191,0.0284114924219243,-0.1069928127423125,-0.5157757629638344,0.2038966741869148,0.3456528886043664,0.5261752755441107,0.2042160574132396,0.3493309550065607
2021-01-01 18:20:00,0.0485152878381618,0.033723865625347356,0.3636731959204533,0.0289104272394097,-0.5686332678747519,-0.4983882093785224,0.1990197976928139,0.3536138612419262,0.525174316884659,0.2042160574132396,0.3493309550065607
2021-01-01 18:30:00,0.0484592159001385,0.03374865571933091,0.361781948918464,0.0288412636125439,-0.2412962218681258,-0.5008571925540753,0.202356589543384,0.3569353224789081,0.5232755298625307,0.2042160574132396,0.3493309550065607
2021-01-01 18:40:00,0.0485034863346898,0.03377396654661159,0.36194539334713904,0.0288895707957458,-0.1685284696042899,-0.4993018691546722,0.2131683910003882,0.3744298800309142,0.523189651932759,0.2042160574132396,0.3493309550065607
2021-01-01 18:50:00,0.0486405903257111,0.033789740874392786,0.3643011422249745,0.029250539728164,0.5530170095653375,-0.4869706206030333,0.2226806372538713,0.3975293381154794,0.5245691277661124,0.2042160574132396,0.3493309550065607
2021-01-01 19:00:00,0.0486353161508669,0.03385140923978934,0.36236930638978754,0.0292637604956348,-0.1373395026288193,-0.4863667837279879,0.2170213170269926,0.3850648535813436,0.5247312088745928,0.2042160574132396,0.3493309550065607
2021-01-01 19:10:00,0.0487566139268183,0.03390399695234099,0.36330794690008283,0.0293427882526747,0.2692375634307353,-0.4833890764596019,0.2080890728049375,0.3653899995750759,0.5267782480217199,0.2042160574132396,0.3493309550065607
2021-01-01 19:20:00,0.0488493564614824,0.03394592773574205,0.36397230669833763,0.0293046061026384,-0.1999593736352167,-0.48048578638546147,0.1968751476630154,0.3377740398796047,0.5236006013310335,0.2042160574132396,0.3493309550065607
2021-01-01 19:30:00,0.0488402077815946,0.03398223102600427,0.3627161324437259,0.0293035424876544,0.1040507680022173,-0.47851126995719556,0.1992373961533796,0.3400992195810859,0.5235018991737608,0.2042160574132396,0.3493309550065607
2021-01-01 19:40:00,0.0490289966996619,0.03402462423393798,0.365327387811025,0.0292924286411042,0.0316819982238314,-0.4768336198048456,0.1965792191606292,0.3321262475350833,0.5242994398849878,0.2042160574132396,0.3493309550065607
2021-01-01 19:50:00,0.0491379881541996,0.034047809093134346,0.3668667384405438,0.0293598881118688,-0.1989175062544035,-0.4720518042270355,0.2075662604317592,0.3525247569610018,0.5254072577374356,0.2042160574132396,0.3493309550065607
2021-01-01 20:00:00,0.050097671753796,0.03406402515859762,0.38573268831148566,0.0294753700671614,0.3074604575594719,-0.46626065575786596,0.2091730083859933,0.3621496565512971,0.5230874630971685,0.2042160574132396,0.3493309550065607
2021-01-01 20:10:00,0.0505658741325382,0.034109682727998074,0.3936956295582259,0.0295595148055978,0.2628850232461843,-0.46159518383534576,0.210307702886757,0.3669779713137176,0.521190000332795,0.2042160574132396,0.3493309550065607
2021-01-01 20:20:00,0.051010878531222,0.03414455703225015,0.40143572531963095,0.0295588945343176,0.0387744340685003,-0.46021056108414404,0.2091763805755259,0.3605202957570749,0.5214558861684944,0.2042160574132396,0.3493309550065607
2021-01-01 20:30:00,0.0518482198239385,0.034178465450036694,0.41672482035048874,0.0295425401383118,-0.0699280741439878,-0.4594410928220174,0.2171309122727548,0.3834361860104625,0.5213702672148417,0.2042160574132396,0.3493309550065607
2021-01-01 20:40:00,0.0524299541451374,0.03420826509317501,0.42701078772968365,0.0294665232107151,0.0681146008242095,-0.4608368806795563,0.2147417391452927,0.3776662034267819,0.5202282663439117,0.2042160574132396,0.3493309550065607
2021-01-01 20:50:00,0.0591620712643145,0.03422131634607315,0.5474319135787818,0.0294248329820699,-0.0386039872308785,-0.46115546526357787,0.2005355812679992,0.3454407845647003,0.521507135165161,0.2042160574132396,0.3493309550065607
2021-01-01 21:00:00,0.0626144684965967,0.03423815315762861,0.6036557658787809,0.0283679732333985,0.0847517844924539,-0.496646825412395,0.1942842017439994,0.3336502209936229,0.521723946737789,0.2042160574132396,0.3493309550065607
2021-01-01 21:10:00,0.0638356674611395,0.034164124742203726,0.6251359759013848,0.0279796335866743,-0.0646950162414228,-0.5103544919417948,0.2037391864771685,0.3509438260336325,0.5229344549562835,0.2042160574132396,0.3493309550065607
2021-01-01 21:20:00,0.0644242901900233,0.03399033344553765,0.6394145650937844,0.0275695887152114,0.0920520749264852,-0.5265078658614707,0.2052795736291623,0.3505971021154392,0.5233717016175261,0.2042160574132396,0.3493309550065607
2021-01-01 21:30:00,0.0644465366397363,0.033875444468650866,0.6431455908170528,0.0275200001073881,0.0581772556333959,-0.528584587499249,0.2156255967627781,0.3697535482232813,0.5256647121128248,0.2042160574132396,0.3493309550065607
2021-01-01 21:40:00,0.0645187628918573,0.033769914931227815,0.6473857637165449,0.027584099211248,-0.2632294966751658,-0.5266618349570205,0.2046797490056009,0.3565968121488643,0.5247571960703437,0.2042160574132396,0.3493309550065607
2021-01-01 21:50:00,0.0645206018348472,0.033681456127745396,0.6500371584576915,0.0275744841087606,-0.0316286694078016,-0.5273955323540438,0.2075944838018187,0.3632531020725403,0.5237922571699274,0.2042160574132396,0.3493309550065607
2021-01-01 22:00:00,0.0645846336201352,0.03360418861821227,0.6533257923798247,0.0275562017399574,0.1017038129649705,-0.5281472477494484,0.2115510646469522,0.3705040956876914,0.521869194016565,0.2042160574132396,0.3493309550065607
2021-01-01 22:10:00,0.0649712836278365,0.03353615194911432,0.6613213623228397,0.0276489212711089,0.2353475744380162,-0.5245981709061703,0.2187913649174335,0.3919120712090781,0.5216371391497038,0.2042160574132396,0.3493309550065607
2021-01-01 22:20:00,0.065978625323145,0.03348785108728964,0.6781481118872722,0.0275024112562988,0.0276636228200288,-0.5295437026608468,0.213073626797805,0.3792700287528065,0.5216923742565556,0.2042160574132396,0.3493309550065607
2021-01-01 22:30:00,0.0659858238574206,0.03343160989891792,0.6799380723328439,0.0275009165705259,0.0464644917739676,-0.5296582993668175,0.2014965228826753,0.3494224725898393,0.5229682748539343,0.2042160574132396,0.3493309550065607
2021-01-01 22:40:00,0.0659864848334672,0.03337779625663657,0.6815590496254136,0.0274210690205963,-0.0356060499907329,-0.5322608848715962,0.2010135887028766,0.3401964044617615,0.5220685356440028,0.2042160574132396,0.3493309550065607
2021-01-01 22:50:00,0.0660716343647852,0.03332276000110954,0.6844988755678609,0.02741316570395,-0.056934568624456,-0.5325549553621877,0.2088721966931956,0.3604632128088441,0.5227494826472303,0.2042160574132396,0.3493309550065607
2021-01-01 23:00:00,0.0665055215606354,0.033280565790880574,0.6923113584655298,0.0274165800754894,0.0598709258140317,-0.532407119248829,0.201347563379117,0.3395179140371014,0.5229248678191143,0.2042160574132396,0.3493309550065607
2021-01-01 23:10:00,0.0665506017857648,0.03324103566027368,0.6941774608614565,0.0273642722700025,0.0667617830670153,-0.5339401376555994,0.2130021293847541,0.3607101780561083,0.5229851492845826,0.2042160574132396,0.3493309550065607
2021-01-01 23:20:00,0.066548140101798,0.03320252428436774,0.6952996913758531,0.0273434951675737,-0.064508358117088,-0.534484435548707,0.2067758963096191,0.356273000234732,0.5210324662157881,0.2042160574132396,0.3493309550065607
2021-01-01 23:30:00,0.0666038283770313,0.03318415454163857,0.6966895698835633,0.0272518916256565,0.1748269786565615,-0.5373470686255619,0.203991482746174,0.347959093033247,0.5201095674980117,0.2042160574132396,0.3493309550065607
2021-01-01 23:40:00,0.06670002503736,0.033146349957509466,0.6992727245870148,0.0273035789965687,-0.1864360744644244,-0.5355311377776188,0.2118640884456482,0.3718090467638577,0.5215270942117914,0.2042160574132396,0.3493309550065607
2021-01-01 23:50:00,0.0669000453886498,0.03311915263397679,0.7030879011222654,0.027343232622545,0.1756312496395295,-0.5340566423054443,0.2231129851790197,0.4038292552437551,0.5228359833244646,0.2042160574132396,0.3493309550065607
2021-01-02 00:00:00,0.0668994211831424,0.03308656562389922,0.7040629875210149,0.0273402516296839,-0.0687419299632452,-0.5339909893227,0.2225316382636552,0.4015299309571852,0.5222010212438184,0.2012441763897018,0.3469353120495957
2021-01-02 00:10:00,0.0668532689404883,0.03307048810106005,0.7038589154680566,0.0275956554536328,-0.3919394374580776,-0.5243954854694871,0.2085720109908022,0.364860702840047,0.5242762488827901,0.2012441763897018,0.3469353120495957
2021-01-02 00:20:00,0.0667429962153892,0.03306367036109245,0.7024142587259867,0.0280920328543269,-0.5268918330003203,-0.5041830819194885,0.197091016966783,0.334712392128521,0.5239225503319738,0.2012441763897018,0.3469353120495957
2021-01-02 00:30:00,0.0669286288750077,0.0331134718328732,0.7036866073537035,0.0281952209486543,0.3177172145965912,-0.4978468141455218,0.2061614295247877,0.3535869702876638,0.5250570763520483,0.2012441763897018,0.3469353120495957
2021-01-02 00:40:00,0.0669258705304783,0.0331707798746788,0.7019162327457027,0.0281611469868247,0.0614402877896935,-0.4966189194463962,0.2048540826696639,0.3484966630050884,0.5233927323915215,0.2012441763897018,0.3469353120495957
2021-01-02 00:50:00,0.0669127425165726,0.033202968567755634,0.7007501334799835,0.0281708830438128,0.194192447848529,-0.4943246297527382,0.2105882388045303,0.3598904242540004,0.5236584600169342,0.2012441763897018,0.3469353120495957
2021-01-02 01:00:00,0.0669392201956376,0.0332335179152469,0.7002261040080091,0.0278497348979905,-0.0736514348327332,-0.5039977186387556,0.1984073954916695,0.3448117880040905,0.5228842918161581,0.2012441763897018,0.3469353120495957
2021-01-02 01:10:00,0.0670666715763322,0.033174173608795404,0.7039155529141274,0.0272495535977792,0.1767612973562649,-0.5254957389049718,0.1974078101961058,0.3386565026500495,0.5223240516890006,0.2012441763897018,0.3469353120495957
2021-01-02 01:20:00,0.0671317548672856,0.03312684805198798,0.7063131059371808,0.0269429797105376,-0.067895503736004,-0.5194488608441213,0.2113344745110802,0.3625899547050747,0.522291597922116,0.2012441763897018,0.3469353120495957
2021-01-02 01:30:00,0.06713638036038,0.03300867658949242,0.7099556244166573,0.0270696941330129,0.2619897984107666,-0.5014892774633091,0.22253744114854,0.3989073383418167,0.5227973756349278,0.2012441763897018,0.3469353120495957
2021-01-02 01:40:00,0.0670928220211439,0.03292919676849444,0.711717359904571,0.0271871377321883,0.2579694924586206,-0.4806053718809154,0.2120563845836067,0.3736166798334721,0.5219637366455111,0.2012441763897018,0.3469353120495957
2021-01-02 01:50:00,0.0672841430352334,0.03289653862696754,0.7155571494407498,0.0271764271361645,0.0049694903932362,-0.4689149155605563,0.1998884344431963,0.3416613845988441,0.5222458339602333,0.2012441763897018,0.3469353120495957
2021-01-02 02:00:00,0.0673611543532501,0.03286701687979933,0.7175988784047261,0.0271836835600406,0.1360544427560839,-0.4553642700912362,0.1924832809718601,0.3206783456932405,0.5217383615904256,0.2012441763897018,0.3469353120495957
2021-01-02 02:10:00,0.0673596171538908,0.03283049194447733,0.7186879703324979,0.0271596127274598,-0.1111426379029723,-0.4446704588019,0.1970447426550331,0.3303659369639257,0.5232995504826703,0.2012441763897018,0.3469353120495957
2021-01-02 02:20:00,0.0673634615412634,0.03280119557283111,0.7196377921734406,0.027185244998535,0.1566455400503486,-0.43426323907834175,0.1998862991598586,0.3417517658952397,0.5247912285759468,0.2012441763897018,0.3469353120495957
2021-01-02 02:30:00,0.067413014243634,0.03278044830004196,0.7210058397015985,0.0270879823691116,0.0064890181882049,-0.4293780882898279,0.2129088784303279,0.3697922427706163,0.5255953212816278,0.2012441763897018,0.3469353120495957
2021-01-02 02:40:00,0.0674483646814914,0.03275182669086089,0.7224036001138274,0.0269334825985851,-0.1607866343732666,-0.427573667040247,0.2078770529142631,0.3662734011649729,0.5238890997177219,0.2012441763897018,0.3469353120495957
2021-01-02 02:50:00,0.0674478364196745,0.0327156102858711,0.7235021625698115,0.0266118003410177,-0.1395760133416246,-0.4355635965442224,0.2097718942270526,0.3625085952114399,0.5236831793031486,0.2012441763897018,0.3469353120495957
2021-01-02 03:00:00,0.0674470757380115,0.032654436452764626,0.7253625016033525,0.0265571120278925,0.1241263428244821,-0.4326674010606631,0.2134345689145352,0.3675253008473756,0.5246652054681935,0.2012441763897018,0.3469353120495957
2021-01-02 03:10:00,0.0675018607657229,0.032587005088223486,0.7282415724199665,0.0265399735266725,-0.0672713166663285,-0.4290383036084901,0.225570453317352,0.4044277087553797,0.5253995279748345,0.2012441763897018,0.3469353120495957
2021-01-02 03:20:00,0.0675035047455735,0.03253667205191993,0.7298116946551024,0.0265532005622323,-0.1094806864715636,-0.4247437324726475,0.2201071719840288,0.3950194376635844,0.5225671539889742,0.2012441763897018,0.3469353120495957
2021-01-02 03:30:00,0.0675087503712936,0.032494563733895906,0.7311844189885811,0.0265628802011459,-0.1056757667310392,-0.42001331287107385,0.2031723797359584,0.3559383477712189,0.5225851209979437,0.2012441763897018,0.3469353120495957
2021-01-02 03:40:00,0.0675587284578484,0.03244810671863375,0.7333551739548566,0.026575462982492,0.1400355535746911,-0.4159934556867868,0.192548363427109,0.3273614432440556,0.5224499274263692,0.2012441763897018,0.3469353120495957
2021-01-02 03:50:00,0.0676623999699929,0.03239720188829496,0.7364585761584649,0.0265869244046021,0.0783901878326887,-0.41441621074773893,0.2010099282908912,0.3396604452370967,0.5229376937988753,0.2012441763897018,0.3469353120495957
2021-01-02 04:00:00,0.0676695719130134,0.03237722403851976,0.7371814102963633,0.0266734116898687,-0.2401682740680755,-0.4068813402354503,0.2105473289563359,0.3522808324281936,0.5224274470384552,0.2012441763897018,0.3469353120495957
2021-01-02 04:10:00,0.0677545587996629,0.03237102285530135,0.7386280797467517,0.0266159785896641,0.0181930542971997,-0.40500286869284985,0.2223895085621018,0.380782073075166,0.5233369470026548,0.2012441763897018,0.3469353120495957
2021-01-02 04:20:00,0.0677565806612915,0.032338042317200826,0.7396772686675215,0.0266029280015079,0.0588231698355201,-0.4024903729078056,0.2056297250546944,0.3533593361753455,0.5214819411190732,0.2012441763897018,0.3469353120495957
2021-01-02 04:30:00,0.0677865880419383,0.03231668764530752,0.7407806167085995,0.0262503475405534,0.1281378650862308,-0.4117882936135042,0.2045265565260399,0.346786554450042,0.5195697299497105,0.2012441763897018,0.3469353120495957
2021-01-02 04:40:00,0.0680356878303655,0.03227178446274999,0.7458390861204693,0.0262568055158386,0.0634456742599098,-0.4080971452824957,0.2100856320630387,0.3579664276745514,0.5194899291240269,0.2012441763897018,0.3469353120495957
2021-01-02 04:50:00,0.0690300386571513,0.03223495608779539,0.761490296211014,0.0262492420630761,-0.0340165880965415,-0.40569807244072553,0.2145834985167105,0.3774489216024775,0.5201748062855565,0.2012441763897018,0.3469353120495957
2021-01-02 05:00:00,0.0714092703497774,0.03220079802030257,0.7964364622666097,0.0260744419248318,0.2295151511322757,-0.40931612316377636,0.2154802309513566,0.3864142074036992,0.5206071124062641,0.2012441763897018,0.3469353120495957
2021-01-02 05:10:00,0.0714359288212771,0.03215376964864637,0.7982712518481915,0.0259944732640698,0.0781196969285247,-0.409819270420439,0.2043633793416324,0.3591955214870334,0.5212695499317497,0.2012441763897018,0.3469353120495957
2021-01-02 05:20:00,0.0714742989416629,0.03210714565044328,0.8002593184232817,0.0260785447071522,0.2095008004836529,-0.40499127999968665,0.1996399915979491,0.340715129801597,0.5206312053557526,0.2012441763897018,0.3469353120495957
2021-01-02 05:30:00,0.0714709461951136,0.03206190742205019,0.801622379400344,0.0260711911326854,0.0833119739377608,-0.40316276072416807,0.2058206547193417,0.3475301822598631,0.5225052113165847,0.2012441763897018,0.3469353120495957
2021-01-02 05:40:00,0.0715224425234623,0.03203296049685008,0.8032458936722348,0.0260776145439185,-0.0581417316709576,-0.4010464624047929,0.2042535644137221,0.3402808067480373,0.5238545573214657,0.2012441763897018,0.3469353120495957
2021-01-02 05:50:00,0.0715200318185589,0.03201490915272065,0.8037758704361179,0.0263197205218019,0.3582339652639987,-0.38953028826852115,0.2151311014931468,0.3679559618956533,0.5255758441842749,0.2012441763897018,0.3469353120495957
2021-01-02 06:00:00,0.0718489641071856,0.03200720100024019,0.8086052862430786,0.0263815781625876,-0.1987213839166557,-0.38470086562623146,0.2043434128034254,0.3554342915132695,0.5219026614138255,0.2012441763897018,0.3469353120495957
2021-01-02 06:10:00,0.0718522127756215,0.03201912001160872,0.8082781844760655,0.0264028318840194,0.1887980634979413,-0.38146653301408284,0.2011682695941373,0.34590314316505,0.5198579321026184,0.2012441763897018,0.3469353120495957
2021-01-02 06:20:00,0.071853932764849,0.03201679845519993,0.8083746300081783,0.026372011658941,0.21118107185778,-0.3810654700812402,0.2041798503654817,0.3499912084631504,0.5209548634715377,0.2012441763897018,0.3469353120495957
2021-01-02 06:30:00,0.0719252060668246,0.032022286281398166,0.8091946677698963,0.026423209306385,-0.2676006962410326,-0.37717320394666337,0.2133177584916854,0.3761574241029273,0.5213635250071624,0.2012441763897018,0.3469353120495957
2021-01-02 06:40:00,0.0719719468503835,0.03203060572439718,0.8095845414132422,0.0266786971100267,0.369003237973331,-0.3652745684655095,0.2195534522926145,0.3861683008924866,0.5204584143016578,0.2012441763897018,0.3469353120495957
2021-01-02 06:50:00,0.0720353726935447,0.03205243461231676,0.8097841423598089,0.0266815003801416,0.0490147523358075,-0.363224516667143,0.2090186275976915,0.3660561278702569,0.5213701313732977,0.2012441763897018,0.3469353120495957
2021-01-02 07:00:00,0.0720384588659912,0.03206989839587372,0.8092822818232465,0.0261717722380586,0.0235736948923204,-0.3805017922671302,0.1942843907576249,0.3266597920057179,0.5207489484289733,0.2012441763897018,0.3469353120495957
2021-01-02 07:10:00,0.0721849678813388,0.03204136989825429,0.8122039459706804,0.0261656550402681,-0.0423424637162384,-0.3796639622738228,0.2021056243566079,0.3389520879126138,0.5207722809840797,0.2012441763897018,0.3469353120495957
2021-01-02 07:20:00,0.0730256803418614,0.03201874148337401,0.8244897620746982,0.0261652926952563,0.0403585865846878,-0.37742651041399217,0.2041678193222189,0.3394571706051417,0.5206737247478854,0.2012441763897018,0.3469353120495957
2021-01-02 07:30:00,0.0730297129960414,0.032000194615119645,0.825124401174544,0.0261464614766654,-0.1370163298084037,-0.3747260759090852,0.2122763266346018,0.3575678681319863,0.5220579186059331,0.2012441763897018,0.3469353120495957
2021-01-02 07:40:00,0.0730986794213925,0.03197192068741886,0.826952262149792,0.0262712007206069,0.2602110191856965,-0.3677544843777986,0.2070394850362251,0.3630467988560469,0.5219281754489895,0.2012441763897018,0.3469353120495957
2021-01-02 07:50:00,0.0734662360742812,0.03196366197487072,0.8322262332616666,0.0262441229529096,0.0040971604668982,-0.3666376829393372,0.2092148090068831,0.3656768861138603,0.5208613356967333,0.2012441763897018,0.3469353120495957
2021-01-02 08:00:00,0.0735831313954966,0.031955421357992744,0.8340739574747634,0.0263136170640747,0.2327250260600877,-0.36204824933878693,0.2174647905039854,0.3812617585387603,0.5215162553872715,0.2012441763897018,0.3469353120495957
2021-01-02 08:10:00,0.0735780954100017,0.03194339817210563,0.8343818352346706,0.0260948359195794,-0.1655488226418811,-0.3688015189767986,0.2255359709141776,0.4040437150011724,0.5231234717009241,0.2012441763897018,0.3469353120495957
2021-01-02 08:20:00,0.0737728381399588,0.031922937043081495,0.83766583599995,0.0259163541319427,-0.1346664053718527,-0.37417530220210465,0.2214396930741342,0.3935932933898515,0.523747640550417,0.2012441763897018,0.3469353120495957
2021-01-02 08:30:00,0.0738451829299657,0.03187222152265892,0.8402359473278669,0.025893442004756,0.1314445893815019,-0.3745593224736086,0.2133060535239293,0.3745135457966062,0.5250545363540118,0.2012441763897018,0.3469353120495957
2021-01-02 08:40:00,0.0738296363009878,0.0318398858072194,0.841040452377477,0.0258258887512623,0.1542956339578793,-0.3756528603924938,0.2050236627034528,0.3498187334686566,0.5226292895344298,0.2012441763897018,0.3469353120495957
2021-01-02 08:50:00,0.0739377505819723,0.031798101581243264,0.8438169415371009,0.0258403024037769,0.0924766266017229,-0.3738742502765937,0.2084618925324911,0.3532049889408312,0.5231609550135639,0.2012441763897018,0.3469353120495957
2021-01-02 09:00:00,0.0739483881572719,0.03177166793221269,0.844792445403124,0.0257303397530794,-0.1674987546076423,-0.37725926008036176,0.2056007513182779,0.3440719501841816,0.5245757764116226,0.2012441763897018,0.3469353120495957
2021-01-02 09:10:00,0.0740067967374596,0.031736972229296355,0.846674619143672,0.02571565065997,0.0163299823700668,-0.37720646400478625,0.2149131610444578,0.3632979124928809,0.5264531954510794,0.2012441763897018,0.3469353120495957
2021-01-02 09:20:00,0.0740846733332683,0.03170248626469728,0.8488135644297924,0.0258399188933594,-0.335382909470816,-0.3717322625694008,0.2138677989192303,0.3685914933601929,0.5251666077732973,0.2012441763897018,0.3469353120495957
2021-01-02 09:30:00,0.0740980931107006,0.031684836107797903,0.8495515877587619,0.0256764431462241,0.0974797413325845,-0.37688498244361435,0.2143162512830763,0.3713127526082022,0.5236695327931795,0.2012441763897018,0.3469353120495957
2021-01-02 09:40:00,0.0742388711673171,0.031648971077658614,0.852582244513662,0.0256942835856195,-0.113494469533748,-0.3749459234735322,0.2141150955010275,0.3660046509549262,0.5235796181342758,0.2012441763897018,0.3469353120495957
2021-01-02 09:50:00,0.0742082210406303,0.031624566640988006,0.8529406958297371,0.0257878953831466,-0.2633320008364137,-0.37002202547677504,0.2228087825367147,0.389014328523544,0.5231797685908133,0.2012441763897018,0.3469353120495957
2021-01-02 10:00:00,0.0741998908152309,0.03161679273321304,0.8530742836298031,0.0257879232155453,0.1142653234026624,-0.36811010089519747,0.2229687009640832,0.3874951739908722,0.5224399861136478,0.2012441763897018,0.3469353120495957
2021-01-02 10:10:00,0.0746957818331533,0.031603209397201786,0.8601649438091162,0.0261406936158234,0.4680029230854643,-0.35284881807823487,0.2081931314450806,0.3537707904367936,0.5234713140525801,0.2012441763897018,0.3469353120495957
2021-01-02 10:20:00,0.0747877197507292,0.031619198448165985,0.8608892151071845,0.0260640413824038,-0.0287143102555731,-0.35402216875247167,0.2029703370643351,0.344443621335338,0.523727743260328,0.2012441763897018,0.3469353120495957
2021-01-02 10:30:00,0.0748985240197289,0.03162559239467329,0.8621675055977555,0.0260385753411128,-0.1162832985219353,-0.3536527260211253,0.2119412656603162,0.3614491851238264,0.5253271714684491,0.2012441763897018,0.3469353120495957
2021-01-02 10:40:00,0.0750765776559862,0.03162661132130889,0.8645097314261851,0.0260376523903099,-0.0110176699353203,-0.3527182339883237,0.2150129898109395,0.3626514677690999,0.5251724898496861,0.2012441763897018,0.3469353120495957
2021-01-02 10:50:00,0.0751929286823944,0.03163266381103675,0.8658669414201889,0.0260798936955537,-0.2033392784984045,-0.35004602302822363,0.2248730031068841,0.3805325520682745,0.5268775041918182,0.2012441763897018,0.3469353120495957
2021-01-02 11:00:00,0.0754343911200113,0.031630116924108734,0.8691535527435057,0.026078720521955,0.2507267949075853,-0.34911043470056796,0.2139813838374628,0.3659503021809363,0.5261056784296134,0.2012441763897018,0.3469353120495957
2021-01-02 11:10:00,0.0754867106545941,0.03164063465377867,0.8695144216540788,0.0260939338035982,-0.0900924566689553,-0.3475609818433305,0.215382741908188,0.3701218140853248,0.5248666314147492,0.2012441763897018,0.3469353120495957
2021-01-02 11:20:00,0.0754995721514795,0.03163999081462334,0.869705136780687,0.0260885368751881,-0.2224207763138252,-0.34703181764432667,0.2189203602271487,0.3775492964341778,0.5235274974292858,0.2012441763897018,0.3469353120495957
2021-01-02 11:30:00,0.0756077194119389,0.031640619218187054,0.8711166731491774,0.0259608301528134,0.1084629109016077,-0.3511927429209136,0.2237550960331651,0.3975713914239172,0.5233728853943789,0.2012441763897018,0.3469353120495957
2021-01-02 11:40:00,0.0759088900716203,0.031633158321197404,0.8753279218761685,0.0260278981656906,0.1945141718378451,-0.34822176761797696,0.2190668001081134,0.3866988819850537,0.5235209515907224,0.2012441763897018,0.3469353120495957
2021-01-02 11:50:00,0.0759627797828424,0.031632432777890275,0.8760605326425425,0.0259995235425463,-0.0150112055404605,-0.3484776335497944,0.2070166660921628,0.3568151639731624,0.5239640243355738,0.2012441763897018,0.3469353120495957
2021-01-02 12:00:00,0.0760392585777483,0.031627211146690364,0.8772319048630857,0.0260000944136485,0.3085692552126318,-0.3472791574802731,0.2072897291121985,0.3474269762432231,0.5228390880923587,0.2012441763897018,0.3469353120495957
2021-01-02 12:10:00,0.0760375247675677,0.03161997280261965,0.877437993726348,0.0258607823501388,0.2630500356968213,-0.351126322350078,0.2175048958395369,0.370193091179436,0.5236149346124566,0.2012441763897018,0.3469353120495957
2021-01-02 12:20:00,0.0749357183030092,0.03160431034159056,0.8633371422263785,0.0286484068043472,1.2963339565805754,-0.24805467252364902,0.2102791583999919,0.3492237119940641,0.5229932798939626,0.2012441763897018,0.3469353120495957
2021-01-02 12:30:00,0.0746035263610855,0.031814770182109764,0.8522571232600201,0.0295551928968143,0.8133445076266455,-0.2169730556690563,0.2201133344273764,0.3682593995318335,0.5223860098482878,0.2012441763897018,0.3469353120495957
2021-01-02 12:40:00,0.0744136547998592,0.03207250201308322,0.841640429347233,0.0298454099041517,0.5748747079916683,-0.20767342959380372,0.2119715757480661,0.3625199904880644,0.5211932098467497,0.2012441763897018,0.3469353120495957
2021-01-02 12:50:00,0.0743436126806077,0.03234206215907474,0.8323291433299222,0.0291382846445569,-0.3285516705314961,-0.23226937492621136,0.2084535228942083,0.3548254499169215,0.5203371983606608,0.2012441763897018,0.3469353120495957
2021-01-02 13:00:00,0.0744375413141389,0.032484467977584766,0.8291983354141074,0.0291567434919677,0.3271862968627914,-0.2333463637555132,0.2181720910298927,0.3811158254991851,0.5216039831898632,0.2012441763897018,0.3469353120495957
2021-01-02 13:10:00,0.0743185535842308,0.03261752402511307,0.8235109415883937,0.0294504136114901,0.4218575096084365,-0.22369413012866718,0.2306485610357289,0.4143906241687376,0.5219560789486763,0.2012441763897018,0.3469353120495957
2021-01-02 13:20:00,0.0743826933548125,0.03275686664273568,0.8201106899965693,0.0294038281620758,0.0232082210580131,-0.22050935110851197,0.2327695288154143,0.414046992838975,0.5214048861511329,0.2012441763897018,0.3469353120495957
2021-01-02 13:30:00,0.0740416314606973,0.032874188050416746,0.8119397302112366,0.0308855850242828,0.9462237794105376,-0.16761711693964498,0.2197156625686503,0.3783197983230492,0.523343112538508,0.2012441763897018,0.3469353120495957
2021-01-02 13:40:00,0.0739700270344809,0.03311976042130113,0.8035298752441705,0.031047074309404,0.3534447868577928,-0.15875435947730854,0.2080552195915657,0.3466817199733613,0.5235664155627145,0.2012441763897018,0.3469353120495957
2021-01-02 13:50:00,0.0733856409703339,0.03333435251120957,0.789139817186971,0.032613730341009,0.999745923991746,-0.10588666912286382,0.2162948284984182,0.3664903499523938,0.5253937656093969,0.2012441763897018,0.3469353120495957
2021-01-02 14:00:00,0.0731360002538689,0.03365150703936024,0.7762628842561908,0.0334496685367729,-0.744529102540703,-0.07671620697080259,0.2138956354537463,0.3603675042890328,0.5240793643591941,0.2012441763897018,0.3469353120495957
2021-01-02 14:10:00,0.0730612270082221,0.03401889950289621,0.7643815778430343,0.0336059893501706,-0.3309595108692775,-0.06860186899206008,0.2181930695353668,0.3698501133039334,0.5238925020358591,0.2012441763897018,0.3469353120495957
2021-01-02 14:20:00,0.0729644611088718,0.03433320047085114,0.7538596587081358,0.0338537557095554,-0.410582676874327,-0.05759815437592613,0.2076952911108648,0.3565364392981982,0.5233239880121555,0.2012441763897018,0.3469353120495957
2021-01-02 14:30:00,0.0728545437208217,0.034649567772183705,0.7431796501557589,0.0341099128426407,0.4343023804189272,-0.04647689583652837,0.2074269258925461,0.3513636967978827,0.5216612474338106,0.2012441763897018,0.3469353120495957
2021-01-02 14:40:00,0.0730429509765296,0.03493773324031806,0.7374802108449718,0.0341349512053852,0.1452642768041911,-0.04084688678632827,0.22310353995394,0.3785747283988576,0.5219505917508216,0.2012441763897018,0.3469353120495957
2021-01-02 14:50:00,0.073128629134848,0.03521977069333582,0.7306123411627805,0.0341077782839983,0.012159663093314,-0.03627823321506385,0.2337205999603391,0.4133425904681377,0.5224743963402702,0.2012441763897018,0.3469353120495957
2021-01-02 15:00:00,0.0736891281334321,0.03543059111787191,0.7322796703195871,0.0341346971485319,0.135571014312319,-0.030893653782198358,0.2240125115963779,0.3897021678767099,0.5217837281749351,0.2012441763897018,0.3469353120495957
2021-01-02 15:10:00,0.0737753065435866,0.035633396917638865,0.7277407621685608,0.0341448889834652,-0.1318053292763465,-0.025890677897308662,0.2112919037050639,0.3581603948083628,0.5226089241809945,0.2012441763897018,0.3469353120495957
2021-01-02 15:20:00,0.074466598909078,0.03580255641366108,0.7323313890015923,0.034133563055282,0.2033596312420726,-0.020147628443233954,0.2030348793468629,0.3347156583415344,0.5219112394723607,0.2012441763897018,0.3469353120495957
2021-01-02 15:30:00,0.0749270678350692,0.03593680976992496,0.7347530995838422,0.0332624858952465,0.206951444744341,-0.04104356449276431,0.2068242490551038,0.343418401158375,0.523744887915182,0.2012441763897018,0.3469353120495957
2021-01-02 15:40:00,0.0742535674060248,0.035983123580370716,0.7244357832951875,0.0345230030226964,1.0310549641312503,-0.0022901548203036206,0.20947181012928,0.3533808665792758,0.5255733820724288,0.2012441763897018,0.3469353120495957
2021-01-02 15:50:00,0.0742332935617725,0.03613732113978377,0.7198865919359212,0.0346003997535981,-0.2334190031488603,0.0023728117524875335,0.2206955423033598,0.3776655915049652,0.5263123953823153,0.2012441763897018,0.3469353120495957
2021-01-02 16:00:00,0.0729618554764403,0.036300125761583174,0.6981155710919842,0.03780990246106,1.531268153042653,0.09322436525440966,0.2146997488279862,0.37306523510498,0.5255159946489744,0.2012441763897018,0.3469353120495957
2021-01-02 16:10:00,0.073468280963009,0.03683762729177133,0.690333957997802,0.0379256665656927,0.3227062236392797,0.09769845104290766,0.2142391205958128,0.366641783961493,0.525916835751675,0.2012441763897018,0.3469353120495957
2021-01-02 16:20:00,0.0734616311970541,0.037212633487444184,0.6801149318844212,0.0379436171821905,0.1200745088659971,0.09977569203750639,0.2188595141253529,0.3735695828317023,0.5278718774130913,0.2012441763897018,0.3469353120495957
2021-01-02 16:30:00,0.0703953254070824,0.03755222779789089,0.6283941552029119,0.0433671633781883,2.100425706439424,0.23486839454244543,0.2292204521881036,0.4087983034920783,0.5296312833599897,0.2012441763897018,0.3469353120495957
2021-01-02 16:40:00,0.068139268887476,0.03834579153329444,0.5749088991948381,0.0478713694436621,-2.02922858444321,0.3350714018536228,0.2243133677988874,0.3980582944153528,0.5275951306658146,0.2012441763897018,0.3469353120495957
2021-01-02 16:50:00,0.0690251186629292,0.039507559478621855,0.5579784441424356,0.048158337309188,0.5270529422645609,0.3427356795532147,0.2107736398356486,0.3632143490862352,0.5279908400654844,0.2012441763897018,0.3469353120495957
2021-01-02 17:00:00,0.0690259432148026,0.04062776085610016,0.5300308246760479,0.0482406168184414,0.290634282098523,0.3465559422456943,0.199102579374351,0.3323465303439599,0.5287330880760474,0.2012441763897018,0.3469353120495957
2021-01-02 17:10:00,0.0693767117814034,0.04172333335922408,0.5084907207963714,0.0482526838726854,0.116054337473237,0.34877925908034185,0.2047660954571681,0.3420484931266273,0.5303173463390964,0.2012441763897018,0.3469353120495957
2021-01-02 17:20:00,0.0697872741453058,0.042493914296588615,0.49609080165523994,0.048258573443731,-0.1008279273120749,0.35134908128126685,0.2121802175190836,0.3532109120927352,0.5313657407526953,0.2012441763897018,0.3469353120495957
2021-01-02 17:30:00,0.0699324359309049,0.0431562744741763,0.48270175724027514,0.0481057383373616,0.1740351453927147,0.3503160989628995,0.2211279573309067,0.3778899674893005,0.5319054560893792,0.2012441763897018,0.3469353120495957
2021-01-02 17:40:00,0.0703754662449535,0.043748793638766235,0.4753806731358274,0.0480784934717477,0.2524639161112674,0.3514514350465557,0.2054605922145405,0.3516550490796248,0.5308605368138237,0.2012441763897018,0.3469353120495957
2021-01-02 17:50:00,0.070730550971738,0.04423565489001848,0.4693464651872592,0.0482184738476329,0.3700592133684566,0.35538029306307745,0.2058640170774038,0.3472191448523634,0.5287178823764069,0.2012441763897018,0.3469353120495957
2021-01-02 18:00:00,0.0704068357580266,0.04467480775054123,0.45488059953909044,0.0484624460105676,-0.6898240589372051,0.3617262923028243,0.2143147067491999,0.3610444404034702,0.5291747684015657,0.2012441763897018,0.3469353120495957
2021-01-02 18:10:00,0.0706489798584339,0.04506805774097838,0.4495499281572967,0.0484838227432069,-0.1793638945100539,0.3625539370271191,0.2201259568128352,0.3825140451379114,0.5307090593569819,0.2012441763897018,0.3469353120495957
2021-01-02 18:20:00,0.0707812169496631,0.045424838383319205,0.4435346117846654,0.0485152878381618,0.594865241532716,0.3636731959204533,0.2198093754432363,0.3893862923613464,0.5320566423784171,0.2012441763897018,0.3469353120495957
2021-01-02 18:30:00,0.0708043193260068,0.04573992667894836,0.43694842067123985,0.0484592159001385,-0.0620353371333592,0.361781948918464,0.2111516489223049,0.367327708919042,0.5335886408548043,0.2012441763897018,0.3469353120495957
2021-01-02 18:40:00,0.070884068706212,0.04601007547475231,0.4321853028244542,0.0485034863346898,0.2670723772673966,0.36194539334713904,0.2035663681122504,0.3454685313564,0.533294969307287,0.2012441763897018,0.3469353120495957
2021-01-02 18:50:00,0.0705868201653222,0.04624418210107007,0.42290778022437325,0.0486405903257111,0.6625829902818126,0.3643011422249745,0.2072113538670557,0.3487115288242003,0.5353607818033757,0.2012441763897018,0.3469353120495957
2021-01-02 19:00:00,0.070589046086341,0.04642327384300258,0.41907405295578143,0.0486353161508669,0.1171820702728254,0.36236930638978754,0.2054607220820256,0.341538107186388,0.5365219773992786,0.2012441763897018,0.3469353120495957
2021-01-02 19:10:00,0.0706272185194271,0.046577664199220326,0.4162944844409898,0.0487566139268183,-0.4366040662917569,0.36330794690008283,0.2152353165734848,0.3660958544555582,0.537592407109017,0.2012441763897018,0.3469353120495957
2021-01-02 19:20:00,0.0709753268664888,0.04675338501512805,0.41744564786924304,0.0488493564614824,0.3612561446207252,0.36397230669833763,0.2049860937914091,0.3549153313430073,0.5345207842091619,0.2012441763897018,0.3469353120495957
2021-01-02 19:30:00,0.0710032430573577,0.046916656736059284,0.4143527861754955,0.0488402077815946,-0.0434655818491336,0.3627161324437259,0.2005957288086156,0.3423915262982697,0.5321525770738301,0.2012441763897018,0.3469353120495957
2021-01-02 19:40:00,0.0709406784035772,0.04706499324364381,0.4103145309157253,0.0490289966996619,0.4310103957825717,0.365327387811025,0.2032157936581399,0.3467874430399628,0.5331133913170969,0.2012441763897018,0.3469353120495957
2021-01-02 19:50:00,0.0708986816216961,0.04714147270944421,0.4080987002620557,0.0491379881541996,-0.3828339051892726,0.3668667384405438,0.211001177221119,0.3717356946454699,0.5343157235147293,0.2012441763897018,0.3469353120495957
2021-01-02 20:00:00,0.0710387068139409,0.04728257827343719,0.4070829912645181,0.050097671753796,-1.0231716796564427,0.38573268831148566,0.2153383182836911,0.3774329789589037,0.5338758173399738,0.2012441763897018,0.3469353120495957
2021-01-02 20:10:00,0.0711869376905912,0.04748897755734138,0.40481170949728057,0.0505658741325382,-0.7351310439732472,0.3936956295582259,0.2061921927178639,0.3591885597690501,0.5340849336535546,0.2012441763897018,0.3469353120495957
2021-01-02 20:20:00,0.0712916782486402,0.04771361248210158,0.40156287183795264,0.051010878531222,-0.673442257458845,0.40143572531963095,0.189391687369808,0.3153527352517801,0.5329475307914688,0.2012441763897018,0.3469353120495957
2021-01-02 20:30:00,0.0707482784655448,0.04797910033415038,0.38836269720046646,0.0518482198239385,-0.9306834259817264,0.41672482035048874,0.1951634197215734,0.3243486803877169,0.5328593123546475,0.2012441763897018,0.3469353120495957
2021-01-02 20:40:00,0.070468095444684,0.04826850186937508,0.37838084778781955,0.0524299541451374,-0.781832159957041,0.42701078772968365,0.1966234004275074,0.3255749002896199,0.5336160221140134,0.2012441763897018,0.3469353120495957
2021-01-02 20:50:00,0.0649729312306151,0.04863158608138745,0.28969750138298267,0.0591620712643145,-2.7411669256096616,0.5474319135787818,0.2023037814201396,0.3411471403255435,0.5345234162999959,0.2012441763897018,0.3469353120495957
2021-01-02 21:00:00,0.0616585788304659,0.04967788371613743,0.21605253529673368,0.0626144684965967,2.052167818003525,0.6036557658787809,0.1992284814314198,0.3505356526037729,0.5343085545679696,0.2012441763897018,0.3469353120495957
2021-01-02 21:10:00,0.0604188979820656,0.050923130205155216,0.17098469170192415,0.0638356674611395,1.2443444844999263,0.6251359759013848,0.2047336411577454,0.3573319238151645,0.5324495170552042,0.2012441763897018,0.3469353120495957
2021-01-02 21:20:00,0.0598838632930673,0.05210091363413242,0.13922458995323764,0.0644242901900233,-0.8737510213382649,0.6394145650937844,0.2194220988108968,0.3812553127467531,0.5321658066328364,0.2012441763897018,0.3469353120495957
2021-01-02 21:30:00,0.0598581993194464,0.05325156809835996,0.11695116842681141,0.0644465366397363,-0.1790356857123143,0.6431455908170528,0.2276149737577202,0.4031241293749655,0.5338787497818458,0.2012441763897018,0.3469353120495957
2021-01-02 21:40:00,0.0597683216048828,0.054166760762561224,0.09840833129135133,0.0645187628918573,0.4030342048860547,0.6473857637165449,0.2241976270264706,0.3967685528329092,0.534390950195373,0.2012441763897018,0.3469353120495957
2021-01-02 21:50:00,0.059808014765555,0.05509308992227679,0.08211537962036408,0.0645206018348472,-0.0580804018612823,0.6500371584576915,0.2177384156829271,0.3860565359608637,0.5357496118076612,0.2012441763897018,0.3469353120495957
2021-01-02 22:00:00,0.060427455337942,0.05580608322993501,0.07956067833271384,0.0645846336201352,-0.3049787742346765,0.6533257923798247,0.2027113884181218,0.3502010378482637,0.5334079732209986,0.2012441763897018,0.3469353120495957
2021-01-02 22:10:00,0.0607976871552007,0.05635296389242923,0.07591691102193376,0.0649712836278365,0.7458662378809322,0.6613213623228397,0.2020121219353424,0.3470600256653745,0.5331217880358728,0.2012441763897018,0.3469353120495957
2021-01-02 22:20:00,0.0597472768800658,0.05692470999035402,0.048394097199124075,0.065978625323145,1.1488595688156522,0.6781481118872722,0.1994608780496912,0.3382637757618453,0.5339923760133196,0.2012441763897018,0.3469353120495957
2021-01-02 22:30:00,0.0600592339723687,0.0575253936778889,0.04310482860651467,0.0659858238574206,0.1079743261231058,0.6799380723328439,0.2083749758056187,0.3546985099190697,0.5336660414168188,0.2012441763897018,0.3469353120495957
2021-01-02 22:40:00,0.0606296238240693,0.0580557675220387,0.04337955801889498,0.0659864848334672,0.0462611731848028,0.6815590496254136,0.2065794122369266,0.3562800064878469,0.5319503953548135,0.2012441763897018,0.3469353120495957
2021-01-02 22:50:00,0.060637729712458,0.058513722390280465,0.03565600435012722,0.0660716343647852,-0.3401299967206839,0.6844988755678609,0.2113795391883578,0.3659561983313844,0.529969456131801,0.2012441763897018,0.3469353120495957
2021-01-02 23:00:00,0.060160215346857,0.058804949132311664,0.02278523892450264,0.0665055215606354,-0.7608020977498242,0.6923113584655298,0.2121607662310159,0.3619701864002005,0.5297027098866613,0.2012441763897018,0.3469353120495957
2021-01-02 23:10:00,0.0602144404861142,0.059187005096895506,0.017210189437887907,0.0665506017857648,0.2538486470937684,0.6941774608614565,0.2168215060003157,0.377797767381519,0.529389027780686,0.2012441763897018,0.3469353120495957
2021-01-02 23:20:00,0.0606383275609511,0.05943741397133965,0.020003268229801047,0.066548140101798,-0.0297465607733471,0.6952996913758531,0.2130653008822088,0.3719874493714447,0.5290532082190533,0.2012441763897018,0.3469353120495957
2021-01-02 23:30:00,0.0606447360625912,0.0597383800965013,0.01505814305392831,0.0666038283770313,-0.3235962100385237,0.6966895698835633,0.1980177396720661,0.341218279083967,0.5300978503956115,0.2012441763897018,0.3469353120495957
2021-01-02 23:40:00,0.0606961338344749,0.05990093428786993,0.01318790056993303,0.06670002503736,0.4037230052100327,0.6992727245870148,0.1933712111792531,0.3333388621837148,0.5302180191486985,0.2012441763897018,0.3469353120495957
2021-01-02 23:50:00,0.0608437192340838,0.060048632849909536,0.013153815513473817,0.0669000453886498,0.5459612312604278,0.7030879011222654,0.2020615475154806,0.3479223013127249,0.5304400403960847,0.2012441763897018,0.3469353120495957
2021-01-03 00:00:00,0.0609197875048578,0.06037165748915235,0.009038291977731656,0.0668994211831424,0.0623720233427604,0.7040629875210149,0.2084909362554574,0.3547788079861455,0.530819545465576,0.210716547121554,0.3625083837247996
2021-01-03 00:10:00,0.0611321600499872,0.06063582235652245,0.008152232343679677,0.0668532689404883,-0.3031281190070345,0.7038589154680566,0.2162865371998792,0.3671076469646194,0.5322127624871484,0.210716547121554,0.3625083837247996
2021-01-03 00:20:00,0.0616870435144118,0.06086324349985377,0.0134444797047183,0.0667429962153892,0.3609636567086127,0.7024142587259867,0.2028185265806651,0.3495738696788558,0.5316353074131941,0.210716547121554,0.3625083837247996
2021-01-03 00:30:00,0.0616311040486492,0.06100084135128256,0.010279022234786963,0.0669286288750077,0.5908319737976342,0.7036866073537035,0.2066551925393249,0.358928819828532,0.5313476969224102,0.210716547121554,0.3625083837247996
2021-01-03 00:40:00,0.0617187154384223,0.06113789552141199,0.009455319330767218,0.0669258705304783,0.0090961916159315,0.7019162327457027,0.2064725252565326,0.3552271290062206,0.5297109927132738,0.210716547121554,0.3625083837247996
2021-01-03 00:50:00,0.0618152830202587,0.06129795685189629,0.008404119877902502,0.0669127425165726,0.1419167187805214,0.7007501334799835,0.2065180298373851,0.3640294673256484,0.5295250921864377,0.210716547121554,0.3625083837247996
2021-01-03 01:00:00,0.061794383294101,0.06145176398811279,0.005559933452769112,0.0669392201956376,-0.2021519897551726,0.7002261040080091,0.2002615591579355,0.3523351872659437,0.5302225965937393,0.210716547121554,0.3625083837247996
2021-01-03 01:10:00,0.0617381042551363,0.06157060343561342,0.0027167736275030435,0.0670666715763322,0.4494851671841715,0.7039155529141274,0.1915587350071405,0.331205638283003,0.5307790709854319,0.210716547121554,0.3625083837247996
2021-01-03 01:20:00,0.0617074570576285,0.06169061101113533,0.00027303582400389276,0.0671317548672856,0.303233493804278,0.7063131059371808,0.1904858783653921,0.3197348012840695,0.5302964636872929,0.210716547121554,0.3625083837247996
2021-01-03 01:30:00,0.062607857363618,0.061772946884927786,0.013425271269255214,0.06713638036038,0.2735858508664535,0.7099556244166573,0.1986763006548152,0.3393484778055147,0.5311525116480249,0.210716547121554,0.3625083837247996
2021-01-03 01:40:00,0.0629608622845904,0.061885390130890464,0.01722917166909793,0.0670928220211439,0.0898901980866284,0.711717359904571,0.1914820554558652,0.3184172194864174,0.5314420183760382,0.210716547121554,0.3625083837247996
2021-01-03 01:50:00,0.0628179910315805,0.0619363219963215,0.014134721163392528,0.0672841430352334,-0.507066137780221,0.7155571494407498,0.1990003013526406,0.3319610877499974,0.5308040085498785,0.210716547121554,0.3625083837247996
2021-01-03 02:00:00,0.062762448294969,0.06200728527690696,0.012105054931810666,0.0673611543532501,0.3495753560535775,0.7175988784047261,0.187351850684754,0.3173924276436629,0.5291521527761496,0.210716547121554,0.3625083837247996
2021-01-03 02:10:00,0.0631002198917195,0.062081478772423045,0.016276558331066324,0.0673596171538908,0.1013990094802963,0.7186879703324979,0.1879333984948236,0.3157227130408312,0.5283889367655819,0.210716547121554,0.3625083837247996
2021-01-03 02:20:00,0.0630782243702493,0.06216443840883001,0.014592506360234465,0.0673634615412634,0.1723864908948158,0.7196377921734406,0.1996260208649377,0.3447291047386606,0.5294325077496926,0.210716547121554,0.3625083837247996
2021-01-03 02:30:00,0.0630324747921574,0.06224357541802897,0.012594742589790927,0.067413014243634,0.2585101415192525,0.7210058397015985,0.2096329431425255,0.3729569230134492,0.5296648782350291,0.210716547121554,0.3625083837247996
2021-01-03 02:40:00,0.0632523218160556,0.062315246086299875,0.014925719147537812,0.0674483646814914,-0.2711575736425331,0.7224036001138274,0.2151298496617558,0.3830169215811402,0.5294763005767241,0.210716547121554,0.3625083837247996
2021-01-03 02:50:00,0.063419213059563,0.06235482051653808,0.016925877682546605,0.0674478364196745,-0.1369994831284415,0.7235021625698115,0.2075258741561641,0.3623987778900822,0.5311642728661896,0.210716547121554,0.3625083837247996
2021-01-03 03:00:00,0.0634283435039942,0.06240802731252419,0.01621691003444218,0.0674470757380115,-0.1199217583337741,0.7253625016033525,0.2004447240181187,0.3417147111653198,0.5311099095463929,0.210716547121554,0.3625083837247996
2021-01-03 03:10:00,0.0633710553932173,0.06245635879550271,0.014539164084264393,0.0675018607657229,-0.2801021997518305,0.7282415724199665,0.2108023473133975,0.3655400331502653,0.5319742393151593,0.210716547121554,0.3625083837247996
2021-01-03 03:20:00,0.0633973445901754,0.06248962766764381,0.014421391478108246,0.0675035047455735,0.1191867514304334,0.7298116946551024,0.2051227542583858,0.3490097544260273,0.5302250447906982,0.210716547121554,0.3625083837247996
2021-01-03 03:30:00,0.0633829583460568,0.0625344332516864,0.013477692445586074,0.0675087503712936,-0.1350910998324295,0.7311844189885811,0.2056238450002088,0.34877895044877,0.529500310706414,0.210716547121554,0.3625083837247996
2021-01-03 03:40:00,0.063315690561473,0.0625716136171456,0.011821455934116785,0.0675587284578484,0.2951509744885783,0.7333551739548566,0.1891897929445897,0.3256338952515677,0.5289015673167512,0.210716547121554,0.3625083837247996
2021-01-03 03:50:00,0.0634705139545267,0.06261722618227315,0.013535032001384749,0.0676623999699929,-0.3825321033957607,0.7364585761584649,0.1915871632448754,0.3260302430426608,0.5274707675160777,0.210716547121554,0.3625083837247996
2021-01-03 04:00:00,0.0634233101710941,0.06266472282873085,0.012032807193250387,0.0676695719130134,0.2595895448218144,0.7371814102963633,0.2057982090013984,0.3500021935605555,0.5269886078365513,0.210716547121554,0.3625083837247996
2021-01-03 04:10:00,0.0633691516299839,0.06270465396215089,0.010541504924567159,0.0677545587996629,-0.3397406947799553,0.7386280797467517,0.2130814015124094,0.3773994201778479,0.5271254119969766,0.210716547121554,0.3625083837247996
2021-01-03 04:20:00,0.0634373773555039,0.06275472561859886,0.010819352082715259,0.0677565806612915,0.0787401615484739,0.7396772686675215,0.2056777518597775,0.3597831457037934,0.5264394585991751,0.210716547121554,0.3625083837247996
2021-01-03 04:30:00,0.0633924424755115,0.0627928751445324,0.009503036556229931,0.0677865880419383,0.2389398816490029,0.7407806167085995,0.1989611973535332,0.3409986005255915,0.5261980645404009,0.210716547121554,0.3625083837247996
2021-01-03 04:40:00,0.0631242055441257,0.0628319808540246,0.004640108958076371,0.0680356878303655,0.5851139678876294,0.7458390861204693,0.1921481833476129,0.321380102685106,0.5254625808977054,0.210716547121554,0.3625083837247996
2021-01-03 04:50:00,0.0620371257948801,0.06289468042322895,-0.01372857918498644,0.0690300386571513,1.167934635514456,0.761490296211014,0.1945432075828674,0.3262267913198236,0.5265884976421649,0.210716547121554,0.3625083837247996
2021-01-03 05:00:00,0.0593247059027414,0.06308802664919327,-0.061505154630305856,0.0714092703497774,1.842295783363035,0.7964364622666097,0.1943769947820904,0.3297024719135692,0.5279942124531842,0.210716547121554,0.3625083837247996
2021-01-03 05:10:00,0.0593633936472105,0.06345633869856848,-0.06667432202571982,0.0714359288212771,0.2101976064514232,0.7982712518481915,0.2020911697096551,0.3432825405846409,0.5283979334103037,0.210716547121554,0.3625083837247996
2021-01-03 05:20:00,0.0592850491178501,0.06381230832140444,-0.07358894072865634,0.0714742989416629,0.3142060022334192,0.8002593184232817,0.1951925337169888,0.3355496627658307,0.5268494715964849,0.210716547121554,0.3625083837247996
2021-01-03 05:30:00,0.0596281639679612,0.06410957603755216,-0.07246573267741022,0.0714709461951136,-0.0463496842243671,0.801622379400344,0.2004451784454376,0.3392935562927713,0.52648545030306,0.210716547121554,0.3625083837247996
2021-01-03 05:40:00,0.0596363447944831,0.06436353688294238,-0.07628207509065123,0.0715224425234623,-0.2775190190478227,0.8032458936722348,0.2068560583964089,0.3493189061689849,0.5268884521548072,0.210716547121554,0.3625083837247996
2021-01-03 05:50:00,0.059625789989339,0.06459830759098432,-0.08010001374557456,0.0715200318185589,-0.3533882311648639,0.8037758704361179,0.2100367917401395,0.3635854757659035,0.527880265033563,0.210716547121554,0.3625083837247996
2021-01-03 06:00:00,0.0594030247920182,0.06480320583304124,-0.08700992736996613,0.0718489641071856,0.7148965714740996,0.8086052862430786,0.2047194248748149,0.3563335361666281,0.5259608687825064,0.210716547121554,0.3625083837247996
2021-01-03 06:10:00,0.0598964454119739,0.06501228970681931,-0.08195916311287428,0.0718522127756215,-0.2007811832715589,0.8082781844760655,0.2002754270839533,0.3476734002810184,0.5262913458726342,0.210716547121554,0.3625083837247996
2021-01-03 06:20:00,0.0598699648404876,0.06520041502838651,-0.08529087670558966,0.071853932764849,-0.2169543162363396,0.8083746300081783,0.1930163561890793,0.3262929710200782,0.5266205098901455,0.210716547121554,0.3625083837247996
2021-01-03 06:30:00,0.0598065820020909,0.06536141289443026,-0.08881634560568359,0.0719252060668246,0.4172364706327869,0.8091946677698963,0.2001240255413765,0.3383246523409822,0.5271261573580025,0.210716547121554,0.3625083837247996
2021-01-03 06:40:00,0.059737256239137,0.06551241841874444,-0.09228383548723809,0.0719719468503835,-0.4510233324642954,0.8095845414132422,0.2054817168557103,0.3424597368312122,0.5272795723597734,0.210716547121554,0.3625083837247996
2021-01-03 06:50:00,0.0597269487085824,0.06565114085808128,-0.0945716577806983,0.0720353726935447,0.3061703816197081,0.8097841423598089,0.2154634190699186,0.3661359270401422,0.5272788573145589,0.210716547121554,0.3625083837247996
2021-01-03 07:00:00,0.060594453847897,0.06577324748169594,-0.0820098142062307,0.0720384588659912,-0.070725426708762,0.8092822818232465,0.1966233351105008,0.3345504451808565,0.5253663617933169,0.210716547121554,0.3625083837247996
2021-01-03 07:10:00,0.060826596305627,0.06588815774281849,-0.07993159238718481,0.0721849678813388,0.4616201974151579,0.8122039459706804,0.2011030915993192,0.3380389390786191,0.5227137314120582,0.210716547121554,0.3625083837247996
2021-01-03 07:20:00,0.0603565480042115,0.06600265797318668,-0.08942557139470407,0.0730256803418614,1.1056368432397434,0.8244897620746982,0.2081713853380205,0.3510845153078805,0.5226169261699474,0.210716547121554,0.3625083837247996
2021-01-03 07:30:00,0.060436350782183,0.06621158750322034,-0.09126472738529395,0.0730297129960414,0.1570458008314901,0.825124401174544,0.2030888645596435,0.3468086940396483,0.5233989445319723,0.210716547121554,0.3625083837247996
2021-01-03 07:40:00,0.0603040275721304,0.06637816996863284,-0.09596934315090869,0.0730986794213925,0.4104744854178221,0.826952262149792,0.206783059018846,0.3658459093815168,0.5243729988150796,0.210716547121554,0.3625083837247996
2021-01-03 07:50:00,0.0599418897342978,0.06653671322507956,-0.10437828540484714,0.0734662360742812,-0.7339794850190984,0.8322262332616666,0.2109512574202064,0.3718471216286817,0.5249191566119058,0.210716547121554,0.3625083837247996
2021-01-03 08:00:00,0.0605178812385446,0.06672959382884407,-0.09770966108196882,0.0735831313954966,-0.475452172361912,0.8340739574747634,0.2127856243537325,0.3636856038093765,0.5240200444357682,0.210716547121554,0.3625083837247996
2021-01-03 08:10:00,0.0606177224565637,0.0669055181198925,-0.09869414674170257,0.0735780954100017,-0.1414050729007243,0.8343818352346706,0.2199364245450636,0.3723241083683402,0.5256416458747993,0.210716547121554,0.3625083837247996
2021-01-03 08:20:00,0.0605207073962752,0.06704639612492932,-0.10239928172599257,0.0737728381399588,0.5523497726516169,0.83766583599995,0.2159943296556897,0.3619029505680955,0.5269656895589844,0.210716547121554,0.3625083837247996
2021-01-03 08:30:00,0.0607142885359224,0.06719145095219087,-0.10136695511974239,0.0738451829299657,0.3522380266709035,0.8402359473278669,0.2245470432139092,0.3824108569327074,0.5282116839561322,0.210716547121554,0.3625083837247996
2021-01-03 08:40:00,0.0607583634853734,0.06732591068853899,-0.10264042207152713,0.0738296363009878,-0.0291322230337343,0.841040452377477,0.2057571054872084,0.3529610312859048,0.5246356452865535,0.210716547121554,0.3625083837247996
2021-01-03 08:50:00,0.0608290203714342,0.06744679813405673,-0.10327212747565269,0.0739377505819723,-0.410255498836598,0.8438169415371009,0.2004552586327088,0.3383545869210824,0.5219452978814227,0.210716547121554,0.3625083837247996
2021-01-03 09:00:00,0.0610956265586226,0.06754458603848959,-0.1003476285284549,0.0739483881572719,-0.2092542285382137,0.844792445403124,0.205008502177674,0.3470445548375107,0.5220084483645882,0.210716547121554,0.3625083837247996
2021-01-03 09:10:00,0.0610519466044306,0.06762549926810733,-0.10226003457107873,0.0740067967374596,-0.2944234894423303,0.846674619143672,0.2041614088044681,0.3474912170766175,0.5215998694095108,0.210716547121554,0.3625083837247996
2021-01-03 09:20:00,0.0611367880135534,0.0677124026457566,-0.10215558308501067,0.0740846733332683,-0.4772947637878388,0.8488135644297924,0.2117952028362234,0.3631555304856824,0.5214732122406597,0.210716547121554,0.3625083837247996
2021-01-03 09:30:00,0.0635224935777533,0.06780374158089228,-0.06522330623748436,0.0740980931107006,-0.1714295698532097,0.8495515877587619,0.2123695099950856,0.3683725376178233,0.5221991363855822,0.210716547121554,0.3625083837247996
2021-01-03 09:40:00,0.0636682180406372,0.06787939028925391,-0.06404695192819507,0.0742388711673171,0.4708576113531038,0.852582244513662,0.1979568274499553,0.327869194278382,0.5211032569786589,0.210716547121554,0.3625083837247996
2021-01-03 09:50:00,0.0638776145117046,0.06796625043587902,-0.062042285474289874,0.0742082210406303,0.1544167116600547,0.8529406958297371,0.2034117326162238,0.3345530707614002,0.5209064667039718,0.210716547121554,0.3625083837247996
2021-01-03 10:00:00,0.0645055473298254,0.06803115667566625,-0.05321456143055254,0.0741998908152309,0.0263407270921334,0.8530742836298031,0.2001253117730339,0.3249525660097228,0.5217417986466228,0.210716547121554,0.3625083837247996
2021-01-03 10:10:00,0.0892222526092943,0.06808399872197393,0.2703882590134663,0.0746957818331533,-0.9784615489405012,0.8601649438091162,0.2022087947456328,0.3319455601999566,0.5226342003706547,0.210716547121554,0.3625083837247996
2021-01-03 10:20:00,0.0891808371677322,0.06819175956653845,0.26834245646946486,0.0747877197507292,-0.3718286300021134,0.8608892151071845,0.1945942099118338,0.331562961184115,0.5227503577752033,0.210716547121554,0.3625083837247996
2021-01-03 10:30:00,0.0893919267056876,0.06829844200116662,0.26914341758992233,0.0748985240197289,0.423533415114008,0.8621675055977555,0.2004919096984505,0.3382632282545842,0.5214564760409608,0.210716547121554,0.3625083837247996
2021-01-03 10:40:00,0.0931488787352301,0.0684006003252,0.3088174585053521,0.0750765776559862,0.5168728190424687,0.8645097314261851,0.2135251494598545,0.3602451779262649,0.5214649521931203,0.210716547121554,0.3625083837247996
2021-01-03 10:50:00,0.0931895253423514,0.06851824281570688,0.30753529805567914,0.0751929286823944,-0.464959111302754,0.8658669414201889,0.2141984691111592,0.3625995357004194,0.5229497556424352,0.210716547121554,0.3625083837247996
2021-01-03 11:00:00,0.093166779741081,0.06862869293809962,0.30568050591772167,0.0754343911200113,0.6531250445332759,0.8691535527435057,0.2136912826748467,0.3657627919343779,0.5237127663911598,0.210716547121554,0.3625083837247996
2021-01-03 11:10:00,0.0931420663203297,0.06874713832334296,0.30369081111676466,0.0754867106545941,-0.2950895945037501,0.8695144216540788,0.2167149345699967,0.3753715343292164,0.5254498708367814,0.210716547121554,0.3625083837247996
2021-01-03 11:20:00,0.0931566270387173,0.06885947438260236,0.30221441349958805,0.0754995721514795,-0.2624692320948085,0.869705136780687,0.2038279444186592,0.3400220474324328,0.5227150462652089,0.210716547121554,0.3625083837247996
2021-01-03 11:30:00,0.0932062833238547,0.06896009068315205,0.3012871956915259,0.0756077194119389,0.4185482041791033,0.8711166731491774,0.2050091751068739,0.3392381136366024,0.5226564546352386,0.210716547121554,0.3625083837247996
2021-01-03 11:40:00,0.0929858938012253,0.069059437345283,0.2974802574949271,0.0759088900716203,0.7029646757514385,0.8753279218761685,0.199854192280031,0.3280485515500408,0.524347784273797,0.210716547121554,0.3625083837247996
2021-01-03 11:50:00,0.0948858460483709,0.06917946604884441,0.3159704633408972,0.0759627797828424,0.2864760733542582,0.8760605326425425,0.2052334387750756,0.3394801096864895,0.5242436380021848,0.210716547121554,0.3625083837247996
2021-01-03 12:00:00,0.094839095533839,0.06929194673754704,0.31385303364368977,0.0760392585777483,-0.4598524898629108,0.8772319048630857,0.2009494135847583,0.3367683343985801,0.52279318078566,0.210716547121554,0.3625083837247996
2021-01-03 12:10:00,0.0960649617939304,0.06939758206767789,0.32517262159053684,0.0760375247675677,0.2579895318186587,0.877437993726348,0.2046357981366868,0.3460763256070845,0.5212251770076539,0.210716547121554,0.3625083837247996
2021-01-03 12:20:00,0.0961020967960597,0.06948784221643728,0.3242593295050793,0.0749357183030092,-0.1305709580213587,0.8633371422263785,0.2074213302995959,0.3458802757503963,0.5209328539519507,0.210716547121554,0.3625083837247996
2021-01-03 12:30:00,0.0960433280942829,0.06945602219620006,0.3241056458332958,0.0746035263610855,-0.405921134333731,0.8522571232600201,0.2085197636887329,0.349029553355091,0.5196815505154326,0.210716547121554,0.3625083837247996
2021-01-03 12:40:00,0.0961115420041663,0.06939764676909596,0.32565645415437405,0.0744136547998592,-0.2180359638289886,0.841640429347233,0.2114739633547745,0.358086471441275,0.5198859783628037,0.210716547121554,0.3625083837247996
2021-01-03 12:50:00,0.0961110499718665,0.06931749835772394,0.3268069175874255,0.0743436126806077,0.0612654676393376,0.8323291433299222,0.2073185535992696,0.3509320597657359,0.521851767561375,0.210716547121554,0.3625083837247996
2021-01-03 13:00:00,0.09627833359825,0.0692429459935774,0.32962202792437423,0.0744375413141389,0.4967886650820929,0.8291983354141074,0.2017764982758177,0.3398108476587396,0.522417812550286,0.210716547121554,0.3625083837247996
2021-01-03 13:10:00,0.0967306052637903,0.06919543279199525,0.3349949890950117,0.0743185535842308,0.0310202835818174,0.8235109415883937,0.2105376595570122,0.3533928185018377,0.5232987839166348,0.210716547121554,0.3625083837247996
2021-01-03 13:20:00,0.097889415632118,0.06914179312134885,0.3476790608152467,0.0743826933548125,-0.3097018891828895,0.8201106899965693,0.214230596120765,0.356387204744636,0.5239205471761881,0.210716547121554,0.3625083837247996
2021-01-03 13:30:00,0.0976980386994274,0.06909341643477891,0.3464220337959493,0.0740416314606973,-0.6237953407797647,0.8119397302112366,0.2209859874446134,0.3670252186219293,0.5253184681154108,0.210716547121554,0.3625083837247996
2021-01-03 13:40:00,0.0977419134118677,0.0690161510192163,0.34798991825029324,0.0739700270344809,0.1376238299064525,0.8035298752441705,0.2113354313099604,0.3550039593695404,0.5242525730511988,0.210716547121554,0.3625083837247996
2021-01-03 13:50:00,0.0984486753681371,0.06894947314450528,0.3561613870393259,0.0733856409703339,-0.3719757034904347,0.789139817186971,0.2192153257424294,0.3711919266766891,0.5232900094194745,0.210716547121554,0.3625083837247996
2021-01-03 14:00:00,0.098446526235274,0.06883712617077346,0.35777029593520226,0.0731360002538689,0.4342187347429416,0.7762628842561908,0.2233516323947622,0.3766179403173758,0.5212737820022515,0.210716547121554,0.3625083837247996
2021-01-03 14:10:00,0.0986624609618004,0.06871009386076249,0.3618084242760108,0.0730612270082221,-0.0147575731482163,0.7643815778430343,0.2175161652213193,0.3677901848202395,0.5208474168770707,0.210716547121554,0.3625083837247996
2021-01-03 14:20:00,0.098649772784737,0.06859088028984439,0.36341634370630793,0.0729644611088718,-0.1651516398959884,0.7538596587081358,0.2148079456633705,0.3675161630269749,0.5219119646926579,0.210716547121554,0.3625083837247996
2021-01-03 14:30:00,0.0986442581424534,0.06846512584781571,0.3651955225246218,0.0728545437208217,-0.1683392890804214,0.7431796501557589,0.2133346112380245,0.3639717137812637,0.5235631155974286,0.210716547121554,0.3625083837247996
2021-01-03 14:40:00,0.0985449931472055,0.06835276293725101,0.36583124138304535,0.0730429509765296,-0.5440433585858884,0.7374802108449718,0.2114201239682647,0.3489917863336098,0.5231213430861082,0.210716547121554,0.3625083837247996
2021-01-03 14:50:00,0.0987068387088746,0.06827245314997371,0.36864786802555205,0.073128629134848,0.354097409240417,0.7306123411627805,0.2183924627267717,0.365905069878196,0.5236466820363348,0.210716547121554,0.3625083837247996
2021-01-03 15:00:00,0.0984038046167318,0.06821889845649813,0.36635783818387224,0.0736891281334321,-0.9172194716391856,0.7322796703195871,0.2086700464516403,0.341473327951144,0.5246118888386717,0.210716547121554,0.3625083837247996
2021-01-03 15:10:00,0.0985801372191085,0.06822617246944851,0.3680415414518665,0.0737753065435866,-0.3800725590904719,0.7277407621685608,0.2148806623212852,0.3532768850446109,0.524347897955822,0.210716547121554,0.3625083837247996
2021-01-03 15:20:00,0.0985464623214193,0.06825536360899262,0.36727211700303114,0.074466598909078,-1.0325406115365254,0.7323313890015923,0.2044668372339341,0.3404607079539939,0.5232840174662376,0.210716547121554,0.3625083837247996
2021-01-03 15:30:00,0.0984423075444991,0.068350486480112,0.3648219857448731,0.0749270678350692,0.8548335003013108,0.7347530995838422,0.2041209753163442,0.3386999237278805,0.5226144268863782,0.210716547121554,0.3625083837247996
2021-01-03 15:40:00,0.098600721190077,0.06846731602346018,0.3647220828250126,0.0742535674060248,0.2415411365786823,0.7244357832951875,0.2156495999087053,0.3672854665491419,0.5236677087182513,0.210716547121554,0.3625083837247996
2021-01-03 15:50:00,0.0986850055412761,0.06851210207345156,0.3649226130886728,0.0742332935617725,0.1561423584529819,0.7198865919359212,0.2188411184130567,0.3755352376502611,0.5238880506524042,0.210716547121554,0.3625083837247996
2021-01-03 16:00:00,0.0992920254366571,0.06853107802378319,0.37077792388020636,0.0729618554764403,0.6879585539037336,0.6981155710919842,0.224613813309805,0.3882874940484055,0.5236794582109557,0.210716547121554,0.3625083837247996
2021-01-03 16:10:00,0.0990499979112412,0.06836456471598876,0.3707701213751934,0.073468280963009,-0.9196188545926632,0.690333957997802,0.2261991493580283,0.3884883671290889,0.5258510381149788,0.210716547121554,0.3625083837247996
2021-01-03 16:20:00,0.0990513002814584,0.06832194016276164,0.3714069533404965,0.0734616311970541,0.0681717859745134,0.6801149318844212,0.2174592897211835,0.3628268961424182,0.5262009193537662,0.210716547121554,0.3625083837247996
2021-01-03 16:30:00,0.0994484617371221,0.06831001171359963,0.3755831972583923,0.0703953254070824,-0.0263430947670784,0.6283941552029119,0.2270324663819045,0.3838159804408429,0.5274244974709217,0.210716547121554,0.3625083837247996
2021-01-03 16:40:00,0.0999307579485935,0.06799595563029626,0.3850292982579425,0.068139268887476,-0.9961676070966874,0.5749088991948381,0.21825070229906,0.3649226941502632,0.5270387585949012,0.210716547121554,0.3625083837247996
2021-01-03 16:50:00,0.099192582574339,0.06750636179720543,0.384841396774302,0.0690251186629292,-1.221824546760608,0.5579784441424356,0.2175965511691297,0.3646699682484131,0.5267393173575914,0.210716547121554,0.3625083837247996
2021-01-03 17:00:00,0.0991516956884234,0.06711093676601865,0.3903039343350679,0.0690259432148026,-0.292586036146325,0.5300308246760479,0.2057823277870282,0.3485846288458569,0.5261695143861345,0.210716547121554,0.3625083837247996
2021-01-03 17:10:00,0.0992154998303437,0.06671754793783584,0.39682624453118964,0.0693767117814034,0.7063579958590083,0.5084907207963714,0.2103349433722097,0.3524469888922711,0.5243879866749448,0.210716547121554,0.3625083837247996
2021-01-03 17:20:00,0.0989255368240961,0.0665143218151037,0.3969501237188093,0.0697872741453058,0.7625753872552821,0.49609080165523994,0.2249431693238008,0.3746496096659267,0.5237957253912622,0.210716547121554,0.3625083837247996
2021-01-03 17:30:00,0.0988084548834379,0.06634279700049442,0.3983479826063419,0.0699324359309049,-0.482812445792824,0.48270175724027514,0.2260446866869424,0.3823719276828933,0.5238861472076892,0.210716547121554,0.3625083837247996
2021-01-03 17:40:00,0.0991974666220809,0.06621137683526271,0.40426017218580457,0.0703754662449535,0.8278554031852181,0.4753806731358274,0.2155749838052068,0.3638500599598471,0.5239317077329135,0.210716547121554,0.3625083837247996
2021-01-03 17:50:00,0.099625436484983,0.06613655121392176,0.4096959559129084,0.070730550971738,-0.7987425975301221,0.4693464651872592,0.2147901802885445,0.3612022232757803,0.5245933447012416,0.210716547121554,0.3625083837247996
2021-01-03 18:00:00,0.0997753819826184,0.06609522586094191,0.4118249611253569,0.0704068357580266,0.1377462856474665,0.45488059953909044,0.2059118672359295,0.3365581614481047,0.5240876293425629,0.210716547121554,0.3625083837247996
2021-01-03 18:10:00,0.099588473378198,0.0660511096236733,0.4106175981788281,0.0706489798584339,-0.611334394951335,0.4495499281572967,0.2055723667401383,0.3351928760980126,0.525094981281413,0.210716547121554,0.3625083837247996
2021-01-03 18:20:00,0.0995881552506393,0.06601969978270515,0.4110900552864708,0.0707812169496631,-0.7354507692310719,0.4435346117846654,0.2052832872581276,0.3413597411164749,0.5271815172641245,0.210716547121554,0.3625083837247996
2021-01-03 18:30:00,0.0997093075275152,0.06600284965136086,0.4125611103215131,0.0708043193260068,0.1912014814061891,0.43694842067123985,0.2130531025358304,0.3578691140155396,0.5276651548573799,0.210716547121554,0.3625083837247996
2021-01-03 18:40:00,0.0997023247880033,0.06598827139408257,0.4127119744449171,0.070884068706212,0.4293288552817742,0.4321853028244542,0.208951486657634,0.3549421181782974,0.5263815085545693,0.210716547121554,0.3625083837247996
2021-01-03 18:50:00,0.0996935468561122,0.0659923602400149,0.4125619678700214,0.0705868201653222,0.1360002428540951,0.42290778022437325,0.2128229486225246,0.3552465657988399,0.5261767625618322,0.210716547121554,0.3625083837247996
2021-01-03 19:00:00,0.0996913140670336,0.06598268590615315,0.41268617962543624,0.070589046086341,-0.1299003497834405,0.41907405295578143,0.2176209838216498,0.3624014192453751,0.5265918534418693,0.210716547121554,0.3625083837247996
2021-01-03 19:10:00,0.0996051892956863,0.06598184966872257,0.4118345654093798,0.0706272185194271,0.494498528628462,0.4162944844409898,0.2177621057913359,0.3701773845504957,0.52785399055523,0.210716547121554,0.3625083837247996
2021-01-03 19:20:00,0.0994661587211739,0.06596598279575146,0.4106782759875222,0.0709753268664888,-0.7895798136772214,0.41744564786924304,0.2077213978562168,0.3546533792522555,0.5266599905809717,0.210716547121554,0.3625083837247996
2021-01-03 19:30:00,0.1000453324156387,0.06598525550022999,0.4161920918672018,0.0710032430573577,-0.2037750362001489,0.4143527861754955,0.1997943576318697,0.3402250068751136,0.5272699674959928,0.210716547121554,0.3625083837247996
2021-01-03 19:40:00,0.1000359952276803,0.06598619738354396,0.4160844838943972,0.0709406784035772,0.3113892070192747,0.4103145309157253,0.1889031060381741,0.3111991585891705,0.5273551677807788,0.210716547121554,0.3625083837247996
2021-01-03 19:50:00,0.0999925346446413,0.06603782349321499,0.4148678685403168,0.0708986816216961,0.2949471686779503,0.4080987002620557,0.1944245123950347,0.3200711540265267,0.5275987246213989,0.210716547121554,0.3625083837247996
2021-01-03 20:00:00,0.0994898130612873,0.0660458906009004,0.4097054450858389,0.0710387068139409,1.1160772316802792,0.4070829912645181,0.1968106077149535,0.3217029500826391,0.5290297015486698,0.210716547121554,0.3625083837247996
2021-01-03 20:10:00,0.0991486755533804,0.06611187607503656,0.405272097841937,0.0711869376905912,0.8667410060011704,0.40481170949728057,0.2037942056669648,0.3425976050594808,0.5296878424408671,0.210716547121554,0.3625083837247996
2021-01-03 20:20:00,0.0990570672287009,0.06615073998682768,0.40376004371617585,0.0712916782486402,0.7763745047117965,0.40156287183795264,0.1861348641734596,0.3123036998146289,0.5281933804194413,0.210716547121554,0.3625083837247996
2021-01-03 20:30:00,0.0990100120796094,0.06620988654543848,0.40239118175934546,0.0707482784655448,0.3071267209206141,0.38836269720046646,0.1913538323489822,0.3172849567015625,0.52585627127847,0.210716547121554,0.3625083837247996
2021-01-03 20:40:00,0.0989046453715415,0.06621828377703298,0.40119959312037184,0.070468095444684,-0.4643244813395952,0.37838084778781955,0.1981065317016033,0.3279596306089727,0.5254038217680362,0.210716547121554,0.3625083837247996
2021-01-03 20:50:00,0.0989890124414964,0.06614093847486144,0.4032209618650976,0.0649729312306151,0.2670005337591874,0.28969750138298267,0.1949485314968779,0.3239015751064494,0.5263686634475285,0.210716547121554,0.3625083837247996
2021-01-03 21:00:00,0.0991245980981918,0.06552812746390593,0.4138981480581683,0.0616585788304659,-0.1199093832642717,0.21605253529673368,0.1956296314845422,0.3383720058633336,0.5281686980518168,0.210716547121554,0.3625083837247996
2021-01-03 21:10:00,0.0991397265865905,0.06470186096808406,0.42674027061313363,0.0604188979820656,-0.1871419136648455,0.17098469170192415,0.1980551772920658,0.3428102614301201,0.5294920625436059,0.210716547121554,0.3625083837247996
2021-01-03 21:20:00,0.0998959812352155,0.06387621527047961,0.4471823828658101,0.0598838632930673,0.3460915235089956,0.13922458995323764,0.1971577968219653,0.3312142212176996,0.5289761590371131,0.210716547121554,0.3625083837247996
2021-01-03 21:30:00,0.1000785522813103,0.0630527105579684,0.461984348342638,0.0598581993194464,-0.0363758903191069,0.11695116842681141,0.2048385300815515,0.3412057040821498,0.5303568727483209,0.210716547121554,0.3625083837247996
2021-01-03 21:40:00,0.1000589972368722,0.06238478247113325,0.47243860941235266,0.0597683216048828,-0.2343480046627988,0.09840833129135133,0.2046796663967777,0.3393243582113054,0.532242823824062,0.210716547121554,0.3625083837247996
2021-01-03 21:50:00,0.1000604387597909,0.0616541358283934,0.4842340780384512,0.059808014765555,-0.2254705311161231,0.08211537962036408,0.216356827577512,0.3684786039628488,0.5332170923211319,0.210716547121554,0.3625083837247996
2021-01-03 22:00:00,0.0996410203872004,0.06110284349940442,0.4890155275337465,0.060427455337942,-0.9153137915244968,0.07956067833271384,0.2020567887065786,0.3468254387044434,0.5301860682997221,0.210716547121554,0.3625083837247996
2021-01-03 22:10:00,0.099542691763188,0.0607612740711539,0.49363396866924714,0.0607976871552007,1.0025619645874784,0.07591691102193376,0.2004570233291815,0.3389443245601544,0.5280965412732022,0.210716547121554,0.3625083837247996
2021-01-03 22:20:00,0.0995174920574264,0.060431122985778775,0.49882917483524686,0.0597472768800658,-0.2316497797867356,0.048394097199124075,0.2049608440084275,0.3456300658755428,0.5283630673103119,0.210716547121554,0.3625083837247996
2021-01-03 22:30:00,0.0993250273079522,0.06004850710519812,0.50324488928165,0.0600592339723687,-0.6208086361725762,0.04310482860651467,0.2046817576116407,0.3459357338466522,0.5285142233532583,0.210716547121554,0.3625083837247996
2021-01-03 22:40:00,0.0989814304395787,0.05973366808632302,0.5050364452427748,0.0606296238240693,-0.8309856154884443,0.04337955801889498,0.2076194282607182,0.3552474092467656,0.5288326439697741,0.210716547121554,0.3625083837247996
2021-01-03 22:50:00,0.0989231463180866,0.05956412231018605,0.5072898306900417,0.060637729712458,0.3542854936330997,0.03565600435012722,0.2065322875579917,0.3583022458662875,0.5298941683149748,0.210716547121554,0.3625083837247996
2021-01-03 23:00:00,0.0989658068861052,0.059511973755904474,0.5085968735859749,0.060160215346857,-0.0446350863276379,0.02278523892450264,0.1931907992822084,0.3209242961985658,0.5289576219894623,0.210716547121554,0.3625083837247996
2021-01-03 23:10:00,0.0989131155018687,0.05932365414201625,0.5112337277278928,0.0602144404861142,0.3601561611123571,0.017210189437887907,0.2021114698226302,0.3338527084547245,0.5281561523885374,0.210716547121554,0.3625083837247996
2021-01-03 23:20:00,0.1003286950230274,0.059246055233674495,0.5267525465416039,0.0606383275609511,0.7163547453684416,0.020003268229801047,0.2025502338475524,0.333257958876611,0.529103287083877,0.210716547121554,0.3625083837247996
2021-01-03 23:30:00,0.1002970642290023,0.05913561883133892,0.528302994268858,0.0606447360625912,-0.3353907188232696,0.01505814305392831,0.204794239902342,0.3396565671866505,0.530229818119756,0.210716547121554,0.3625083837247996
2021-01-03 23:40:00,0.1002327393303148,0.05914265783669996,0.5275424202529813,0.0606961338344749,-0.4747196735413794,0.01318790056993303,0.1972857349283591,0.3391603252504193,0.5303848759506722,0.210716547121554,0.3625083837247996
2021-01-03 23:50:00,0.1000127466325377,0.05915932313937369,0.5250634476002357,0.0608437192340838,-0.690976659428344,0.013153815513473817,0.2018376473844524,0.3435907087908805,0.5295399435499673,0.210716547121554,0.3625083837247996
2021-01-04 00:00:00,0.1003870112658511,0.05903714146038988,0.5308660669053257,0.0609197875048578,-0.3106664824308325,0.009038291977731656,0.2135032998380175,0.3605834738175995,0.5287285495204254,0.2061359840924251,0.3488660723625525
2021-01-04 00:10:00,0.1003192436153942,0.05896318332132085,0.531444299510757,0.0611321600499872,0.5925297325324763,0.008152232343679677,0.2141266423810623,0.3606776072741738,0.5301849763528456,0.2061359840924251,0.3488660723625525
2021-01-04 00:20:00,0.0999693866286112,0.05891658965607227,0.5287412964085072,0.0616870435144118,-0.9009984534843696,0.0134444797047183,0.210790658487698,0.3599709233461258,0.5316018458302749,0.2061359840924251,0.3488660723625525
2021-01-04 00:30:00,0.1004940991842851,0.05898247586754889,0.5328586305984382,0.0616311040486492,-0.5292437135446804,0.010279022234786963,0.2109725352437479,0.3659696647232431,0.533850192712476,0.2061359840924251,0.3488660723625525
2021-01-04 00:40:00,0.1004403496919286,0.05903189386709759,0.5314861440167463,0.0617187154384223,0.3288635459231415,0.009455319330767218,0.1963190755781684,0.3298948376619658,0.5322545355990708,0.2061359840924251,0.3488660723625525
2021-01-04 00:50:00,0.1006506900386269,0.05904500226483974,0.5333561044746137,0.0618152830202587,0.373408824382615,0.008404119877902502,0.1965459593826584,0.328273972392593,0.532426129216726,0.2061359840924251,0.3488660723625525
2021-01-04 01:00:00,0.1006479070155904,0.05905638390694386,0.5331357101972186,0.061794383294101,0.1226023865909198,0.005559933452769112,0.1942845814007978,0.3216833430176763,0.5346538294815197,0.2061359840924251,0.3488660723625525
2021-01-04 01:10:00,0.1005834171557931,0.05908222220881243,0.5320573341619758,0.0617381042551363,-0.3640247501429883,0.0027167736275030435,0.2002935767684271,0.3343614453877236,0.534971688517375,0.2061359840924251,0.3488660723625525
2021-01-04 01:20:00,0.1006606999292206,0.05907318714299603,0.5329783195022182,0.0617074570576285,-0.232632643398567,0.00027303582400389276,0.1950855859615367,0.3276829141683296,0.5337273102880228,0.2061359840924251,0.3488660723625525
2021-01-04 01:30:00,0.1000729343389275,0.059112991013773215,0.5264485491714196,0.062607857363618,1.0927875773612428,0.013425271269255214,0.200771868925071,0.3391824686795902,0.5325667563683776,0.2061359840924251,0.3488660723625525
2021-01-04 01:40:00,0.0998536952188505,0.05924073348883355,0.5220966959060636,0.0629608622845904,0.6718214102514608,0.01722917166909793,0.2002731869486427,0.3315916839257872,0.5319243437441481,0.2061359840924251,0.3488660723625525
2021-01-04 01:50:00,0.0999404965855434,0.059436353943967415,0.5196689163205478,0.0628179910315805,-0.2782341537788113,0.014134721163392528,0.2002091786203106,0.3321820961824563,0.5306393819648212,0.2061359840924251,0.3488660723625525
2021-01-04 02:00:00,0.099949644669757,0.05955456757176373,0.5177735115432274,0.062762448294969,0.2290242714416024,0.012105054931810666,0.1988014790383536,0.3370159241546416,0.5313996696664665,0.2061359840924251,0.3488660723625525
2021-01-04 02:10:00,0.0998058585319296,0.059649196451221805,0.5147462069268613,0.0631002198917195,-0.65985612308328,0.016276558331066324,0.19266253111091,0.3275252454241635,0.5330908986122964,0.2061359840924251,0.3488660723625525
2021-01-04 02:20:00,0.099827375233592,0.059748334780895355,0.5133011259941491,0.0630782243702493,0.044311346679926,0.014592506360234465,0.1900643922888932,0.3203179301449678,0.5335628481276466,0.2061359840924251,0.3488660723625525
2021-01-04 02:30:00,0.0998926901648563,0.0598240038290557,0.5126895292142816,0.0630324747921574,0.0955634892244816,0.012594742589790927,0.2016097891150493,0.3375759920228944,0.533687941308776,0.2061359840924251,0.3488660723625525
2021-01-04 02:40:00,0.0997273153718038,0.059890683816156934,0.5099186510083965,0.0632523218160556,0.5925873747582244,0.014925719147537812,0.2082944770138683,0.3449849158809259,0.5343806528731357,0.2061359840924251,0.3488660723625525
2021-01-04 02:50:00,0.09961575980303,0.05999193573415003,0.5071102342692891,0.063419213059563,0.4797630228573268,0.016925877682546605,0.2160972433475641,0.357041530676086,0.5358677457840548,0.2061359840924251,0.3488660723625525
2021-01-04 03:00:00,0.099766328376077,0.06008450197843848,0.5070787976552286,0.0634283435039942,-0.1611303006461284,0.01621691003444218,0.2038310062434543,0.3397689248427121,0.5354132261251258,0.2061359840924251,0.3488660723625525
2021-01-04 03:10:00,0.0998491736461795,0.060164846766091115,0.5065725428830841,0.0633710553932173,-0.0762644229055808,0.014539164084264393,0.2091268926994224,0.3517489359271905,0.5355161200618002,0.2061359840924251,0.3488660723625525
2021-01-04 03:20:00,0.1009393627074605,0.06023498414332804,0.516266651842456,0.0633973445901754,-0.2180180636296214,0.014421391478108246,0.2089141174789676,0.3489599021814334,0.5334223532789788,0.2061359840924251,0.3488660723625525
2021-01-04 03:30:00,0.1010113808698583,0.06029514463426855,0.5159816120430848,0.0633829583460568,0.0032682379297099,0.013477692445586074,0.2009139110044211,0.335406764300988,0.5323137093950492,0.2061359840924251,0.3488660723625525
2021-01-04 03:40:00,0.1025744107946859,0.060332515370382735,0.5307173090614123,0.063315690561473,0.0434364308379287,0.011821455934116785,0.1997699115718956,0.3396779780285375,0.533160410186996,0.2061359840924251,0.3488660723625525
2021-01-04 03:50:00,0.1027571049341412,0.06033933600198383,0.5323837693689475,0.0634705139545267,0.58534221946136,0.013535032001384749,0.1999372138726575,0.3405391918847977,0.5341064762412541,0.2061359840924251,0.3488660723625525
2021-01-04 04:00:00,0.1027747949746479,0.06038035490742274,0.5318763357283236,0.0634233101710941,-0.0865334955447494,0.012032807193250387,0.2013347735674899,0.3320483623549034,0.5336392261650595,0.2061359840924251,0.3488660723625525
2021-01-04 04:10:00,0.1030210425415567,0.060425720656238815,0.5335184109072499,0.0633691516299839,-0.2162285645804118,0.010541504924567159,0.2093901090392561,0.349381741874475,0.5339519622136224,0.2061359840924251,0.3488660723625525
2021-01-04 04:20:00,0.1036269147581808,0.06043806857256858,0.5391779102660849,0.0634373773555039,-0.3044908659511236,0.010819352082715259,0.2005277034700732,0.3272185034792912,0.5350158028052623,0.2061359840924251,0.3488660723625525
2021-01-04 04:30:00,0.1036586835785875,0.06046743022212907,0.5389987366233474,0.0633924424755115,0.0100717280981044,0.009503036556229931,0.2057133216677043,0.3378680639632833,0.5348589388598679,0.2061359840924251,0.3488660723625525
2021-01-04 04:40:00,0.1036923865858242,0.060478561455035426,0.5391397487302297,0.0631242055441257,-0.054717283166461,0.004640108958076371,0.1937387194226732,0.3215088242733417,0.5336278253760742,0.2061359840924251,0.3488660723625525
2021-01-04 04:50:00,0.1052111136724613,0.0604531158908659,0.5541008173382157,0.0620371257948801,-0.0588882497764231,-0.01372857918498644,0.1922071139520781,0.3179952304381097,0.5334680681360351,0.2061359840924251,0.3488660723625525
2021-01-04 05:00:00,0.1056638008382153,0.06028228528022576,0.5612240793114245,0.0593247059027414,-0.319705003037285,-0.061505154630305856,0.2020041828651179,0.341327441053976,0.5341291966933135,0.2061359840924251,0.3488660723625525
2021-01-04 05:10:00,0.105879101237183,0.05994310190534081,0.5689020780967031,0.0593633936472105,0.3001679237144117,-0.06667432202571982,0.2045953633925173,0.3469756173513544,0.534071001897753,0.2061359840924251,0.3488660723625525
2021-01-04 05:20:00,0.1058777490496773,0.05960571818798254,0.5745336054647356,0.0592850491178501,0.0759660961339392,-0.07358894072865634,0.2103456637710316,0.3619291726258514,0.5344380198967319,0.2061359840924251,0.3488660723625525
2021-01-04 05:30:00,0.1057883023577049,0.05932204833840146,0.5784589025942592,0.0596281639679612,-0.64043515368013,-0.07246573267741022,0.2114324899105579,0.3629251754117451,0.5369065384298113,0.2061359840924251,0.3488660723625525
2021-01-04 05:40:00,0.107211039388654,0.059119179611906325,0.5952438228220279,0.0596363447944831,-0.2945736384969422,-0.07628207509065123,0.2057206586094278,0.3434400523362945,0.5370655688878756,0.2061359840924251,0.3488660723625525
2021-01-04 05:50:00,0.1072541827382865,0.0589347768076801,0.5987702023599693,0.059625789989339,-0.3351049924855687,-0.08010001374557456,0.2158379272278162,0.3647671620089913,0.5382281392474901,0.2061359840924251,0.3488660723625525
2021-01-04 06:00:00,0.1071396244915664,0.05877989841330959,0.6003329528711957,0.0594030247920182,0.4959055694273573,-0.08700992736996613,0.2080443063080381,0.3473053369906325,0.5376523031443123,0.2061359840924251,0.3488660723625525
2021-01-04 06:10:00,0.1068542847560261,0.05862291753146755,0.6003403773416459,0.0598964454119739,0.7930707843820883,-0.08195916311287428,0.2094728664215862,0.3514507600435083,0.5371946852058631,0.2061359840924251,0.3488660723625525
2021-01-04 06:20:00,0.1068642080212122,0.05852420309555597,0.6021185477739552,0.0598699648404876,0.1239126525016232,-0.08529087670558966,0.19729454200365,0.3341850468543197,0.536559439890532,0.2061359840924251,0.3488660723625525
2021-01-04 06:30:00,0.1074717397796855,0.05843529281658056,0.609307890884875,0.0598065820020909,-0.3134196550028889,-0.08881634560568359,0.2005582465328641,0.3374656921054532,0.5352929763992132,0.2061359840924251,0.3488660723625525
2021-01-04 06:40:00,0.1078971245156047,0.05835423262372516,0.6146463277376446,0.059737256239137,-0.3471993209990032,-0.09228383548723809,0.2135696178973744,0.3582432044991983,0.5352245363272501,0.2061359840924251,0.3488660723625525
2021-01-04 06:50:00,0.1079168555367659,0.05827739390971865,0.6161468108818124,0.0597269487085824,0.2853532778054557,-0.0945716577806983,0.2142809497266106,0.3659147960180069,0.5351868152302977,0.2061359840924251,0.3488660723625525
2021-01-04 07:00:00,0.1074436953707554,0.058216096496215126,0.6128050577641755,0.060594453847897,-1.0241076295272933,-0.0820098142062307,0.2077719352276722,0.3545541347886202,0.5353374235451003,0.2061359840924251,0.3488660723625525
2021-01-04 07:10:00,0.1072270844404278,0.058246110970512084,0.6102715443251792,0.060826596305627,-0.7035360805883073,-0.07993159238718481,0.209688102540251,0.3564076134097692,0.535251266239426,0.2061359840924251,0.3488660723625525
2021-01-04 07:20:00,0.1069226228584964,0.05836062558244399,0.6054639790397099,0.0603565480042115,-0.8079687603483876,-0.08942557139470407,0.2050938060249708,0.3380756221454052,0.5344669228958807,0.2061359840924251,0.3488660723625525
2021-01-04 07:30:00,0.1070077303404547,0.05833750654114225,0.6066558546229651,0.060436350782183,-0.3479360176564583,-0.09126472738529395,0.2076719187004265,0.3404271537466081,0.5359691904693202,0.2061359840924251,0.3488660723625525
2021-01-04 07:40:00,0.1070527081464945,0.058339786549554296,0.6070370069740249,0.0603040275721304,-0.0933903566268767,-0.09596934315090869,0.2057698726934101,0.3424784671555106,0.538334878061898,0.2061359840924251,0.3488660723625525
2021-01-04 07:50:00,0.107005227505689,0.058318536342433,0.606957698085454,0.0599418897342978,-0.3213563744715486,-0.10437828540484714,0.2129527563370795,0.3568816493681841,0.5390580332242321,0.2061359840924251,0.3488660723625525
2021-01-04 08:00:00,0.1077483181160123,0.058250850345918384,0.6150394291774488,0.0605178812385446,0.9591104290134213,-0.09770966108196882,0.2062993546996575,0.3481272475542122,0.5375977781175695,0.2061359840924251,0.3488660723625525
2021-01-04 08:10:00,0.1077922119190915,0.05825517712842768,0.615372443978887,0.0606177224565637,-0.375417976162673,-0.09869414674170257,0.2087535910881371,0.3464750178719515,0.5374450761706904,0.2061359840924251,0.3488660723625525
2021-01-04 08:20:00,0.1079992603978912,0.05828179706536362,0.616834563054653,0.0605207073962752,-0.4330909264739446,-0.10239928172599257,0.2150422516263409,0.3565741105735626,0.5376839774219493,0.2061359840924251,0.3488660723625525
2021-01-04 08:30:00,0.1078337057937936,0.05831164784857527,0.6147884143336237,0.0607142885359224,-0.5989655367462987,-0.10136695511974239,0.2181294831215372,0.3682818111663444,0.5384281924987875,0.2061359840924251,0.3488660723625525
2021-01-04 08:40:00,0.1078765344519189,0.05834896827278379,0.6145456967780563,0.0607583634853734,-0.233211698664526,-0.10264042207152713,0.211812496827181,0.3612178226280426,0.537257913573953,0.2061359840924251,0.3488660723625525
2021-01-04 08:50:00,0.1077988153209819,0.05837834455729814,0.6133216601219894,0.0608290203714342,0.5042017786578867,-0.10327212747565269,0.2048447264965365,0.3477590094030487,0.5382234617282681,0.2061359840924251,0.3488660723625525
2021-01-04 09:00:00,0.1076285644251343,0.058429320843735574,0.6108682480505608,0.0610956265586226,-0.6073269173882068,-0.1003476285284549,0.1953011360135219,0.3206368076971725,0.538269312137434,0.2061359840924251,0.3488660723625525
2021-01-04 09:10:00,0.1077632463054112,0.058523302803687234,0.6105116435303105,0.0610519466044306,-0.182568308123443,-0.10226003457107873,0.200633119250555,0.3273733488220865,0.5392208210629388,0.2061359840924251,0.3488660723625525
2021-01-04 09:20:00,0.1076394910555726,0.058579817085172285,0.6083973787228506,0.0611367880135534,-0.5757403371125847,-0.10215558308501067,0.202805244883508,0.3266179950491699,0.5405900203110263,0.2061359840924251,0.3488660723625525
2021-01-04 09:30:00,0.1062744250754372,0.05863207037842487,0.5947428414840386,0.0635224935777533,-1.733029576964995,-0.06522330623748436,0.2103921249194856,0.3473044817057692,0.5415906963940487,0.2061359840924251,0.3488660723625525
2021-01-04 09:40:00,0.1061047592403846,0.05901873612914417,0.5865719457863221,0.0636682180406372,0.6380085199378271,-0.06404695192819507,0.1921301551552154,0.3142241982242111,0.540177179971433,0.2061359840924251,0.3488660723625525
2021-01-04 09:50:00,0.1059800529246222,0.059415292209701834,0.5786992586044055,0.0638776145117046,-0.5393709235749,-0.062042285474289874,0.1955218473228537,0.3170776007600525,0.5383686264901195,0.2061359840924251,0.3488660723625525
2021-01-04 10:00:00,0.1056189134980234,0.05967199340885625,0.5709746721330442,0.0645055473298254,-0.8982504328125529,-0.05321456143055254,0.2019919973283028,0.3286397723456897,0.5384266634069267,0.2061359840924251,0.3488660723625525
2021-01-04 10:10:00,0.0852319822315327,0.059978555069676656,0.3513896588742687,0.0892222526092943,-6.241300685459628,0.2703882590134663,0.1977903975876703,0.3239058416573505,0.539695587024478,0.2061359840924251,0.3488660723625525
2021-01-04 10:20:00,0.0851942169144005,0.06298138549040953,0.30209434061406143,0.0891808371677322,0.2537126380330434,0.26834245646946486,0.223023378830216,0.3859292513585911,0.541010323458198,0.2061359840924251,0.3488660723625525
2021-01-04 10:30:00,0.0856423839711909,0.06561027363951107,0.26644800641044825,0.0893919267056876,0.745874638188404,0.26914341758992233,0.2267659312253019,0.3960775248543287,0.5432265878914389,0.2061359840924251,0.3488660723625525
2021-01-04 10:40:00,0.0814024278169941,0.06786167607406453,0.18193364027535705,0.0931488787352301,2.6692935405872475,0.3088174585053521,0.2348577417325393,0.4033970649654564,0.5427372907333574,0.2061359840924251,0.3488660723625525
2021-01-04 10:50:00,0.0814769747613926,0.07083369404211676,0.13998567002320114,0.0931895253423514,0.5403028911683094,0.30753529805567914,0.2807472827429627,0.4885332936291416,0.5442262279185905,0.2061359840924251,0.3488660723625525
2021-01-04 11:00:00,0.0812813718254207,0.07276495592804816,0.11068239677116604,0.093166779741081,-0.619826154417602,0.30568050591772167,0.2971960360904422,0.52127899155891,0.5464127803008991,0.2061359840924251,0.3488660723625525
2021-01-04 11:10:00,0.0812916349855852,0.07448140617803962,0.08749360782190037,0.0931420663203297,0.2025699379480272,0.30369081111676466,0.303944895759123,0.5416303521659587,0.5481380591488705,0.2061359840924251,0.3488660723625525
2021-01-04 11:20:00,0.0812445029287135,0.07592751270230519,0.06768405774335663,0.0931566270387173,0.309865335099424,0.30221441349958805,0.2790195488251699,0.5041035126073627,0.5454572305916107,0.2061359840924251,0.3488660723625525
2021-01-04 11:30:00,0.0814695414594623,0.07726687920735836,0.05296383299456345,0.0932062833238547,-0.5174200396018236,0.3012871956915259,0.2763907791761701,0.5021741410611602,0.543598421790719,0.2061359840924251,0.3488660723625525
2021-01-04 11:40:00,0.0814663214031783,0.07836442329178961,0.03881966070365938,0.0929858938012253,0.2895017875852446,0.2974802574949271,0.2771823836668126,0.4967627302836591,0.5436760981590452,0.2061359840924251,0.3488660723625525
2021-01-04 11:50:00,0.0792107743458855,0.07928976682498554,-0.0009967472042234922,0.0948858460483709,1.910900804235638,0.3159704633408972,0.238885462256035,0.4212352653212448,0.5437959008985527,0.2061359840924251,0.3488660723625525
2021-01-04 12:00:00,0.079152386261351,0.08030437983070635,-0.0144492283432842,0.094839095533839,-0.3503811154272895,0.31385303364368977,0.2604340633461164,0.4632620032755838,0.5433616238592422,0.2061359840924251,0.3488660723625525
2021-01-04 12:10:00,0.0780920554470856,0.08115870781660871,-0.03851826455632118,0.0960649617939304,1.55138229539169,0.32517262159053684,0.2668977077602719,0.4805825705497188,0.5452098933770458,0.2061359840924251,0.3488660723625525
2021-01-04 12:20:00,0.0783260735412787,0.08193408114072744,-0.045034492460166796,0.0961020967960597,-0.2973382188312001,0.3242593295050793,0.2629065922005544,0.4680472861448151,0.5445328058942269,0.2061359840924251,0.3488660723625525
2021-01-04 12:30:00,0.07829723186389,0.0825389535345698,-0.052758096541424125,0.0960433280942829,0.2277072584860207,0.3241056458332958,0.2947922922276494,0.525787174893097,0.5442603524678737,0.2061359840924251,0.3488660723625525
2021-01-04 12:40:00,0.0781894007895724,0.08320824963631047,-0.062212398604648785,0.0961115420041663,0.4226298989049581,0.32565645415437405,0.2934110648781999,0.5223329538411892,0.5454789799354594,0.2061359840924251,0.3488660723625525
2021-01-04 12:50:00,0.078641697479133,0.08380239708679406,-0.06355955088565109,0.0961110499718665,-0.0529873596725849,0.3268069175874255,0.2714024031957955,0.475125926168064,0.5465790681939119,0.2061359840924251,0.3488660723625525
2021-01-04 13:00:00,0.0784102118015154,0.08424162135571629,-0.07173494305864835,0.09627833359825,-0.7540788522209851,0.32962202792437423,0.2649506123044179,0.4748622254220023,0.5457096162713598,0.2061359840924251,0.3488660723625525
2021-01-04 13:10:00,0.0778536745220453,0.08472787660015775,-0.08461357192450922,0.0967306052637903,-0.9348192340910444,0.3349949890950117,0.2731923733667442,0.4875665799937773,0.54440517020175,0.2061359840924251,0.3488660723625525
2021-01-04 13:20:00,0.0763442556973299,0.08517194854821097,-0.10941934484320186,0.097889415632118,1.533359788551536,0.3476790608152467,0.2814894567114288,0.4925968260719721,0.5436025635917721,0.2061359840924251,0.3488660723625525
2021-01-04 13:30:00,0.0763919352821853,0.08571174218547352,-0.11511269975071034,0.0976980386994274,-0.1217019159717835,0.3464220337959493,0.2542979451544948,0.4366037596694992,0.5449306104753512,0.2061359840924251,0.3488660723625525
2021-01-04 13:40:00,0.0764344370358332,0.08614385564199223,-0.11958529764618023,0.0977419134118677,-0.3235568505537856,0.34798991825029324,0.27922482050646,0.4905966997075305,0.5454801765459817,0.2061359840924251,0.3488660723625525
2021-01-04 13:50:00,0.0757158225001403,0.08652729107591513,-0.1334727134882572,0.0984486753681371,1.2348952859515094,0.3561613870393259,0.2852043774525468,0.5100817646086155,0.5486356462555131,0.2061359840924251,0.3488660723625525
2021-01-04 14:00:00,0.0760452783155185,0.08693504323654899,-0.13383228012613843,0.098446526235274,0.429318494964015,0.35777029593520226,0.2758045672427766,0.491398973158893,0.5466056109888333,0.2061359840924251,0.3488660723625525
2021-01-04 14:10:00,0.0758859043342376,0.08729036613167399,-0.14000914965881767,0.0986624609618004,0.6525676504610445,0.3618084242760108,0.296218810555619,0.5299990264946907,0.5468707608179961,0.2061359840924251,0.3488660723625525
2021-01-04 14:20:00,0.0761006473161294,0.0876313052667752,-0.1410815292046971,0.098649772784737,-0.0473258763767248,0.36341634370630793,0.29934647770954,0.5374558607401679,0.5489723898700491,0.2061359840924251,0.3488660723625525
2021-01-04 14:30:00,0.0761046723523042,0.08794211018731136,-0.14456909871033033,0.0986442581424534,0.132128937767284,0.3651955225246218,0.2966636339495753,0.5368356725946751,0.5494374877846724,0.2061359840924251,0.3488660723625525
2021-01-04 14:40:00,0.07698921223225,0.08819974234896724,-0.1359387306361869,0.0985449931472055,0.3166121840665781,0.36583124138304535,0.2799832615013308,0.508094821305103,0.5488924431319022,0.2061359840924251,0.3488660723625525
2021-01-04 14:50:00,0.0778236648779544,0.08842401884502706,-0.1276980783883637,0.0987068387088746,0.6668045518747334,0.36864786802555205,0.2877578789714417,0.5275525202193312,0.5486768066438825,0.2061359840924251,0.3488660723625525
2021-01-04 15:00:00,0.077938336597403,0.08853467706776864,-0.12747634895077534,0.0984038046167318,-0.4939424163154626,0.36635783818387224,0.281489395230616,0.5018570359811821,0.5480660498410337,0.2061359840924251,0.3488660723625525
2021-01-04 15:10:00,0.0776224104898771,0.08863891643816335,-0.13271481815698266,0.0985801372191085,-0.7012860051910152,0.3680415414518665,0.2411750538397272,0.420985784130864,0.5472852097107306,0.2061359840924251,0.3488660723625525
2021-01-04 15:20:00,0.0769758178248505,0.08873992998879629,-0.1422186386973153,0.0985464623214193,0.9998789595540458,0.36727211700303114,0.2498059718331856,0.4415466270249555,0.5472263703099163,0.2061359840924251,0.3488660723625525
2021-01-04 15:30:00,0.0766753491216004,0.08886044656361783,-0.14748685971408015,0.0984423075444991,-0.7249600674697376,0.3648219857448731,0.2291351555591015,0.3978716187109672,0.5502521634749815,0.2061359840924251,0.3488660723625525
2021-01-04 15:40:00,0.0764653742762148,0.08896319542271976,-0.1513847350998838,0.098600721190077,-0.6086749262415481,0.3647220828250126,0.2387951510324609,0.4207697869489606,0.5505786477974455,0.2061359840924251,0.3488660723625525
2021-01-04 15:50:00,0.076396539596745,0.08905734061629425,-0.15334303695227347,0.0986850055412761,0.4366479484518848,0.3649226130886728,0.2694151457089548,0.4742366937280928,0.5513241642751145,0.2061359840924251,0.3488660723625525
2021-01-04 16:00:00,0.0753113646126951,0.08914102113821544,-0.16858857500681498,0.0992920254366571,-1.2942360442400158,0.37077792388020636,0.2788497875279393,0.4906709396913756,0.5524681816760331,0.2061359840924251,0.3488660723625525
2021-01-04 16:10:00,0.0768772575017191,0.08930496843335876,-0.1498470323148182,0.0990499979112412,-0.6046954165144669,0.3707701213751934,0.2911553514638978,0.5209860085147143,0.5532941081926186,0.2061359840924251,0.3488660723625525
2021-01-04 16:20:00,0.0769031186404154,0.08942812873945585,-0.1508888416537202,0.0990513002814584,-0.0850141441787855,0.3714069533404965,0.2874483395092845,0.5203670780094102,0.5522870010952448,0.2061359840924251,0.3488660723625525
2021-01-04 16:30:00,0.0763983434588083,0.08949786039842993,-0.15825370537118327,0.0994484617371221,-0.8882896503752846,0.3755831972583923,0.3029323746907353,0.5526786832857873,0.5516918946374051,0.2061359840924251,0.3488660723625525
2021-01-04 16:40:00,0.0751170206451803,0.08962310175345445,-0.17656594597712724,0.0999307579485935,1.3978370164057452,0.3850292982579425,0.298257186604255,0.536475445345336,0.5495580619448892,0.2061359840924251,0.3488660723625525
2021-01-04 16:50:00,0.0751173875431647,0.08982114422563515,-0.17876834949396278,0.099192582574339,0.151577567382688,0.384841396774302,0.2480728338190108,0.4356461190110976,0.5488270046375991,0.2061359840924251,0.3488660723625525
2021-01-04 17:00:00,0.0751698150335865,0.08990654991415145,-0.17902104205560898,0.0991516956884234,-0.0671549683525896,0.3903039343350679,0.2610636104081901,0.468384347620558,0.5491684103776946,0.2061359840924251,0.3488660723625525
2021-01-04 17:10:00,0.0750455310307,0.0899281075570918,-0.18091553644752967,0.0992154998303437,-0.7908907037423418,0.39682624453118964,0.2602155989829297,0.4718353527336536,0.5511054111811877,0.2061359840924251,0.3488660723625525
2021-01-04 17:20:00,0.0750549133482733,0.08995558186341801,-0.18109599004918614,0.0989255368240961,-0.0835793919220506,0.3969501237188093,0.2600102552731035,0.4635815841957442,0.5509441466504684,0.2061359840924251,0.3488660723625525
2021-01-04 17:30:00,0.0751377929694013,0.08996925523031019,-0.18014433594866888,0.0988084548834379,0.0399632703903307,0.3983479826063419,0.2904964990897797,0.5208766123092156,0.5514335738936511,0.2061359840924251,0.3488660723625525
2021-01-04 17:40:00,0.0742088557413377,0.08995117822826117,-0.19238356634748371,0.0991974666220809,-1.2064869856105886,0.40426017218580457,0.2872964541832304,0.509340250986542,0.5523592001743858,0.2061359840924251,0.3488660723625525
2021-01-04 17:50:00,0.0735781455628449,0.0899837821373587,-0.2012814092653916,0.099625436484983,1.2202015583314465,0.4096959559129084,0.2867397575534218,0.5097915907328345,0.5512721587116263,0.2061359840924251,0.3488660723625525
2021-01-04 18:00:00,0.073420220401254,0.09007033287118439,-0.2043914614950094,0.0997753819826184,0.5638852620435841,0.4118249611253569,0.2656763430201934,0.475119601681661,0.5497750610938614,0.2061359840924251,0.3488660723625525
2021-01-04 18:10:00,0.0742550134632546,0.09015565566728097,-0.19403238707477138,0.099588473378198,0.0331894964853418,0.4106175981788281,0.2509674083207189,0.437908547694026,0.5493746429092141,0.2061359840924251,0.3488660723625525
2021-01-04 18:20:00,0.0740157162165975,0.09022109649649218,-0.19798583353216384,0.0995881552506393,0.7350198624639148,0.4110900552864708,0.2601668568140565,0.4554887269608155,0.5496914198981281,0.2061359840924251,0.3488660723625525
2021-01-04 18:30:00,0.073901322816649,0.09027547060185147,-0.20013505224691752,0.0997093075275152,-0.5272678829623345,0.4125611103215131,0.2208994651715845,0.3739191827247466,0.550354803561278,0.2061359840924251,0.3488660723625525
2021-01-04 18:40:00,0.0740401959403111,0.09033215657282723,-0.19888537114432542,0.0997023247880033,-0.4127939814681625,0.4127119744449171,0.2393983682139904,0.4131534548356757,0.5496516979566397,0.2061359840924251,0.3488660723625525
2021-01-04 18:50:00,0.0740412114620909,0.09038372558156428,-0.19944237460245692,0.0996935468561122,0.0315155874117678,0.4125619678700214,0.2527871391151348,0.4452440219449606,0.5523283181195093,0.2061359840924251,0.3488660723625525
2021-01-04 19:00:00,0.0741007531410672,0.09042731827685185,-0.1991207189774806,0.0996913140670336,-0.1114551814620057,0.41268617962543624,0.2609982212886806,0.4608444779584769,0.5523843639651933,0.2061359840924251,0.3488660723625525
2021-01-04 19:10:00,0.0745041838103257,0.09046639093204281,-0.19412312847742563,0.0996051892956863,0.2699724745070853,0.4118345654093798,0.2966658446315278,0.5319260423396294,0.5535457941860586,0.2061359840924251,0.3488660723625525
2021-01-04 19:20:00,0.0747990296445305,0.09044835093774328,-0.1899740676903348,0.0994661587211739,0.5887836982534367,0.4106782759875222,0.2948338129442071,0.531393859688206,0.553436509199005,0.2061359840924251,0.3488660723625525
2021-01-04 19:30:00,0.0739945642361684,0.09045481912392082,-0.20085885560809602,0.1000453324156387,1.0940943009984494,0.4161920918672018,0.2868630408892004,0.5233485290959423,0.5528614007839678,0.2061359840924251,0.3488660723625525
2021-01-04 19:40:00,0.0740455842136252,0.09054131494658889,-0.20112535884064076,0.1000359952276803,-0.2797878993389346,0.4160844838943972,0.2739077439874215,0.5046255674063966,0.5519656329176965,0.2061359840924251,0.3488660723625525
2021-01-04 19:50:00,0.0744656961453772,0.09060294265316245,-0.1961481272176066,0.0999925346446413,0.0077631813176992,0.4148678685403168,0.2821333638409499,0.5226396150568584,0.5504051098257454,0.2061359840924251,0.3488660723625525
2021-01-04 20:00:00,0.0743084330689112,0.09064904920103972,-0.1987710029269768,0.0994898130612873,-0.4927347868541432,0.4097054450858389,0.2846544193596871,0.5159156194608785,0.5500983344139527,0.2061359840924251,0.3488660723625525
2021-01-04 20:10:00,0.0744340148021297,0.0906069391296775,-0.19661777539026606,0.0991486755533804,0.2713108580206125,0.405272097841937,0.2485271963375216,0.4426872253418339,0.5506559100549526,0.2061359840924251,0.3488660723625525
2021-01-04 20:20:00,0.0746563545301085,0.09056051835269989,-0.19312269362056328,0.0990570672287009,-0.6489872195855284,0.40376004371617585,0.2548175421327502,0.4564687230696866,0.5500383294156665,0.2061359840924251,0.3488660723625525
2021-01-04 20:30:00,0.0746556537202839,0.09048767137473197,-0.19232735603162912,0.0990100120796094,-0.0335568656707252,0.40239118175934546,0.2557246904675564,0.4617674467928682,0.550499911466301,0.2061359840924251,0.3488660723625525
2021-01-04 20:40:00,0.0746647126397866,0.09042547025161835,-0.19151838544326028,0.0989046453715415,0.0840301412070587,0.40119959312037184,0.2473791729648862,0.444739308785871,0.5499142612752868,0.2061359840924251,0.3488660723625525
2021-01-04 20:50:00,0.0746117486134401,0.09034943501598476,-0.19138678081125193,0.0989890124414964,-0.4881048716731229,0.4032209618650976,0.2554288739344611,0.4520750340709963,0.5512628567523381,0.2061359840924251,0.3488660723625525
2021-01-04 21:00:00,0.0745297793850628,0.09031352889056642,-0.19208850199488536,0.0991245980981918,0.5319698300167985,0.4138981480581683,0.2720861669307894,0.487542479265043,0.5530168982579969,0.2061359840924251,0.3488660723625525
2021-01-04 21:10:00,0.0744891706191743,0.09029756501305622,-0.19245674053080752,0.0991397265865905,0.254983315550028,0.42674027061313363,0.2739169203414917,0.4915217725367052,0.5525824389793765,0.2061359840924251,0.3488660723625525
2021-01-04 21:20:00,0.0733903594569977,0.09030332693164134,-0.20738171839448583,0.0998959812352155,-1.2747533626042085,0.4471823828658101,0.2682519549278712,0.48269692354674,0.5507622218166475,0.2061359840924251,0.3488660723625525
2021-01-04 21:30:00,0.0731480570429891,0.09039336753838949,-0.21168533092653538,0.1000785522813103,-0.6053253696656213,0.461984348342638,0.2880542085225714,0.5194226257001131,0.5502793972400759,0.2061359840924251,0.3488660723625525
2021-01-04 21:40:00,0.0738341908138101,0.09046984369736596,-0.20319466188181573,0.1000589972368722,0.1256264325043332,0.47243860941235266,0.2966307339600712,0.529808229864838,0.5506474875174157,0.2061359840924251,0.3488660723625525
2021-01-04 21:50:00,0.0739317386801239,0.09056425552044238,-0.20291738730528341,0.1000604387597909,0.2317794812672247,0.4842340780384512,0.2614924827242291,0.4595815540164807,0.5522696493754893,0.2061359840924251,0.3488660723625525
2021-01-04 22:00:00,0.0746522142177868,0.09062263195567828,-0.19386379782055718,0.0996410203872004,0.014653564795708,0.4890155275337465,0.2657927098975761,0.4751332530443371,0.5504394452918799,0.2061359840924251,0.3488660723625525
2021-01-04 22:10:00,0.074311769684834,0.09062390749328812,-0.19844871107507123,0.099542691763188,0.8995976263992844,0.49363396866924714,0.2554313395638394,0.4607723104697412,0.5509116159764504,0.2061359840924251,0.3488660723625525
2021-01-04 22:20:00,0.0743364912215586,0.09063851028190237,-0.19827721634551165,0.0995174920574264,0.0591526826431376,0.49882917483524686,0.2551017673793974,0.4597618379068054,0.550499599939057,0.2061359840924251,0.3488660723625525
2021-01-04 22:30:00,0.0747491011423605,0.09062957335884915,-0.1926433892037791,0.0993250273079522,0.0519769756891719,0.50324488928165,0.2871778213841127,0.5204534987251159,0.5507803559511848,0.2061359840924251,0.3488660723625525
2021-01-04 22:40:00,0.0749101524332249,0.0906046771782025,-0.19021640835732556,0.0989814304395787,0.0957199798671482,0.5050364452427748,0.2981554487874921,0.5367479189991383,0.5523493663561896,0.2061359840924251,0.3488660723625525
2021-01-04 22:50:00,0.0749185857387062,0.09051470226698223,-0.1891102930550402,0.0989231463180866,-0.1008526997299696,0.5072898306900417,0.3010655263623981,0.5479603405477977,0.5524483970795713,0.2061359840924251,0.3488660723625525
2021-01-04 23:00:00,0.0748821761471735,0.09044094278167458,-0.18878117820213058,0.0989658068861052,-0.2939606137129402,0.5085968735859749,0.2779646017843911,0.5043353666232943,0.551241071471795,0.2061359840924251,0.3488660723625525
2021-01-04 23:10:00,0.0753319450788351,0.09039234830184051,-0.1822553388596622,0.0989131155018687,-0.1595221522821432,0.5112337277278928,0.2839152745184942,0.5161142520972026,0.5495464182869475,0.2061359840924251,0.3488660723625525
2021-01-04 23:20:00,0.0730894881557679,0.0903485412153705,-0.2119903154427995,0.1003286950230274,1.8258122544741795,0.5267525465416039,0.2747786952656244,0.4914991583846959,0.549293964157027,0.2061359840924251,0.3488660723625525
2021-01-04 23:30:00,0.0731171102356723,0.09044793404377256,-0.21271196519758534,0.1002970642290023,0.2214213485698835,0.528302994268858,0.2136494981658738,0.3607420008321644,0.5507997510521756,0.2061359840924251,0.3488660723625525
2021-01-04 23:40:00,0.0730907313453153,0.09054050066262147,-0.2140957071971647,0.1002327393303148,0.3104322397391001,0.5275424202529813,0.2367781229500162,0.4173899283005887,0.5514220621524052,0.2061359840924251,0.3488660723625525
2021-01-04 23:50:00,0.0730977993574157,0.09062191801286225,-0.21489784270975046,0.1000127466325377,0.1921543575575057,0.5250634476002357,0.2379761629733974,0.4226553313975069,0.5533309581995238,0.2061359840924251,0.3488660723625525
2021-01-05 00:00:00,0.0732163114411725,0.09072390703582792,-0.21440267598621815,0.1003870112658511,0.92007558513707,0.5308660669053257,0.24364051652882,0.4307372481264201,0.5530073333546262,0.2414865182602465,0.4208945670458039
2021-01-05 00:10:00,0.0730712568778525,0.090900602287158,-0.218331540316903,0.1003192436153942,0.4637645638487342,0.531444299510757,0.2868961410958938,0.5149921989829271,0.5545614253381621,0.2414865182602465,0.4208945670458039
2021-01-05 00:20:00,0.0729952558436879,0.0910229737690893,-0.2207174830615009,0.0999693866286112,-0.3332783319399013,0.5287412964085072,0.3079871581634873,0.5527443592512327,0.5571724998959313,0.2414865182602465,0.4208945670458039
2021-01-05 00:30:00,0.0722726532486188,0.09108712166695813,-0.2313706118530925,0.1004940991842851,1.1541039762207106,0.5328586305984382,0.315426541513832,0.5742871426381252,0.5582311216695888,0.2414865182602465,0.4208945670458039
2021-01-05 00:40:00,0.0722879065431791,0.09122105644137142,-0.23262890501899655,0.1004403496919286,-0.0122468606882364,0.5314861440167463,0.2913042903563273,0.5339493776848672,0.5556404861201303,0.2414865182602465,0.4208945670458039
2021-01-05 00:50:00,0.0720434003375185,0.09131302527287932,-0.2370247220882242,0.1006506900386269,-0.7499398244361188,0.5333561044746137,0.2870617814039158,0.5263171627599588,0.5536619645650639,0.2414865182602465,0.4208945670458039
2021-01-05 01:00:00,0.0720896554686559,0.09141020184952361,-0.2374465306195006,0.1006479070155904,-0.0971038561011994,0.5331357101972186,0.2840551294065753,0.5137645540633822,0.5537928937910706,0.2414865182602465,0.4208945670458039
2021-01-05 01:10:00,0.072088762238339,0.09150258604979003,-0.23846906612432808,0.1005834171557931,-0.0523471096647298,0.5320573341619758,0.2413677048546413,0.4254381107468805,0.554025101669166,0.2414865182602465,0.4208945670458039
2021-01-05 01:20:00,0.0720114757787762,0.09159108227542322,-0.24050841973715129,0.1006606999292206,0.4578700490505127,0.5329783195022182,0.2546869509364521,0.4528764114637568,0.5537472668632495,0.2414865182602465,0.4208945670458039
2021-01-05 01:30:00,0.0720211515960825,0.09165794177223485,-0.24110377576069206,0.1000729343389275,0.1197558301802459,0.5264485491714196,0.256529918901923,0.4637169221608868,0.555468353766783,0.2414865182602465,0.4208945670458039
2021-01-05 01:40:00,0.0720122789832145,0.09160350844539561,-0.24063292684316528,0.0998536952188505,0.1141342360130082,0.5220966959060636,0.2487917847520789,0.4406538393897548,0.5538587550439009,0.2414865182602465,0.4208945670458039
2021-01-05 01:50:00,0.071974904547,0.09155862652788056,-0.24066198388341495,0.0999404965855434,0.5008376317611862,0.5196689163205478,0.2806913428820762,0.4993323832563392,0.5523137221290193,0.2414865182602465,0.4208945670458039
2021-01-05 02:00:00,0.0721125191983081,0.09154982817959074,-0.2386557285154877,0.099949644669757,-0.2659666057349241,0.5177735115432274,0.2848098493933514,0.5048811724661418,0.5531378395485693,0.2414865182602465,0.4208945670458039
2021-01-05 02:10:00,0.0720721574917649,0.09153273872768448,-0.23902890404160013,0.0998058585319296,-0.3849537375048228,0.5147462069268613,0.2639066073914447,0.4589709815808074,0.5538508520063903,0.2414865182602465,0.4208945670458039
2021-01-05 02:20:00,0.0722500800024794,0.09152513470928936,-0.23648019654306648,0.099827375233592,-0.211938629733055,0.5133011259941491,0.2578730290488749,0.4583576878739105,0.5531391779152244,0.2414865182602465,0.4208945670458039
2021-01-05 02:30:00,0.0723148221002334,0.0915138635453086,-0.23546135850537117,0.0998926901648563,-0.3736032707413628,0.5126895292142816,0.2644109907767444,0.4694844604068461,0.5519366531083749,0.2414865182602465,0.4208945670458039
2021-01-05 02:40:00,0.0723007661456819,0.09149805263299135,-0.23548296348778813,0.0997273153718038,-0.1450469774770368,0.5099186510083965,0.2678730252776437,0.4672525820059263,0.5512297894116989,0.2414865182602465,0.4208945670458039
2021-01-05 02:50:00,0.0725106091782359,0.09148501617754491,-0.23244231660143536,0.09961575980303,-0.0882850880884689,0.5071102342692891,0.238843574343214,0.4062145609609319,0.5518139298009854,0.2414865182602465,0.4208945670458039
2021-01-05 03:00:00,0.072294161528833,0.09145937945087017,-0.23515156078391364,0.099766328376077,0.5711127199326427,0.5070787976552286,0.2650316024185355,0.4648796171654166,0.5512634176802991,0.2414865182602465,0.4208945670458039
2021-01-05 03:10:00,0.0722266072293698,0.09145409175005328,-0.2360286176715606,0.0998491736461795,-0.4137490350657913,0.5065725428830841,0.2743823215217954,0.4897903958751969,0.5532038192246003,0.2414865182602465,0.4208945670458039
2021-01-05 03:20:00,0.0706653666303469,0.09145728280239111,-0.25791641955794575,0.1009393627074605,-1.495495414804893,0.516266651842456,0.2701330325480269,0.4824599469131529,0.5507539375774051,0.2414865182602465,0.4208945670458039
2021-01-05 03:30:00,0.0707431568725753,0.0916093647906632,-0.2584776929640034,0.1010113808698583,0.3813815620246075,0.5159816120430848,0.2932558525984166,0.5263017096417781,0.5499119577556766,0.2414865182602465,0.4208945670458039
2021-01-05 03:40:00,0.0684752531375702,0.09173551342328193,-0.29243717069362896,0.1025744107946859,-1.7843748400876436,0.5307173090614123,0.3009356771808885,0.5414524118779271,0.5514578394253533,0.2414865182602465,0.4208945670458039
2021-01-05 03:50:00,0.0681790048531764,0.09201522408153051,-0.29981737177868056,0.1027571049341412,-0.8472037296749946,0.5323837693689475,0.3008509191166201,0.5465074441724027,0.551561758462463,0.2414865182602465,0.4208945670458039
2021-01-05 04:00:00,0.0686139745103359,0.09226201454577329,-0.29613628936988173,0.1027747949746479,-0.2093960892647572,0.5318763357283236,0.2842644223453914,0.5150110329655846,0.5504088835756926,0.2414865182602465,0.4208945670458039
2021-01-05 04:10:00,0.0683055379381749,0.09247882259124737,-0.30298882750711653,0.1030210425415567,-0.7439906147416409,0.5335184109072499,0.2924878175775825,0.5343108923253406,0.5498120916965965,0.2414865182602465,0.4208945670458039
2021-01-05 04:20:00,0.073669964707311,0.0927702072440176,-0.23053036398780827,0.1036269147581808,1.159628064056761,0.5391779102660849,0.2814500999114602,0.5018818489433201,0.54937126770438,0.2414865182602465,0.4208945670458039
2021-01-05 04:30:00,0.0740132124889808,0.09302775466392266,-0.2286542614612854,0.1036586835785875,0.2568143866129801,0.5389987366233474,0.2389224038075018,0.4114948629144521,0.5480898085316954,0.2414865182602465,0.4208945670458039
2021-01-05 04:40:00,0.0739643455420983,0.09329708461320656,-0.2322056998238212,0.1036923865858242,0.2699583806073491,0.5391397487302297,0.2443860708782564,0.4288329374871646,0.5478120574409955,0.2414865182602465,0.4208945670458039
2021-01-05 04:50:00,0.0718387893895988,0.09353212082522247,-0.26388034316569503,0.1052111136724613,-1.7821733555738462,0.5541008173382157,0.2249743971997446,0.3890368733180094,0.5504318707980007,0.2414865182602465,0.4208945670458039
2021-01-05 05:00:00,0.0711843681683393,0.09388181660606205,-0.27676347497830756,0.1056638008382153,1.0280150595937343,0.5612240793114245,0.2347981171600056,0.4090081620064799,0.550176099738706,0.2414865182602465,0.4208945670458039
2021-01-05 05:10:00,0.0708498085679039,0.09422557913574313,-0.2851294212429301,0.105879101237183,-0.7386159317150032,0.5689020780967031,0.2663970968376157,0.4676122351727801,0.5501402416068597,0.2414865182602465,0.4208945670458039
2021-01-05 05:20:00,0.070848775138232,0.09455705706696675,-0.28865575289632317,0.1058777490496773,0.053921221145714,0.5745336054647356,0.2776507513730129,0.4869644111290055,0.5510584194048498,0.2414865182602465,0.4208945670458039
2021-01-05 05:30:00,0.0707381628673881,0.09484926099836918,-0.29330369185341865,0.1057883023577049,0.4699243609952219,0.5784589025942592,0.2879414156015901,0.510277227035466,0.5518311441417825,0.2414865182602465,0.4208945670458039
2021-01-05 05:40:00,0.0685976175428601,0.09510592522736334,-0.32673346840752004,0.107211039388654,-1.765557741678414,0.5952438228220279,0.2861486674976828,0.5107786427755975,0.5514693409493929,0.2414865182602465,0.4208945670458039
2021-01-05 05:50:00,0.0684613262558317,0.09553132920450388,-0.3331852425600703,0.1072541827382865,-0.4525735703850841,0.5987702023599693,0.2977087671175416,0.5354587793634238,0.5509023539636436,0.2414865182602465,0.4208945670458039
2021-01-05 06:00:00,0.0685487867368095,0.09584640136379313,-0.33520121743056264,0.1071396244915664,0.01779177197605,0.6003329528711957,0.2865619977853376,0.5100772609359234,0.549087382785354,0.2414865182602465,0.4208945670458039
2021-01-05 06:10:00,0.068548202274561,0.0961252244766039,-0.3381145824405366,0.1068542847560261,0.1354681302776939,0.6003403773416459,0.2362707734828239,0.4090193208941369,0.547983517337907,0.2414865182602465,0.4208945670458039
2021-01-05 06:20:00,0.06855324793683,0.0963298766424123,-0.3401677307580493,0.1068642080212122,0.1912124426917572,0.6021185477739552,0.2518213822484951,0.4463823756226328,0.5475886035956405,0.2414865182602465,0.4208945670458039
2021-01-05 06:30:00,0.068008922217938,0.0965085964112801,-0.3499931807032824,0.1074717397796855,1.1833811021210394,0.609307890884875,0.2556916192251686,0.4578798462887122,0.5484380976620761,0.2414865182602465,0.4208945670458039
2021-01-05 06:40:00,0.0676000374232738,0.0967331772151497,-0.35834790123052873,0.1078971245156047,1.0181815374171066,0.6146463277376446,0.2609619249928772,0.4606358072665313,0.5470860331581381,0.2414865182602465,0.4208945670458039
2021-01-05 06:50:00,0.0675324073945177,0.0969736277867307,-0.36183147083923306,0.1079168555367659,-0.3521488253950267,0.6161468108818124,0.2969484052281351,0.5295875687797023,0.5474517302091139,0.2414865182602465,0.4208945670458039
2021-01-05 07:00:00,0.0676941425601551,0.09719234994689552,-0.3616923484733597,0.1074436953707554,-0.1726154589279716,0.6128050577641755,0.2935724755067578,0.5208595494140145,0.5486659580846929,0.2414865182602465,0.4208945670458039
2021-01-05 07:10:00,0.0677070112664172,0.0973278880123302,-0.36289582864250597,0.1072270844404278,0.1730972079467818,0.6102715443251792,0.2918589343339787,0.5218852836101342,0.5475572986919597,0.2414865182602465,0.4208945670458039
2021-01-05 07:20:00,0.0677653646248791,0.09739372991317541,-0.36271061578906666,0.1069226228584964,-0.0284592894358226,0.6054639790397099,0.2726963651959517,0.4875608879979275,0.5465156438114174,0.2414865182602465,0.4208945670458039
2021-01-05 07:30:00,0.0676743590517896,0.09744636914149778,-0.3645948020971993,0.1070077303404547,-0.5505726193108629,0.6066558546229651,0.2585833717360805,0.4521392175821118,0.5461965046618493,0.2414865182602465,0.4208945670458039
2021-01-05 07:40:00,0.0684328263432534,0.09746579292490742,-0.35364884784454276,0.1070527081464945,-0.3240392685178506,0.6070370069740249,0.2678508473777467,0.4689554929111728,0.5465635052407735,0.2414865182602465,0.4208945670458039
2021-01-05 07:50:00,0.068567125319827,0.09748363668519607,-0.35187133792430103,0.107005227505689,-0.0404207851318005,0.606957698085454,0.2293840936987792,0.3857506900933816,0.5465304676677931,0.2414865182602465,0.4208945670458039
2021-01-05 08:00:00,0.0669988219029482,0.09752919837846648,-0.3754767680215341,0.1077483181160123,1.5860978052735677,0.6150394291774488,0.2528926559378825,0.4372560400122487,0.5459406319318865,0.2414865182602465,0.4208945670458039
2021-01-05 08:10:00,0.0676208243165528,0.09765613031957979,-0.36753644621187265,0.1077922119190915,0.4853324557821281,0.615372443978887,0.2662064113926145,0.4671152241816014,0.548222994369841,0.2414865182602465,0.4208945670458039
2021-01-05 08:20:00,0.0678527715214813,0.0977675394012977,-0.3652523807640844,0.1079992603978912,-0.7964676461764242,0.616834563054653,0.2775223648362385,0.4882942930588062,0.5487586209266844,0.2414865182602465,0.4208945670458039
2021-01-05 08:30:00,0.0684188364991422,0.09787758304646331,-0.3580693711113316,0.1078337057937936,0.0379249458672958,0.6147884143336237,0.3135758507195194,0.560401637616453,0.5504157593430207,0.2414865182602465,0.4208945670458039
2021-01-05 08:40:00,0.0683193430817601,0.09796178098276395,-0.36038447851263805,0.1078765344519189,-0.3831102944715781,0.6145456967780563,0.3062200880279032,0.548395883745553,0.5504214943444615,0.2414865182602465,0.4208945670458039
2021-01-05 08:50:00,0.0683996059512361,0.09805185335911447,-0.36012939098236874,0.1077988153209819,0.2942761052359799,0.6133216601219894,0.2919451109223888,0.5271462185212201,0.5498803056070705,0.2414865182602465,0.4208945670458039
2021-01-05 09:00:00,0.0697484695218728,0.09812522811981912,-0.34134902276583856,0.1076285644251343,0.0455954018020676,0.6108682480505608,0.2756577290864025,0.5007246242767394,0.5502097279054656,0.2414865182602465,0.4208945670458039
2021-01-05 09:10:00,0.0702404490239369,0.09814614149603142,-0.3345332656159241,0.1077632463054112,0.5687046050327993,0.6105116435303105,0.2791226480173884,0.5083663794331444,0.5491257610381186,0.2414865182602465,0.4208945670458039
2021-01-05 09:20:00,0.0703394760136368,0.09818775957672628,-0.33354838201527176,0.1076394910555726,0.2547640869476453,0.6083973787228506,0.2773442333922078,0.4924249866240192,0.549568627812038,0.2414865182602465,0.4208945670458039
2021-01-05 09:30:00,0.0703207758252996,0.0982208813288618,-0.33415154747995746,0.1062744250754372,0.2886614258187592,0.5947428414840386,0.2398430688438276,0.4153829004049589,0.5501802073553899,0.2414865182602465,0.4208945670458039
2021-01-05 09:40:00,0.0702951481831054,0.09802600430065203,-0.33253001293077333,0.1061047592403846,0.2161479932032861,0.5865719457863221,0.2466863283177418,0.4326841861544803,0.5496745736450775,0.2414865182602465,0.4208945670458039
2021-01-05 09:50:00,0.0702997211082961,0.09782973443664408,-0.3304607322829089,0.1059800529246222,-0.1625971637372103,0.5786992586044055,0.250040887960364,0.4425412237975197,0.5495030228424311,0.2414865182602465,0.4208945670458039
2021-01-05 10:00:00,0.0708416826006483,0.09768890309142682,-0.3213404063794242,0.1056189134980234,-0.2066072264476304,0.5709746721330442,0.2445816803562518,0.4283244698444648,0.5483989322529663,0.2414865182602465,0.4208945670458039
2021-01-05 10:10:00,0.0708153694375463,0.09755547257846502,-0.3203451061441971,0.0852319822315327,0.2125871878835283,0.3513896588742687,0.2575901583116147,0.4435059687616106,0.5495053513603133,0.2414865182602465,0.4208945670458039
2021-01-05 10:20:00,0.0708348040299932,0.09564340181403543,-0.300276248646789,0.0851942169144005,0.0028474750017437,0.30209434061406143,0.2696359430346455,0.4727945787087299,0.5512406095149059,0.2414865182602465,0.4208945670458039
2021-01-05 10:30:00,0.0700153537811468,0.09385232959798959,-0.29300802756367383,0.0856423839711909,-1.149766211889336,0.26644800641044825,0.2659775410499141,0.4681999510254503,0.5508638681704071,0.2414865182602465,0.4208945670458039
2021-01-05 10:40:00,0.0700792169932045,0.09228850838575918,-0.27529335737129035,0.0814024278169941,-0.2061582599393929,0.18193364027535705,0.2585077344974016,0.457523752772801,0.5500294269671525,0.2414865182602465,0.4208945670458039
2021-01-05 10:50:00,0.069812896018948,0.09005285550875962,-0.2545780319561433,0.0814769747613926,0.6429221040542998,0.13998567002320114,0.2748397171511669,0.4947430903759951,0.5491429477762368,0.2414865182602465,0.4208945670458039
2021-01-05 11:00:00,0.0713567873971473,0.08854289021388431,-0.21579460220178595,0.0812813718254207,0.2565625795726944,0.11068239677116604,0.2888167660697008,0.5140090391074891,0.5496897548337416,0.2414865182602465,0.4208945670458039
2021-01-05 11:10:00,0.0715851373307827,0.08713026420430162,-0.19651681529858037,0.0812916349855852,-0.2402492618791996,0.08749360782190037,0.2589684324877576,0.4512412490161213,0.5499959993315158,0.2414865182602465,0.4208945670458039
2021-01-05 11:20:00,0.0724229760244237,0.08589320512252763,-0.17058112622805893,0.0812445029287135,0.1393194205324022,0.06768405774335663,0.2685325827723845,0.4805440014510783,0.5478470233577821,0.2414865182602465,0.4208945670458039
2021-01-05 11:30:00,0.0720559863195394,0.08470898619152786,-0.16177828575868514,0.0814695414594623,0.7961738454600464,0.05296383299456345,0.2615413572773005,0.4708964231519366,0.5482295118341397,0.2414865182602465,0.4208945670458039
2021-01-05 11:40:00,0.0720788423766047,0.08373500446604448,-0.1498965506087634,0.0814663214031783,0.2802938788558862,0.03881966070365938,0.2610129723217234,0.4697633275569092,0.5479222743054911,0.2414865182602465,0.4208945670458039
2021-01-05 11:50:00,0.0722568251852027,0.0828710791829433,-0.13705934861507157,0.0792107743458855,0.1655124729948554,-0.0009967472042234922,0.2922815850493723,0.5308139641901155,0.5483943787537083,0.2414865182602465,0.4208945670458039
2021-01-05 12:00:00,0.0723232573362352,0.08189297290196956,-0.12426743055493791,0.079152386261351,-0.1740738635209737,-0.0144492283432842,0.2962605350004806,0.5345550232027022,0.5495645726283486,0.2414865182602465,0.4208945670458039
2021-01-05 12:10:00,0.0718131152957442,0.08104501394154473,-0.12093760432717221,0.0780920554470856,0.8599277628386304,-0.03851826455632118,0.2949695346742558,0.5379749556193558,0.5496506456489578,0.2414865182602465,0.4208945670458039
2021-01-05 12:20:00,0.0715219986421435,0.08030257143338256,-0.11579656757673376,0.0783260735412787,-0.6741340673848129,-0.045034492460166796,0.2731623499088162,0.4980664850514598,0.5482211851681407,0.2414865182602465,0.4208945670458039
2021-01-05 12:30:00,0.0717715819356631,0.07974755539483935,-0.10537748490005158,0.07829723186389,0.0817178506006044,-0.052758096541424125,0.2785667198366567,0.5093792690228337,0.5454269320652853,0.2414865182602465,0.4208945670458039
2021-01-05 12:40:00,0.0717647028259661,0.07909804063843442,-0.097295352694891,0.0781894007895724,0.0993721001826486,-0.062212398604648785,0.273663660607183,0.4902404224109439,0.5450471306179552,0.2414865182602465,0.4208945670458039
2021-01-05 12:50:00,0.0717003953303663,0.07850878364135305,-0.09071425078562614,0.078641697479133,-0.8438895223640941,-0.06355955088565109,0.2147886330385035,0.3595646466728311,0.5457258569174502,0.2414865182602465,0.4208945670458039
2021-01-05 13:00:00,0.0719006604401903,0.07812600451011044,-0.08303751548039234,0.0784102118015154,0.4528600655360648,-0.07173494305864835,0.2360702871934004,0.4154392401475126,0.5456244723901251,0.2414865182602465,0.4208945670458039
2021-01-05 13:10:00,0.0719257860243503,0.07766803348845784,-0.07680892554007211,0.0778536745220453,0.0649632102584618,-0.08461357192450922,0.2362977763691849,0.4186835518547684,0.5472878434279143,0.2414865182602465,0.4208945670458039
2021-01-05 13:20:00,0.0719490362627965,0.07724754892268845,-0.07105714741537072,0.0763442556973299,-0.1539469229770773,-0.10941934484320186,0.2385739222904454,0.4188237062111651,0.5462921318544816,0.2414865182602465,0.4208945670458039
2021-01-05 13:30:00,0.0718913973766778,0.07670995414984437,-0.06487486975057344,0.0763919352821853,0.296032663965029,-0.11511269975071034,0.2790288249102063,0.4985217462264075,0.5472650099153338,0.2414865182602465,0.4208945670458039
2021-01-05 13:40:00,0.0719700769259063,0.07625583188610607,-0.05784346193513308,0.0764344370358332,-0.4118773164570655,-0.11958529764618023,0.2930531410380745,0.5270916653601476,0.5493966004745647,0.2414865182602465,0.4208945670458039
2021-01-05 13:50:00,0.0719178208394645,0.07586213104130721,-0.053393537712034415,0.0757158225001403,-0.6569569895702898,-0.1334727134882572,0.2943137716270352,0.5354207358064271,0.5502554265408925,0.2414865182602465,0.4208945670458039
2021-01-05 14:00:00,0.0719732887177765,0.07544707159235484,-0.047136311749374715,0.0760452783155185,-0.8272243602780449,-0.13383228012613843,0.2713391018821192,0.4981955169481016,0.5478905261961483,0.2414865182602465,0.4208945670458039
2021-01-05 14:10:00,0.0718799565361451,0.07512000811866587,-0.044089485733221745,0.0758859043342376,0.4286091037672079,-0.14000914965881767,0.26644547167012,0.4929217175341844,0.5457919646675293,0.2414865182602465,0.4208945670458039
2021-01-05 14:20:00,0.0719125282333871,0.07483344617588766,-0.03981443163454467,0.0761006473161294,0.5732540376337525,-0.1410815292046971,0.2679819360039421,0.4881816844958699,0.546037302974798,0.2414865182602465,0.4208945670458039
2021-01-05 14:30:00,0.0720661210982576,0.07459226335712708,-0.03445274730323702,0.0761046723523042,0.1535720527050088,-0.14456909871033033,0.2307028696502845,0.4092476149815574,0.545471716272117,0.2414865182602465,0.4208945670458039
2021-01-05 14:40:00,0.0710810278423565,0.07437114267553503,-0.045247535793322614,0.07698921223225,1.2059932578617705,-0.1359387306361869,0.2462571643587022,0.4432928005381972,0.5446456570489014,0.2414865182602465,0.4208945670458039
2021-01-05 14:50:00,0.070445089650983,0.0742583852647352,-0.05271716802234307,0.0778236648779544,1.317751288877389,-0.1276980783883637,0.2527373560077443,0.4593873501947701,0.546267580882788,0.2414865182602465,0.4208945670458039
2021-01-05 15:00:00,0.0704924321237205,0.07435039400443633,-0.05328361391862199,0.077938336597403,-0.6500723621066129,-0.12747634895077534,0.2431014338878526,0.4358784516954281,0.5450893278670659,0.2414865182602465,0.4208945670458039
2021-01-05 15:10:00,0.0708428384868621,0.07441868154927908,-0.0492431253157651,0.0776224104898771,0.01857546676991,-0.13271481815698266,0.274109505763454,0.4946772830035019,0.5437423611900589,0.2414865182602465,0.4208945670458039
2021-01-05 15:20:00,0.0708485356010731,0.07448870740396488,-0.05010323850689207,0.0769758178248505,-0.0117102183903483,-0.1422186386973153,0.2718009169672125,0.4890204242548994,0.5445671567029333,0.2414865182602465,0.4208945670458039
2021-01-05 15:30:00,0.0708127439059809,0.07441411621337633,-0.049606674718671334,0.0766753491216004,-0.252771498735882,-0.14748685971408015,0.2496048050451338,0.443568775943217,0.5452634981637152,0.2414865182602465,0.4208945670458039
2021-01-05 15:40:00,0.0710568583961346,0.07431107650733643,-0.044779639738468165,0.0764653742762148,-0.2211971262429557,-0.1513847350998838,0.2473523877455257,0.4469425739220998,0.5448283723944405,0.2414865182602465,0.4208945670458039
2021-01-05 15:50:00,0.0710436284559007,0.07420879468066092,-0.043588496226235646,0.076396539596745,0.2923002265504237,-0.15334303695227347,0.2544635741223888,0.4599026995308043,0.5431233617528628,0.2414865182602465,0.4208945670458039
2021-01-05 16:00:00,0.0720761310452785,0.07413109353271359,-0.02811212409697049,0.0753113646126951,-0.1695603518008681,-0.16858857500681498,0.2640604208052132,0.4685530225292086,0.5428762540606253,0.2414865182602465,0.4208945670458039
2021-01-05 16:10:00,0.0702030646617803,0.07392772897384071,-0.05169601426677384,0.0768772575017191,1.6579406980790523,-0.1498470323148182,0.2376433101944736,0.4095646809885653,0.5436732886949924,0.2414865182602465,0.4208945670458039
2021-01-05 16:20:00,0.0702197162140464,0.07390146848191131,-0.05110356961129699,0.0769031186404154,-0.2167873637279882,-0.1508888416537202,0.2609157460482562,0.4651139038663974,0.5442397020236968,0.2414865182602465,0.4208945670458039
2021-01-05 16:30:00,0.0702098852236524,0.07389278346789523,-0.051126054248655455,0.0763983434588083,-0.1234130027439661,-0.15825370537118327,0.2674437393881275,0.4839490534750237,0.5472416489992642,0.2414865182602465,0.4208945670458039
2021-01-05 16:40:00,0.0703311935245844,0.07385678545157788,-0.04891246577042437,0.0751170206451803,-0.112015168696189,-0.17656594597712724,0.2545754384370973,0.4591105956335264,0.5451831874459485,0.2414865182602465,0.4208945670458039
2021-01-05 16:50:00,0.0703188083764479,0.073645961496107,-0.04623000017365866,0.0751173875431647,0.153385025179098,-0.17876834949396278,0.2722698037007022,0.4930463140340352,0.5448346143921878,0.2414865182602465,0.4208945670458039
2021-01-05 17:00:00,0.0704293994677778,0.0734757785394243,-0.042345026158800765,0.0751698150335865,0.2886201630353469,-0.17902104205560898,0.2760435874535688,0.5015905389271449,0.5459684011121946,0.2414865182602465,0.4208945670458039
2021-01-05 17:10:00,0.0701205948306982,0.07335291093627111,-0.04506564631150461,0.0750455310307,-0.6624307210778113,-0.18091553644752967,0.2735124021580579,0.5003494346673261,0.5459679857540272,0.2414865182602465,0.4208945670458039
2021-01-05 17:20:00,0.070281255327344,0.07322721985487295,-0.041062082826922155,0.0750549133482733,-0.145149630121999,-0.18109599004918614,0.2641750662223745,0.4819896053313565,0.5453040540247689,0.2414865182602465,0.4208945670458039
2021-01-05 17:30:00,0.0701967472576794,0.07312980423948684,-0.04093402779790802,0.0751377929694013,0.3550721179397698,-0.18014433594866888,0.2728618362300741,0.5012373020108891,0.5443089195484162,0.2414865182602465,0.4208945670458039
2021-01-05 17:40:00,0.0701496962799027,0.07302710540831975,-0.040199202236066406,0.0742088557413377,0.2612933747885293,-0.19238356634748371,0.2637442786552831,0.4730734249627971,0.5436547528160023,0.2414865182602465,0.4208945670458039
2021-01-05 17:50:00,0.0697518643882268,0.0728805429299018,-0.04387755264129764,0.0735781455628449,0.7461797258299541,-0.2012814092653916,0.222691437743416,0.3862606837462262,0.5423960540740886,0.2414865182602465,0.4208945670458039
2021-01-05 18:00:00,0.0699679522343854,0.07268278268649847,-0.03806721762851182,0.073420220401254,0.2929491112210414,-0.2043914614950094,0.2272885817438185,0.4018040719550749,0.5413001376664928,0.2414865182602465,0.4208945670458039
2021-01-05 18:10:00,0.0691092747396761,0.07249111218262953,-0.0477750200022923,0.0742550134632546,1.1108033801132675,-0.19403238707477138,0.2082725381023714,0.3623469979770447,0.5434803328954898,0.2414865182602465,0.4208945670458039
2021-01-05 18:20:00,0.0690286761423181,0.07239590040154914,-0.04762765897392884,0.0740157162165975,-0.4306349085874572,-0.19798583353216384,0.2123806180432389,0.3738698431172583,0.5432743881044924,0.2414865182602465,0.4208945670458039
2021-01-05 18:30:00,0.0692237717537343,0.07229708019008087,-0.043439417616949645,0.073901322816649,0.3298546503391009,-0.20013505224691752,0.24076720612793,0.4266640445464641,0.5435939727555974,0.2414865182602465,0.4208945670458039
2021-01-05 18:40:00,0.0689520065242509,0.07221316973681374,-0.046211730626552094,0.0740401959403111,0.6130659666196081,-0.19888537114432542,0.2499645497312277,0.4450036284422153,0.5442638674838488,0.2414865182602465,0.4208945670458039
2021-01-05 18:50:00,0.0689507973028588,0.07214121898977428,-0.045232405224108665,0.0740412114620909,-0.0499703031206166,-0.19944237460245692,0.257716495458658,0.4689299870164797,0.545022254347056,0.2414865182602465,0.4208945670458039
2021-01-05 19:00:00,0.0694211629007252,0.0720908936042917,-0.03773597205542213,0.0741007531410672,-0.3172199086877825,-0.1991207189774806,0.2589683336521926,0.4783146659083954,0.5447988343880218,0.2414865182602465,0.4208945670458039
2021-01-05 19:10:00,0.0689352671028177,0.0720490462957871,-0.04417917933673249,0.0745041838103257,0.8200018467574566,-0.19412312847742563,0.2716951673313637,0.5087849474781247,0.5440573924397756,0.2414865182602465,0.4208945670458039
2021-01-05 19:20:00,0.0684383933927898,0.07212260572814881,-0.05243355406690587,0.0747990296445305,0.8870628774413802,-0.1899740676903348,0.2636902493756201,0.4874028746373924,0.5421091837589669,0.2414865182602465,0.4208945670458039
2021-01-05 19:30:00,0.0686166770442782,0.07216372164281881,-0.050401838509012475,0.0739945642361684,0.0070247311889204,-0.20085885560809602,0.2168030270096594,0.3877808037503154,0.54153083018594,0.2414865182602465,0.4208945670458039
2021-01-05 19:40:00,0.0685171583355186,0.07210885901560354,-0.05109270742020722,0.0740455842136252,0.3921878618502461,-0.20112535884064076,0.2294573935065267,0.4223408545168692,0.5413932481797725,0.2414865182602465,0.4208945670458039
2021-01-05 19:50:00,0.0707042668235279,0.07207874411775196,-0.019253267506488328,0.0744656961453772,-0.7899201705045655,-0.1961481272176066,0.2304118448889018,0.4293688829519875,0.5429626104547164,0.2414865182602465,0.4208945670458039
2021-01-05 20:00:00,0.0711981685271396,0.0721140185078747,-0.012781361692473516,0.0743084330689112,-0.0939191012959028,-0.1987710029269768,0.2277774108296498,0.4193651610078394,0.5423385548979285,0.2414865182602465,0.4208945670458039
2021-01-05 20:10:00,0.0710187348071164,0.07211590474750999,-0.01533090009944614,0.0744340148021297,-0.5102968996064661,-0.19661777539026606,0.2597180202953916,0.4836574362215337,0.5427031481851858,0.2414865182602465,0.4208945670458039
2021-01-05 20:20:00,0.0729468531605551,0.07212660123803523,0.011308211647067988,0.0746563545301085,0.867566442874157,-0.19312269362056328,0.2563599149887615,0.4714743312853486,0.5432049279762727,0.2414865182602465,0.4208945670458039
2021-01-05 20:30:00,0.0729701151452121,0.07216352212034913,0.011115291321435414,0.0746556537202839,-0.0089258058702412,-0.19232735603162912,0.2540108650302258,0.4700432430389478,0.5416100225377012,0.2414865182602465,0.4208945670458039
2021-01-05 20:40:00,0.0755738266425084,0.07219869618431195,0.04568802746238888,0.0746647126397866,0.1434847602395095,-0.19151838544326028,0.2380715148105779,0.4413633340415611,0.5406435399884519,0.2414865182602465,0.4208945670458039
2021-01-05 20:50:00,0.075532784073656,0.07226057219413114,0.04428814391312624,0.0746117486134401,0.3989781215603116,-0.19138678081125193,0.2256502198482085,0.408713446961921,0.5402987842595,0.2414865182602465,0.4208945670458039
2021-01-05 21:00:00,0.0755039414364287,0.07227795709523858,0.04366565778639257,0.0745297793850628,-0.4009261033626643,-0.19208850199488536,0.2321577142063807,0.4184858973904168,0.5408396342394577,0.2414865182602465,0.4208945670458039
2021-01-05 21:10:00,0.0759632541311571,0.07231146173026255,0.04926707833318538,0.0744891706191743,0.0670949675621201,-0.19245674053080752,0.1912976599401006,0.3282064674910007,0.5414546181952915,0.2414865182602465,0.4208945670458039
2021-01-05 21:20:00,0.0762523696246235,0.07230185049045455,0.05319876859960377,0.0733903594569977,-0.0089079974998185,-0.20738171839448583,0.2113202912300864,0.3736646242416578,0.5409158151579647,0.2414865182602465,0.4208945670458039
2021-01-05 21:30:00,0.0764568577783329,0.07218437902381931,0.05750296566309261,0.0731480570429891,0.1065489677635866,-0.21168533092653538,0.2217196486718601,0.3991454043361916,0.5432940286129762,0.2414865182602465,0.4208945670458039
2021-01-05 21:40:00,0.0762399973761703,0.0720811739682112,0.05609332474574213,0.0738341908138101,-1.0120656303822528,-0.20319466188181573,0.2303557605153223,0.4161021017200835,0.5429600341758705,0.2414865182602465,0.4208945670458039
2021-01-05 21:50:00,0.0761233326970522,0.07203700661715595,0.055174855849831984,0.0739317386801239,0.4448193333214334,-0.20291738730528341,0.2681301130133812,0.4901154137620478,0.5440652169791029,0.2414865182602465,0.4208945670458039
2021-01-05 22:00:00,0.0756172846657347,0.0720247062697746,0.04867568740570789,0.0746522142177868,1.034758793382906,-0.19386379782055718,0.2674247825900778,0.4893000927089653,0.5436754866860534,0.2414865182602465,0.4208945670458039
2021-01-05 22:10:00,0.0754214248784753,0.0720849181947141,0.04524654081452005,0.074311769684834,0.5496691278924715,-0.19844871107507123,0.2562806135756155,0.4722338182310968,0.542860774545479,0.2414865182602465,0.4208945670458039
2021-01-05 22:20:00,0.075529395094829,0.0721327573269168,0.046013646515762306,0.0743364912215586,-0.2006169840129246,-0.19827721634551165,0.2435348609226298,0.4541802929324012,0.5425775516084004,0.2414865182602465,0.4208945670458039
2021-01-05 22:30:00,0.0752197711173666,0.07218022740647806,0.041247960438169085,0.0747491011423605,0.7860302478794878,-0.1926433892037791,0.249893501334262,0.4696410879262993,0.5420456749313802,0.2414865182602465,0.4208945670458039
2021-01-05 22:40:00,0.0750663222212191,0.07224354647803101,0.03832901815991386,0.0749101524332249,-0.5001904380605993,-0.19021640835732556,0.2490434092902087,0.4553355578597309,0.5424237669053475,0.2414865182602465,0.4208945670458039
2021-01-05 22:50:00,0.0752003201350025,0.07231840577906423,0.0390768162043569,0.0749185857387062,-0.1510191452490872,-0.1891102930550402,0.2131868525946074,0.3800808226220208,0.5433724741844412,0.2414865182602465,0.4208945670458039
2021-01-05 23:00:00,0.0758277827943317,0.07238652764609653,0.04644455328320146,0.0748821761471735,-0.17852449943625,-0.18878117820213058,0.2164838026856482,0.3914602379293008,0.542799400334848,0.2414865182602465,0.4208945670458039
2021-01-05 23:10:00,0.0754276957482409,0.07243500432489855,0.040484857484320236,0.0753319450788351,-0.8372955065636845,-0.1822553388596622,0.2159539542241754,0.3943528250769466,0.5435415135321708,0.2414865182602465,0.4208945670458039
2021-01-05 23:20:00,0.0754275964717316,0.07253694239431449,0.03907722665286568,0.0730894881557679,-0.0728263942757934,-0.2119903154427995,0.2080112440234305,0.3757492674287471,0.5436958132303835,0.2414865182602465,0.4208945670458039
2021-01-05 23:30:00,0.0753712339907028,0.07241445215792379,0.04001979524792905,0.0731171102356723,0.2990195930632211,-0.21271196519758534,0.2199636826977095,0.3900366565524499,0.5453436150443566,0.2414865182602465,0.4208945670458039
2021-01-05 23:40:00,0.0768331155170379,0.07230439831829373,0.06075077725301782,0.0730907313453153,0.240416657587339,-0.2140957071971647,0.2347935359466102,0.4218887689810533,0.5470664332931934,0.2414865182602465,0.4208945670458039
2021-01-05 23:50:00,0.0768055952491562,0.0721840262871742,0.062058713445444474,0.0730977993574157,-0.2173842684458193,-0.21489784270975046,0.2312898336815664,0.4174246062479733,0.5470568998413209,0.2414865182602465,0.4208945670458039
2021-01-06 00:00:00,0.076139897818459,0.07202459207041809,0.055564791699149976,0.0732163114411725,-1.0099202859152,-0.21440267598621815,0.2271687661092098,0.4132091362975973,0.5465872271603376,0.2596100678258206,0.4649535187582101
2021-01-06 00:10:00,0.0761894284853621,0.07183015266735954,0.058918377797532846,0.0730712568778525,0.0536728727114521,-0.218331540316903,0.2436754383317295,0.4478043680777808,0.5464563160004672,0.2596100678258206,0.4649535187582101
2021-01-06 00:20:00,0.076773328412505,0.07168627908282595,0.06855792989839878,0.0729952558436879,0.0078985001204401,-0.2207174830615009,0.2515060520633599,0.4576011349083349,0.5470291855347859,0.2596100678258206,0.4649535187582101
2021-01-06 00:30:00,0.076995911850596,0.07156290982133566,0.07317540710162262,0.0722726532486188,0.5312685827572494,-0.2313706118530925,0.2158848768855226,0.3827071149813333,0.5479086166711233,0.2596100678258206,0.4649535187582101
2021-01-06 00:40:00,0.0772596583175892,0.07135754971320478,0.07946878402397516,0.0722879065431791,-0.1489974281646766,-0.23262890501899655,0.217628357749924,0.3959083859952853,0.5462908339517217,0.2596100678258206,0.4649535187582101
2021-01-06 00:50:00,0.0771617601693697,0.07121058744099595,0.08026249234120057,0.0720434003375185,0.4577234298579924,-0.2370247220882242,0.2064923619433383,0.3802741457803183,0.5466472656392554,0.2596100678258206,0.4649535187582101
2021-01-06 01:00:00,0.0772395426120705,0.07105318866824717,0.0834828031455091,0.0720896554686559,-0.2758588277455231,-0.2374465306195006,0.205330974562609,0.3750478938815472,0.5463095498978263,0.2596100678258206,0.4649535187582101
2021-01-06 01:10:00,0.0772444243035271,0.07091972677347329,0.0854261072756416,0.072088762238339,0.0381100321817484,-0.23846906612432808,0.2380797807446349,0.4364137860390767,0.5462622466250273,0.2596100678258206,0.4649535187582101
2021-01-06 01:20:00,0.0771838672166556,0.07079932704684401,0.08634096564870675,0.0720114757787762,-0.3134884521518444,-0.24050841973715129,0.2473855937082393,0.4487724818575654,0.5470004202116854,0.2596100678258206,0.4649535187582101
2021-01-06 01:30:00,0.0772455414109823,0.07070330413639157,0.08849689133658649,0.0720211515960825,-0.1681600212549483,-0.24110377576069206,0.2498188357244258,0.456815573884483,0.5471396053141633,0.2596100678258206,0.4649535187582101
2021-01-06 01:40:00,0.0772464936415098,0.07064637104318439,0.08931478245943215,0.0720122789832145,-0.0157192599814948,-0.24063292684316528,0.227440236292635,0.4150546518623157,0.5461391957056163,0.2596100678258206,0.4649535187582101
2021-01-06 01:50:00,0.0771880490549025,0.07056621233379003,0.08969318895660089,0.071974904547,0.4438737830989581,-0.24066198388341495,0.233086520596547,0.4270291845820207,0.543647418720286,0.2596100678258206,0.4649535187582101
2021-01-06 02:00:00,0.0770398787757715,0.07048035467011653,0.08898918014078253,0.0721125191983081,0.5186748896294446,-0.2386557285154877,0.2246685983231625,0.4002271556225657,0.5428869163023523,0.2596100678258206,0.4649535187582101
2021-01-06 02:10:00,0.077389973161403,0.07044901313676544,0.09396799623383906,0.0720721574917649,0.29998997305416,-0.23902890404160013,0.1650326147007668,0.2660210718325152,0.54374544562409,0.2596100678258206,0.4649535187582101
2021-01-06 02:20:00,0.0771958786985489,0.07038354203625288,0.09238661293234222,0.0722500800024794,-0.54927200114534,-0.23648019654306648,0.1866811466279885,0.3214211392338758,0.54334373267851,0.2596100678258206,0.4649535187582101
2021-01-06 02:30:00,0.0771657702215431,0.07036552686029679,0.09225249983723086,0.0723148221002334,0.4828806831360666,-0.23546135850537117,0.1872851259250576,0.3254905197197032,0.5444114232322875,0.2596100678258206,0.4649535187582101
2021-01-06 02:40:00,0.0771840757416668,0.07036633920297336,0.09247815047826337,0.0723007661456819,-0.0266744131526053,-0.23548296348778813,0.1967157289503365,0.3412306134213593,0.5437546324701623,0.2596100678258206,0.4649535187582101
2021-01-06 02:50:00,0.0771619371607843,0.07035672279602141,0.09232795235969649,0.0725106091782359,-0.5582748769572987,-0.23244231660143536,0.2412484276487629,0.4282646705900881,0.5447544239964566,0.2596100678258206,0.4649535187582101
2021-01-06 03:00:00,0.0772255721576213,0.07036669307398358,0.09301060627835489,0.072294161528833,-0.1128858558463008,-0.23515156078391364,0.2584469592730569,0.4639262865885147,0.5464205778319093,0.2596100678258206,0.4649535187582101
2021-01-06 03:10:00,0.0776552419056021,0.07035768295971473,0.09868706603732193,0.0722266072293698,-0.2712162810460938,-0.2360286176715606,0.2620205744513879,0.4787072381042997,0.5475490999205677,0.2596100678258206,0.4649535187582101
2021-01-06 03:20:00,0.0779001823338294,0.07034508190479163,0.10201542132948087,0.0706653666303469,-0.0749601698196045,-0.25791641955794575,0.2409039553896373,0.4437056215403716,0.5456813247632617,0.2596100678258206,0.4649535187582101
2021-01-06 03:30:00,0.0777993667039124,0.07013720339450416,0.10367991894509977,0.0707431568725753,0.5054245035777782,-0.2584776929640034,0.2376138909444143,0.4400907068271775,0.5440441274603105,0.2596100678258206,0.4649535187582101
2021-01-06 03:40:00,0.0777891034181711,0.06999768991694938,0.10553912216441058,0.0684752531375702,0.1632606795983093,-0.29243717069362896,0.2356839310535574,0.4300989572240323,0.5441389539524595,0.2596100678258206,0.4649535187582101
2021-01-06 03:50:00,0.0775877212424465,0.06966837740000882,0.10766266428129458,0.0681790048531764,0.5593909766224314,-0.29981737177868056,0.1957723188531285,0.3451251751362391,0.5443473683583997,0.2596100678258206,0.4649535187582101
2021-01-06 04:00:00,0.0774083321177444,0.06936098256466079,0.10976992637277207,0.0686139745103359,0.7992838516791778,-0.29613628936988173,0.209765931593474,0.3767911994877871,0.5440153806064401,0.2596100678258206,0.4649535187582101
2021-01-06 04:10:00,0.0773392670694001,0.06912669408837947,0.11226084225049353,0.0683055379381749,0.3622322238673092,-0.30298882750711653,0.2134116040620191,0.3912521540143893,0.5462679327584501,0.2596100678258206,0.4649535187582101
2021-01-06 04:20:00,0.0713239308163308,0.06881418449676358,0.03582201297961322,0.073669964707311,2.9934777628167097,-0.23053036398780827,0.2050248380217628,0.3685488370536487,0.5455021319385897,0.2596100678258206,0.4649535187582101
2021-01-06 04:30:00,0.0710314094730788,0.06910994246987147,0.027423560501771888,0.0740132124889808,-0.7568836494449727,-0.2286542614612854,0.2381560536572431,0.4305346963757663,0.5437473882621454,0.2596100678258206,0.4649535187582101
2021-01-06 04:40:00,0.071107542858935,0.06940964809058027,0.02416753988401582,0.0739643455420983,0.0237784057290468,-0.2322056998238212,0.2381557311880356,0.427933116948073,0.544267272569406,0.2596100678258206,0.4649535187582101
2021-01-06 04:50:00,0.0710682480665197,0.06963754559554512,0.02033678561679903,0.0718387893895988,0.2775146198661815,-0.26388034316569503,0.2185130305658723,0.3820417244348731,0.5452566971268286,0.2596100678258206,0.4649535187582101
2021-01-06 05:00:00,0.0712960463371867,0.0696600626267764,0.023213710819004318,0.0711843681683393,-0.3476220194075452,-0.27676347497830756,0.2128156782289632,0.3791165515023174,0.5452222831175042,0.2596100678258206,0.4649535187582101
2021-01-06 05:10:00,0.0714668800988773,0.06961692653275657,0.02622639189982613,0.0708498085679039,-0.2652631154397511,-0.2851294212429301,0.2162089671101187,0.3841649831090294,0.5439929462794457,0.2596100678258206,0.4649535187582101
2021-01-06 05:20:00,0.0714840251793105,0.06954557451957386,0.027491714526767103,0.070848775138232,-0.0379887204454476,-0.28865575289632317,0.2224146044377368,0.3882130627270282,0.5435820544338228,0.2596100678258206,0.4649535187582101
2021-01-06 05:30:00,0.0716162068870515,0.06948503882224977,0.030209940871199503,0.0707381628673881,-0.2534095059591124,-0.29330369185341865,0.1923545856868757,0.3243204986967471,0.544065154688993,0.2596100678258206,0.4649535187582101
2021-01-06 05:40:00,0.0716562684790441,0.06940421350255728,0.03193305897964091,0.0685976175428601,-0.3669449634950084,-0.32673346840752004,0.2182665487567321,0.3837995217301544,0.5437618654279031,0.2596100678258206,0.4649535187582101
2021-01-06 05:50:00,0.0717954339977954,0.06900190484282961,0.039686770052538164,0.0684613262558317,0.1342513989513349,-0.3331852425600703,0.2274134254705543,0.4083090907890781,0.5457400233201497,0.2596100678258206,0.4649535187582101
2021-01-06 06:00:00,0.0718505251927529,0.06876096399128245,0.04395172200185139,0.0685487867368095,0.3466211923147,-0.33520121743056264,0.222292378019338,0.399885951092886,0.5441680314269612,0.2596100678258206,0.4649535187582101
2021-01-06 06:10:00,0.071838990716193,0.06854176478234483,0.046984110519047856,0.068548202274561,-0.132477674256215,-0.3381145824405366,0.2469663910620461,0.4453722873942088,0.5434034084338593,0.2596100678258206,0.4649535187582101
2021-01-06 06:20:00,0.072501660204489,0.06833969605542914,0.05911866182887293,0.06855324793683,0.2085182830921184,-0.3401677307580493,0.2524500324789261,0.457528831888446,0.5447202306767085,0.2596100678258206,0.4649535187582101
2021-01-06 06:30:00,0.0721630525626788,0.06819298514323467,0.056586475135574424,0.068008922217938,-0.8105848619532452,-0.3499931807032824,0.2524715973957126,0.4611444258075917,0.5454589021619196,0.2596100678258206,0.4649535187582101
2021-01-06 06:40:00,0.0718691611393453,0.06800653893187185,0.05524339817973519,0.0676000374232738,0.6944128649166714,-0.35834790123052873,0.2408856272439764,0.4382811730312153,0.5451227874437221,0.2596100678258206,0.4649535187582101
2021-01-06 06:50:00,0.0718567850889416,0.06780312145786847,0.05806680906232454,0.0675324073945177,0.1806064338223834,-0.36183147083923306,0.2485035386597659,0.4561795323756683,0.544508522097209,0.2596100678258206,0.4649535187582101
2021-01-06 07:00:00,0.071706554705334,0.06762223079635932,0.05864537499028537,0.0676941425601551,-0.4985027394265984,-0.3616923484733597,0.2384032073530205,0.4272984467600021,0.5439394597928612,0.2596100678258206,0.4649535187582101
2021-01-06 07:10:00,0.0716891737655556,0.06746184849624622,0.060777512072497625,0.0677070112664172,-0.2176855993409887,-0.36289582864250597,0.1993118171128406,0.3423229439279114,0.5420701177621822,0.2596100678258206,0.4649535187582101
2021-01-06 07:20:00,0.0716340438298159,0.06732716627512561,0.06200661888374357,0.0677653646248791,0.2825997386338486,-0.36271061578906666,0.2089617510439169,0.3671048092458001,0.5414166743843517,0.2596100678258206,0.4649535187582101
2021-01-06 07:30:00,0.0715508343843263,0.0671870980104806,0.06292693228612811,0.0676743590517896,-0.4241137965358632,-0.3645948020971993,0.1925460253391527,0.3306014328676399,0.5440442294167073,0.2596100678258206,0.4649535187582101
2021-01-06 07:40:00,0.0710379990908642,0.06714882108695053,0.056303565933199684,0.0684328263432534,-1.066456717403419,-0.35364884784454276,0.1978803176468793,0.3466244880672346,0.5444003269126415,0.2596100678258206,0.4649535187582101
2021-01-06 07:50:00,0.070927274656995,0.06720463832703451,0.0539127836103681,0.068567125319827,0.4308403101621394,-0.35187133792430103,0.2281649511095444,0.401947799075575,0.5449018930570562,0.2596100678258206,0.4649535187582101
2021-01-06 08:00:00,0.0706853999406614,0.06720975725360366,0.05042061015750328,0.0669988219029482,0.6241961754726688,-0.3754767680215341,0.2388683959501727,0.4212831744497499,0.5456895088565622,0.2596100678258206,0.4649535187582101
2021-01-06 08:10:00,0.0708702349314979,0.06705538678720913,0.05533158142606825,0.0676208243165528,-1.0358016418729576,-0.36753644621187265,0.2453602007621722,0.4394888843833728,0.5470704176336634,0.2596100678258206,0.4649535187582101
2021-01-06 08:20:00,0.0708763638939005,0.06701003481880713,0.056094623924596715,0.0678527715214813,-0.9739547886674416,-0.3652523807640844,0.239801534855535,0.435686827766259,0.5475340736711491,0.2596100678258206,0.4649535187582101
2021-01-06 08:30:00,0.0704773522519035,0.06700812543293713,0.05047752639805674,0.0684188364991422,0.8791041741563532,-0.3580693711113316,0.2476870678939716,0.4555451846185132,0.5479227356990308,0.2596100678258206,0.4649535187582101
2021-01-06 08:40:00,0.0707640672741858,0.06711262571024003,0.05297915861568168,0.0683193430817601,-0.103576107279224,-0.36038447851263805,0.2371040571461111,0.4295961061510148,0.5465217067613821,0.2596100678258206,0.4649535187582101
2021-01-06 08:50:00,0.0706310610537552,0.06711071402988168,0.051126302206616785,0.0683996059512361,0.4430947728467416,-0.36012939098236874,0.1879195606750317,0.3264110241303287,0.5460788336117495,0.2596100678258206,0.4649535187582101
2021-01-06 09:00:00,0.0694910367760365,0.06712246322362964,0.03467901671432893,0.0697484695218728,-1.3658360092843935,-0.34134902276583856,0.2037477621290853,0.3648325616184245,0.5459148741701059,0.2596100678258206,0.4649535187582101
2021-01-06 09:10:00,0.0687589879004341,0.06728742018748732,0.021634163354450266,0.0702404490239369,-1.0060525394790076,-0.3345332656159241,0.2083408709187174,0.3786073015713776,0.5474545636870849,0.2596100678258206,0.4649535187582101
2021-01-06 09:20:00,0.0686107351192848,0.06758366488545726,0.0150827009659644,0.0703394760136368,0.451792881623092,-0.33354838201527176,0.2091431839751124,0.3750639119907255,0.5469651613630538,0.2596100678258206,0.4649535187582101
2021-01-06 09:30:00,0.0685692884589821,0.06778484413051056,0.01150611232644865,0.0703207758252996,0.2387921412994487,-0.33415154747995746,0.2454546851129129,0.4450391881604445,0.5472839066054611,0.2596100678258206,0.4649535187582101
2021-01-06 09:40:00,0.0688079203973361,0.0679710949493446,0.012236319835483633,0.0702951481831054,-0.1033605780403235,-0.33253001293077333,0.2403873862407156,0.4322133341970187,0.5478634856545048,0.2596100678258206,0.4649535187582101
2021-01-06 09:50:00,0.0690168717602495,0.06808581240142889,0.013582136302044691,0.0702997211082961,-0.1812929558752785,-0.3304607322829089,0.2371836213875346,0.4294228212799819,0.5459601073500804,0.2596100678258206,0.4649535187582101
2021-01-06 10:00:00,0.0686570479342822,0.06823639237697089,0.006145756588171931,0.0708416826006483,0.8986760283262285,-0.3213404063794242,0.2173349530716416,0.3939516675367996,0.5455070390186612,0.2596100678258206,0.4649535187582101
2021-01-06 10:10:00,0.0687404554985941,0.06837686591153502,0.005303348045275885,0.0708153694375463,0.0889879840423546,-0.3203451061441971,0.2029046554048027,0.3612183957089528,0.5449277582767506,0.2596100678258206,0.4649535187582101
2021-01-06 10:20:00,0.0687273347106625,0.06848858529612618,0.0034799118857078287,0.0708348040299932,-0.1659434904649259,-0.300276248646789,0.2122726621609038,0.3768397068751911,0.5440859974458395,0.2596100678258206,0.4649535187582101
2021-01-06 10:30:00,0.0686465783330597,0.06858899245916619,0.0008392266952497044,0.0700153537811468,0.4095917153927431,-0.29300802756367383,0.1751462060763766,0.2927779089935328,0.5428434416728578,0.2596100678258206,0.4649535187582101
2021-01-06 10:40:00,0.068767779355859,0.0686044073577453,0.0023785320601502104,0.0700792169932045,0.3632769204838126,-0.27529335737129035,0.202912293570435,0.3544975744277399,0.5417537003718136,0.2596100678258206,0.4649535187582101
2021-01-06 10:50:00,0.0687477493847363,0.06863927342107473,0.0015791300224426738,0.069812896018948,-0.2019574054093809,-0.2545780319561433,0.2174077463830965,0.3875599847995863,0.543989228831514,0.2596100678258206,0.4649535187582101
2021-01-06 11:00:00,0.0672765825498977,0.06863097039086752,-0.019931676344665552,0.0713567873971473,1.4984428344549272,-0.21579460220178595,0.2254528344626657,0.4070649497781038,0.5439555914920298,0.2596100678258206,0.4649535187582101
2021-01-06 11:10:00,0.0669963495022906,0.06885137193736056,-0.027312018578533905,0.0715851373307827,0.6197802014318299,-0.19651681529858037,0.2647113224887155,0.4849931375819062,0.5448679679430495,0.2596100678258206,0.4649535187582101
2021-01-06 11:20:00,0.0661002616272786,0.06899436423885896,-0.04285211866132458,0.0724229760244237,-1.107233307216582,-0.17058112622805893,0.2613511785446388,0.4792598735075699,0.5441933955916824,0.2596100678258206,0.4649535187582101
2021-01-06 11:30:00,0.0666184591143982,0.0692922569894539,-0.03935146517610425,0.0720559863195394,0.3219780655085102,-0.16177828575868514,0.2482274891130928,0.4569105346187125,0.543047779883201,0.2596100678258206,0.4649535187582101
2021-01-06 11:40:00,0.0665933051147682,0.06947063218218169,-0.04230005604676484,0.0720788423766047,-0.3339284312872337,-0.1498965506087634,0.2362343848234127,0.4389586387180864,0.5426883061460739,0.2596100678258206,0.4649535187582101
2021-01-06 11:50:00,0.0666626682246648,0.06960118151373008,-0.04313644351704218,0.0722568251852027,0.5331857590483935,-0.13705934861507157,0.2440340442412212,0.456391022642581,0.5415935727043789,0.2596100678258206,0.4649535187582101
2021-01-06 12:00:00,0.0665857039419353,0.06974194687422826,-0.04631205805743919,0.0723232573362352,-0.3554565637946538,-0.12426743055493791,0.2467698055364838,0.4496873514759261,0.5412698326299785,0.2596100678258206,0.4649535187582101
2021-01-06 12:10:00,0.0667353560020461,0.06987101372311037,-0.04591599368791308,0.0718131152957442,0.0646183013252255,-0.12093760432717221,0.2121344457981032,0.3734852454689192,0.5416843767527256,0.2596100678258206,0.4649535187582101
2021-01-06 12:20:00,0.0669254392284068,0.06994015792921396,-0.04406083732041631,0.0715219986421435,0.1928324497535882,-0.11579656757673376,0.2159247620852374,0.387354223656691,0.5409342712441714,0.2596100678258206,0.4649535187582101
2021-01-06 12:30:00,0.0666534181215442,0.06996256854520547,-0.048454034005051494,0.0717715819356631,-0.6035848282678558,-0.10537748490005158,0.217001163210059,0.3937031855512129,0.5412651253688155,0.2596100678258206,0.4649535187582101
2021-01-06 12:40:00,0.0666818632677608,0.07000506470564619,-0.04863459144990478,0.0717647028259661,0.0008920823519886,-0.097295352694891,0.2068499947553975,0.3716258137299841,0.5411221202543905,0.2596100678258206,0.4649535187582101
2021-01-06 12:50:00,0.0662302589360396,0.07004605013030495,-0.05601544262129726,0.0717003953303663,0.7873313878359767,-0.09071425078562614,0.219525685950939,0.385799234750339,0.5422092721358596,0.2596100678258206,0.4649535187582101
2021-01-06 13:00:00,0.0665318892621978,0.07007267597065774,-0.051851561117792114,0.0719006604401903,-0.7019010265020498,-0.08303751548039234,0.2291721444304161,0.4088307143587431,0.5433796569922127,0.2596100678258206,0.4649535187582101
2021-01-06 13:10:00,0.0665052057283463,0.07012333591089123,-0.05297540700809074,0.0719257860243503,-0.2008916462621357,-0.07680892554007211,0.2235767485573542,0.3987297695341774,0.543225581990118,0.2596100678258206,0.4649535187582101
2021-01-06 13:20:00,0.0664622378372977,0.07015746758472484,-0.054108318251904396,0.0719490362627965,-0.2390625322796324,-0.07105714741537072,0.2187099521405013,0.3918686553953829,0.54308484126897,0.2596100678258206,0.4649535187582101
2021-01-06 13:30:00,0.0665635148569979,0.07019508489471114,-0.053121690370275754,0.0718913973766778,-0.0687554681180202,-0.06487486975057344,0.234832765776554,0.428507740438428,0.543234877767772,0.2596100678258206,0.4649535187582101
2021-01-06 13:40:00,0.0664652426726737,0.0702243631841376,-0.05501616027989781,0.0719700769259063,-0.5318199726472628,-0.05784346193513308,0.2472854239253191,0.4478656800618334,0.5434226534285516,0.2596100678258206,0.4649535187582101
2021-01-06 13:50:00,0.0662734893612034,0.07026393326335242,-0.05846866839419401,0.0719178208394645,0.5969943901828145,-0.053393537712034415,0.2169908175327511,0.3827941135001442,0.5441487264112558,0.2596100678258206,0.4649535187582101
2021-01-06 14:00:00,0.0661641980982067,0.07028514243272621,-0.060420928860430705,0.0719732887177765,-0.874135852020963,-0.047136311749374715,0.2233758476360998,0.4051372213216364,0.5418357720749158,0.2596100678258206,0.4649535187582101
2021-01-06 14:10:00,0.0662062827705028,0.07031264943650938,-0.06017635337720861,0.0718799565361451,-0.222360949110012,-0.044089485733221745,0.2167907178513144,0.3960922291038369,0.5424864535075653,0.2596100678258206,0.4649535187582101
2021-01-06 14:20:00,0.0660206090311858,0.07030405675836172,-0.06286255219720673,0.0719125282333871,0.6127445180981184,-0.03981443163454467,0.2144621172119745,0.3933698876837327,0.5428957795715008,0.2596100678258206,0.4649535187582101
2021-01-06 14:30:00,0.0658412179663492,0.07029885369828716,-0.06550943774808546,0.0720661210982576,0.4946971878657891,-0.03445274730323702,0.2475568632111807,0.457304154610861,0.5426425717809602,0.2596100678258206,0.4649535187582101
2021-01-06 14:40:00,0.0658976551594112,0.07033798093813104,-0.06520906323796946,0.0710810278423565,-0.2104443579176163,-0.045247535793322614,0.2527925314045328,0.4635961277204373,0.5435231847501351,0.2596100678258206,0.4649535187582101
2021-01-06 14:50:00,0.0653396827515547,0.07027037171797339,-0.07275070423012886,0.070445089650983,-0.9145763103370896,-0.05271716802234307,0.2518284042394774,0.4687401235062093,0.5434883923967374,0.2596100678258206,0.4649535187582101
2021-01-06 15:00:00,0.0651937484875781,0.07016343220199524,-0.0734636842648889,0.0704924321237205,0.6995122470678794,-0.05328361391862199,0.2317742670319516,0.4297229034243465,0.5425664379441366,0.2596100678258206,0.4649535187582101
2021-01-06 15:10:00,0.0648478568678153,0.07005013234808988,-0.07716729943023735,0.0708428384868621,0.7039835435211472,-0.0492431253157651,0.2384701776647301,0.4439435029262182,0.5393396159905564,0.2596100678258206,0.4649535187582101
2021-01-06 15:20:00,0.0649446540686559,0.06994564637045239,-0.07418302869286311,0.0708485356010731,-0.0906060076577119,-0.05010323850689207,0.2352967130070803,0.4290817234803988,0.5383297065744199,0.2596100678258206,0.4649535187582101
2021-01-06 15:30:00,0.0652093451995323,0.06990085492342213,-0.06947508988626185,0.0708127439059809,0.1148497163613981,-0.049606674718671334,0.1800298522229298,0.3011568416374546,0.5391782421226428,0.2596100678258206,0.4649535187582101
2021-01-06 15:40:00,0.0650746543908633,0.06985968576093202,-0.07095360131188806,0.0710568583961346,-0.6286910409739832,-0.044779639738468165,0.2008975168539284,0.3565109997666122,0.5388241621337322,0.2596100678258206,0.4649535187582101
2021-01-06 15:50:00,0.0654753923846799,0.06984852600846675,-0.06465459997034183,0.0710436284559007,0.2581464951513013,-0.043588496226235646,0.2006933655643825,0.3580106654798944,0.5404278638924898,0.2596100678258206,0.4649535187582101
2021-01-06 16:00:00,0.065077856005337,0.06983168877337415,-0.07050356281082334,0.0720761310452785,1.2273817399911735,-0.02811212409697049,0.204924094370162,0.3646736853123669,0.5402931549284897,0.2596100678258206,0.4649535187582101
2021-01-06 16:10:00,0.065222369033652,0.06991374159937505,-0.06945972589190971,0.0702030646617803,-0.2894539218015524,-0.05169601426677384,0.2437660899391937,0.439657880903688,0.5406097983189584,0.2596100678258206,0.4649535187582101
2021-01-06 16:20:00,0.0651695226725989,0.06981437886359962,-0.0688480734892618,0.0702197162140464,-0.2652910360778193,-0.05110356961129699,0.2578712639538372,0.4688403841346585,0.5421569995165465,0.2596100678258206,0.4649535187582101
2021-01-06 16:30:00,0.0653702426309703,0.06974817684601396,-0.06482413267743999,0.0702098852236524,-0.0377511406261632,-0.051126054248655455,0.2631026142835288,0.4839242778990624,0.542660818087743,0.2596100678258206,0.4649535187582101
2021-01-06 16:40:00,0.065776317102842,0.06965059032807296,-0.05723132473183277,0.0703311935245844,-0.4278263581863228,-0.04891246577042437,0.2450595803234194,0.4523993985955103,0.5408804394588456,0.2596100678258206,0.4649535187582101
2021-01-06 16:50:00,0.0658060237053398,0.0695927732443775,-0.05594934943858156,0.0703188083764479,-0.0781489274389812,-0.04623000017365866,0.2420818926781353,0.448331069841375,0.5388707455771177,0.2596100678258206,0.4649535187582101
2021-01-06 17:00:00,0.0657891863506342,0.0695191782378597,-0.05514717672316413,0.0704293994677778,0.4888318500187338,-0.042345026158800765,0.2423776799943841,0.443869636003076,0.5386952400243594,0.2596100678258206,0.4649535187582101
2021-01-06 17:10:00,0.0659223819370443,0.0694860784743731,-0.052648404082710404,0.0701205948306982,-0.0692066501052579,-0.04506564631150461,0.2063222433591461,0.3637601075330461,0.5388507300773826,0.2596100678258206,0.4649535187582101
2021-01-06 17:20:00,0.0659672302577443,0.0694179268233428,-0.050987038254010186,0.070281255327344,0.496627350121237,-0.041062082826922155,0.2198826770958334,0.3943158492191955,0.5379471573294349,0.2596100678258206,0.4649535187582101
2021-01-06 17:30:00,0.0661441691417741,0.06938386260476796,-0.04781757249432304,0.0701967472576794,-0.0857960409939906,-0.04093402779790802,0.2259473424421033,0.4116793274967427,0.5401514805480707,0.2596100678258206,0.4649535187582101
2021-01-06 17:40:00,0.0661585869233359,0.06936863927843379,-0.04738018977356955,0.0701496962799027,0.0473270931829361,-0.040199202236066406,0.2124115592000733,0.3821930928343005,0.5403244159332925,0.2596100678258206,0.4649535187582101
2021-01-06 17:50:00,0.066383730321549,0.06929955059964464,-0.0429864201403043,0.0697518643882268,0.0145312748760062,-0.04387755264129764,0.2432694091999538,0.4409950461716988,0.5384807788108512,0.2596100678258206,0.4649535187582101
2021-01-06 18:00:00,0.0665678053988298,0.06923800454002207,-0.03932885217476974,0.0699679522343854,0.6226850922912419,-0.03806721762851182,0.2422251717100221,0.4376167169864827,0.5396756569850081,0.2596100678258206,0.4649535187582101
2021-01-06 18:10:00,0.0685575300199358,0.0691926028504257,-0.009220714591334632,0.0691092747396761,-0.1991464309972102,-0.0477750200022923,0.2234022295359281,0.3959866364700219,0.5406951303654566,0.2596100678258206,0.4649535187582101
2021-01-06 18:20:00,0.0688561100935098,0.06908592637312148,-0.003332073356757474,0.0690286761423181,-0.272230001403706,-0.04762765897392884,0.2226654664075826,0.4004883486274729,0.5406943262737474,0.2596100678258206,0.4649535187582101
2021-01-06 18:30:00,0.0699062348814751,0.06898636210945519,0.013246007947605299,0.0692237717537343,0.6152467382042559,-0.043439417616949645,0.2361238182386288,0.4252759836737886,0.5400124517331149,0.2596100678258206,0.4649535187582101
2021-01-06 18:40:00,0.0751849691847735,0.06890543570921197,0.08721626547608402,0.0689520065242509,0.0183346257013994,-0.046211730626552094,0.2470306678278064,0.437664099367436,0.5393760784750428,0.2596100678258206,0.4649535187582101
2021-01-06 18:50:00,0.0832479191573614,0.06881576904473596,0.19039021353306454,0.0689507973028588,0.0288007116193256,-0.045232405224108665,0.221835287848204,0.3786485932113835,0.5402851816109397,0.2596100678258206,0.4649535187582101
2021-01-06 19:00:00,0.0861556501627692,0.06873618943880536,0.2258797105203546,0.0694211629007252,0.8668809424360546,-0.03773597205542213,0.2467418977887818,0.438105353079369,0.5405363468174014,0.2596100678258206,0.4649535187582101
2021-01-06 19:10:00,0.0871255711088653,0.06871582803541743,0.23737085789031398,0.0689352671028177,-0.0116167621850848,-0.04417917933673249,0.2550311672023188,0.4610595415783478,0.5431149403031479,0.2596100678258206,0.4649535187582101
2021-01-06 19:20:00,0.0872627901829868,0.06863117521090337,0.24017726205443976,0.0684383933927898,0.3229658573733474,-0.05243355406690587,0.2434846463896765,0.4421730176179857,0.5423326994442084,0.2596100678258206,0.4649535187582101
2021-01-06 19:30:00,0.0873196088427694,0.0685256468544989,0.24236697025769124,0.0686166770442782,-0.4943643706553757,-0.050401838509012475,0.263868829792883,0.4833886809596046,0.5408240338183314,0.2596100678258206,0.4649535187582101
2021-01-06 19:40:00,0.0873853007769193,0.06845870579313927,0.24409635683327774,0.0685171583355186,0.1316719284439216,-0.05109270742020722,0.2702013637380538,0.4957419234137838,0.5417685487889061,0.2596100678258206,0.4649535187582101
2021-01-06 19:50:00,0.0852669647751423,0.0683816613553373,0.22068241681981204,0.0707042668235279,-1.9154366297403411,-0.019253267506488328,0.2712527204862242,0.4997306708556995,0.5412892648725661,0.2596100678258206,0.4649535187582101
2021-01-06 20:00:00,0.0849761557642141,0.06849741107780447,0.21557474664674908,0.0711981685271396,-0.8424246810555758,-0.012781361692473516,0.26260330436629,0.480501269818346,0.5400114670410241,0.2596100678258206,0.4649535187582101
2021-01-06 20:10:00,0.0851260348710847,0.06883549267535707,0.21241342764443216,0.0710187348071164,0.0722346564579368,-0.01533090009944614,0.2745844748755513,0.5043934784596524,0.5393513483202301,0.2596100678258206,0.4649535187582101
2021-01-06 20:20:00,0.0833993269135934,0.06896448060809612,0.19004864049168613,0.0729468531605551,1.8784297849645528,0.011308211647067988,0.2626462988742054,0.4717509172473481,0.5384324678726027,0.2596100678258206,0.4649535187582101
2021-01-06 20:30:00,0.0844067795350037,0.06926921712494889,0.19764711444023758,0.0729701151452121,0.1844528470627437,0.011115291321435414,0.2263200354894038,0.3879328084409352,0.5365876851427767,0.2596100678258206,0.4649535187582101
2021-01-06 20:40:00,0.0820968345590467,0.06962577241952231,0.1647646676134027,0.0755738266425084,1.971862968688498,0.04568802746238888,0.2312244833356557,0.4014922634488686,0.5358234525182273,0.2596100678258206,0.4649535187582101
2021-01-06 20:50:00,0.0821463245678141,0.0701069557956695,0.15848008710609135,0.075532784073656,0.311713821862547,0.04428814391312624,0.2153656714297314,0.3659508128287791,0.5378075991665108,0.2596100678258206,0.4649535187582101
2021-01-06 21:00:00,0.0821524205224836,0.07052352125933309,0.152630019658654,0.0755039414364287,-0.3423138407056214,0.04366565778639257,0.2169010708040186,0.3740525574788252,0.537637888411404,0.2596100678258206,0.4649535187582101
2021-01-06 21:10:00,0.0818169181424756,0.07088454315761288,0.1434316447711829,0.0759632541311571,0.8367853919992285,0.04926707833318538,0.2493635085709769,0.4322059849141528,0.5368317947424034,0.2596100678258206,0.4649535187582101
2021-01-06 21:20:00,0.0815733043671217,0.07134410092907409,0.13398739351420666,0.0762523696246235,-0.663444273600966,0.05319876859960377,0.2642028754091112,0.4575037568619973,0.5372905927869356,0.2596100678258206,0.4649535187582101
2021-01-06 21:30:00,0.081846616443522,0.07172466672656033,0.13201224914795362,0.0764568577783329,0.5688804463080288,0.05750296566309261,0.273029790974511,0.4795651282950846,0.5379130242346222,0.2596100678258206,0.4649535187582101
2021-01-06 21:40:00,0.0818553767634828,0.07204837665776034,0.12761620069337226,0.0762399973761703,-0.8325489931669594,0.05609332474574213,0.2711280674443183,0.4832797945690043,0.5380207227435228,0.2596100678258206,0.4649535187582101
2021-01-06 21:50:00,0.0820153671987655,0.0723097228824128,0.1259480347445927,0.0761233326970522,-0.1418099050596311,0.055174855849831984,0.2850870138784166,0.5143495594377351,0.5381710267685107,0.2596100678258206,0.4649535187582101
2021-01-06 22:00:00,0.0821753854506572,0.07253770334161791,0.12474933737180481,0.0756172846657347,0.5503138682694697,0.04867568740570789,0.2762304396742475,0.4912329103329743,0.5360158109778028,0.2596100678258206,0.4649535187582101
2021-01-06 22:10:00,0.0822424002308165,0.07268244977189565,0.12357103773439014,0.0754214248784753,0.0794484421842156,0.04524654081452005,0.2323339677069091,0.3952633784733159,0.5350929540086582,0.2596100678258206,0.4649535187582101
2021-01-06 22:20:00,0.0822291019427993,0.07274091841301002,0.1226052121904758,0.075529395094829,0.4508093845377203,0.046013646515762306,0.2436756942163246,0.4286455758466606,0.5351078291763236,0.2596100678258206,0.4649535187582101
2021-01-06 22:30:00,0.0821381656279767,0.0728213970926539,0.12039294789112255,0.0752197711173666,-0.3887003809669664,0.041247960438169085,0.2449261912912989,0.4384635175077944,0.536686441394554,0.2596100678258206,0.4649535187582101
2021-01-06 22:40:00,0.0821486424305001,0.07288554456593307,0.11963999077502711,0.0750663222212191,0.1399218461713758,0.03832901815991386,0.2412179479887292,0.4297462115028029,0.5368896385918103,0.2596100678258206,0.4649535187582101
2021-01-06 22:50:00,0.0820644941062953,0.0729198270787973,0.1181448731907307,0.0752003201350025,-0.4734563845820716,0.0390768162043569,0.276424965723433,0.5004249161438772,0.5366474310635792,0.2596100678258206,0.4649535187582101
2021-01-06 23:00:00,0.0825897601977887,0.07296352115353172,0.12392609826638945,0.0758277827943317,0.9897049802207292,0.04644455328320146,0.2722517912351784,0.4870545510960498,0.5371745901304409,0.2596100678258206,0.4649535187582101
2021-01-06 23:10:00,0.0826150138186723,0.07306002987083515,0.12290999914830815,0.0754276957482409,-0.3096937021645374,0.040484857484320236,0.272528513928017,0.4921255920765723,0.535146493377856,0.2596100678258206,0.4649535187582101
2021-01-06 23:20:00,0.0830541863020643,0.07310224444699988,0.12763417172380515,0.0754275964717316,-0.0717908060615002,0.03907722665286568,0.2547408639162669,0.4582853581625082,0.5344499394228783,0.2596100678258206,0.4649535187582101
2021-01-06 23:30:00,0.0832179662458189,0.07314616303142661,0.12900359231183772,0.0753712339907028,0.0664737152913375,0.04001979524792905,0.2481848785337355,0.43762996060929,0.5345771394669683,0.2596100678258206,0.4649535187582101
2021-01-06 23:40:00,0.0818348705433937,0.07317845340281263,0.11180241781786185,0.0768331155170379,1.5109094734555129,0.06075077725301782,0.2518259639341123,0.440849911250185,0.5339613781640702,0.2596100678258206,0.4649535187582101
2021-01-06 23:50:00,0.0821236449266061,0.07336951642039136,0.11271743480371808,0.0768055952491562,-0.0705275506089009,0.062058713445444474,0.2146574548165655,0.352681463960394,0.5336371933682329,0.2596100678258206,0.4649535187582101
2021-01-07 00:00:00,0.0822847426772808,0.07352681541165443,0.11253552861428268,0.076139897818459,0.0422464931649102,0.055564791699149976,0.23124863870992,0.392021867644124,0.5333694600093019,0.2318123254396361,0.4158520652571536
2021-01-07 00:10:00,0.0822826067205642,0.07360141213260658,0.11149553324364377,0.0761894284853621,-0.27987588047651,0.058918377797532846,0.2385292777120896,0.4120418820637364,0.5357383886800572,0.2318123254396361,0.4158520652571536
2021-01-07 00:20:00,0.0817470866993828,0.0736658703489928,0.10409056938852447,0.076773328412505,0.9450988373638224,0.06855792989839878,0.2456064835258897,0.4280074399609948,0.5363828252260538,0.2318123254396361,0.4158520652571536
2021-01-07 00:30:00,0.0813732081259651,0.07378359058486186,0.09790972324444674,0.076995911850596,0.7902601905252382,0.07317540710162262,0.2837246575512986,0.5012212685149157,0.5361992847724535,0.2318123254396361,0.4158520652571536
2021-01-07 00:40:00,0.0814052692884635,0.07392962021406681,0.09632644173284133,0.0772596583175892,-0.655014389199593,0.07946878402397516,0.2828832744689729,0.4990192838999608,0.5352294124066703,0.2318123254396361,0.4158520652571536
2021-01-07 00:50:00,0.0818559969150048,0.07405954399258423,0.10009215007178372,0.0771617601693697,0.2415264562896979,0.08026249234120057,0.2724104832049501,0.4833194263593679,0.5344008605879633,0.2318123254396361,0.4158520652571536
2021-01-07 01:00:00,0.0817366416382867,0.07417644442176143,0.09705575224017446,0.0772395426120705,-0.4429392709056401,0.0834828031455091,0.2588295322902853,0.4641260598820376,0.5343640770283675,0.2318123254396361,0.4158520652571536
2021-01-07 01:10:00,0.0817447327574177,0.07428199226276722,0.09573281948981811,0.0772444243035271,-0.0948356745512413,0.0854261072756416,0.2668167796789464,0.4836493839096162,0.5339654256604609,0.2318123254396361,0.4158520652571536
2021-01-07 01:20:00,0.0822262659085939,0.07437509079526759,0.10035370298033051,0.0771838672166556,-0.0689763363952877,0.08634096564870675,0.2661856453905569,0.4706857413602604,0.5331206103169852,0.2318123254396361,0.4158520652571536
2021-01-07 01:30:00,0.0826060668967442,0.07442892513992444,0.1042384818962138,0.0772455414109823,-0.3514553831186262,0.08849689133658649,0.2329725197901079,0.3942772981142563,0.5330300428852607,0.2318123254396361,0.4158520652571536
2021-01-07 01:40:00,0.0830238898083217,0.07450676587664082,0.10823845699969181,0.0772464936415098,-0.0414513625203838,0.08931478245943215,0.2342783594873819,0.402321401786236,0.5324990890512844,0.2318123254396361,0.4158520652571536
2021-01-07 01:50:00,0.0830805370462656,0.07457125383008567,0.10805536764352654,0.0771880490549025,0.3267496063728003,0.08969318895660089,0.2372922424965425,0.4120655656632164,0.5322222324905621,0.2318123254396361,0.4158520652571536
2021-01-07 02:00:00,0.0837152614416761,0.0746373455962543,0.11478030274484728,0.0770398787757715,0.2012552855637395,0.08898918014078253,0.2307157280933601,0.3989711736403835,0.5323307318100382,0.2318123254396361,0.4158520652571536
2021-01-07 02:10:00,0.0852163336214429,0.07466513661955779,0.13217985335865867,0.077389973161403,-0.7941311134215923,0.09396799623383906,0.2493531598000193,0.426365580517472,0.5324712163905033,0.2318123254396361,0.4158520652571536
2021-01-07 02:20:00,0.0853951169375168,0.07472738764913679,0.13344226030170447,0.0771958786985489,-0.040708137101042,0.09238661293234222,0.2609345215801738,0.453155091601368,0.5330880497291335,0.2318123254396361,0.4158520652571536
2021-01-07 02:30:00,0.0868295717904878,0.0747426341632935,0.14989658468159045,0.0771657702215431,0.4320854227753301,0.09225249983723086,0.2603114278568958,0.4543604877321623,0.5337419141017543,0.2318123254396361,0.4158520652571536
2021-01-07 02:40:00,0.0869302747161065,0.07477581711709866,0.15061182515107813,0.0771840757416668,-0.1701942021069769,0.09247815047826337,0.2547228340908982,0.4455815496951089,0.5335340797701902,0.2318123254396361,0.4158520652571536
2021-01-07 02:50:00,0.0869135985999553,0.074797739191852,0.15012684582809072,0.0771619371607843,0.5267834672199712,0.09232795235969649,0.2724370891623891,0.482841071765235,0.5340804669960675,0.2318123254396361,0.4158520652571536
2021-01-07 03:00:00,0.0903471190825683,0.0748234608187166,0.18852764722559137,0.0772255721576213,0.3331481699209604,0.09301060627835489,0.2816764957484504,0.4970186055155389,0.5348458243051083,0.2318123254396361,0.4158520652571536
2021-01-07 03:10:00,0.0900731216805883,0.07484754053719916,0.18516855180708333,0.0776552419056021,0.8596710269403118,0.09868706603732193,0.2519693724321435,0.4294221605241674,0.5358496083025651,0.2318123254396361,0.4158520652571536
2021-01-07 03:20:00,0.0901258637683691,0.07491949156185858,0.18479308853543905,0.0779001823338294,0.6218015353166351,0.10201542132948087,0.2555285037598642,0.4469296548159586,0.5345862291989376,0.2318123254396361,0.4158520652571536
2021-01-07 03:30:00,0.0900839239705013,0.07500325560145547,0.18321020378040465,0.0777993667039124,-0.3138223186400779,0.10367991894509977,0.2470347492455245,0.4372869180919803,0.5356803946944888,0.2318123254396361,0.4158520652571536
2021-01-07 03:40:00,0.0902101976898923,0.07506798706654379,0.18374827996800472,0.0777891034181711,-0.1033709835189355,0.10553912216441058,0.2451511257531433,0.4367686263402916,0.5365773170354916,0.2318123254396361,0.4158520652571536
2021-01-07 03:50:00,0.090210407320012,0.07511808021183403,0.18308352261274874,0.0775877212424465,0.0041273058165813,0.10766266428129458,0.2773238848995872,0.5012500911777064,0.5361183294184841,0.2318123254396361,0.4158520652571536
2021-01-07 04:00:00,0.0903856079263969,0.07513517857201005,0.18479617821278413,0.0774083321177444,-0.6006734654613766,0.10976992637277207,0.2806734476001,0.502559192733478,0.5359607172941514,0.2318123254396361,0.4158520652571536
2021-01-07 04:10:00,0.0904687692357679,0.07513898656595819,0.18566514705345816,0.0773392670694001,-0.1559989737708988,0.11226084225049353,0.2813852117409939,0.5103598527155041,0.536294264804557,0.2318123254396361,0.4158520652571536
2021-01-07 04:20:00,0.090615133061396,0.07513398236117273,0.18734827943573024,0.0713239308163308,0.1353435594539931,0.03582201297961322,0.2565890651585645,0.4605404720286016,0.5363485188226333,0.2318123254396361,0.4158520652571536
2021-01-07 04:30:00,0.0906723334785005,0.07459905758926944,0.19512440299754846,0.0710314094730788,0.3955415340916701,0.027423560501771888,0.2620658734823037,0.4716093412729267,0.5340936061824253,0.2318123254396361,0.4158520652571536
2021-01-07 04:40:00,0.0907615386704106,0.07403316974756884,0.20372238033894816,0.071107542858935,0.3298190558622238,0.02416753988401582,0.252174205483347,0.4438057109249086,0.5336497631424308,0.2318123254396361,0.4158520652571536
2021-01-07 04:50:00,0.0907550199971204,0.07358393675527206,0.2097370370807364,0.0710682480665197,-0.1454189888924872,0.02033678561679903,0.202292113361978,0.3282937372879257,0.5343630219994625,0.2318123254396361,0.4158520652571536
2021-01-07 05:00:00,0.0906466719519081,0.07317262503027844,0.21414784734041284,0.0712960463371867,-0.6671914785696842,0.023213710819004318,0.2217924712985104,0.3768761961811513,0.5340680642568569,0.2318123254396361,0.4158520652571536
2021-01-07 05:10:00,0.0904874076674991,0.07283787644755511,0.21697459845268907,0.0714668800988773,0.560581660369941,0.02622639189982613,0.2252424092481406,0.3833970029840601,0.535324393549479,0.2318123254396361,0.4158520652571536
2021-01-07 05:20:00,0.0905513929138454,0.07256934718156027,0.2213749494827026,0.0714840251793105,0.1610968360054698,0.027491714526767103,0.2326710877206829,0.3966143718652141,0.5354650145286539,0.2318123254396361,0.4158520652571536
2021-01-07 05:30:00,0.090629885706346,0.07233466231748711,0.2254805852077341,0.0716162068870515,0.5033574358614956,0.030209940871199503,0.2757392822133708,0.4792619397071009,0.5360218445663946,0.2318123254396361,0.4158520652571536
2021-01-07 05:40:00,0.0913673900262838,0.07213621468229416,0.23633242944541533,0.0716562684790441,-0.438230351246105,0.03193305897964091,0.2887915041844265,0.5081492746684924,0.5374958778699038,0.2318123254396361,0.4158520652571536
2021-01-07 05:50:00,0.0913616551324711,0.07201488817697899,0.2379529844666601,0.0717954339977954,-0.466539113076081,0.039686770052538164,0.2921748549292957,0.5234966386049769,0.5389451961986734,0.2318123254396361,0.4158520652571536
2021-01-07 06:00:00,0.0915560799678353,0.07188646835255186,0.24186363428397525,0.0718505251927529,-0.4464107149116714,0.04395172200185139,0.2679921366385203,0.4811295069192869,0.5375771177628563,0.2318123254396361,0.4158520652571536
2021-01-07 06:10:00,0.0929846795778247,0.07177504985690857,0.2588978232258599,0.071838990716193,0.031249010299561,0.046984110519047856,0.269864069302251,0.4866058762682628,0.5364796588937661,0.2318123254396361,0.4158520652571536
2021-01-07 06:20:00,0.0927196461978636,0.07170242237510371,0.2570558513078721,0.072501660204489,-0.9999906635778544,0.05911866182887293,0.2687992193374544,0.4816845867561438,0.5360783277394109,0.2318123254396361,0.4158520652571536
2021-01-07 06:30:00,0.0926727462603174,0.07167314002236515,0.256958368722319,0.0721630525626788,0.4089034678202097,0.056586475135574424,0.2349632362642518,0.406396930250276,0.5359383473715109,0.2318123254396361,0.4158520652571536
2021-01-07 06:40:00,0.0926968038655423,0.07165416285366072,0.2574827412918649,0.0718691611393453,0.2427156856368739,0.05524339817973519,0.2504880666066055,0.4415696172692967,0.5352429444856142,0.2318123254396361,0.4158520652571536
2021-01-07 06:50:00,0.0926996895892313,0.07158714673873053,0.2584495809845352,0.0718567850889416,0.1217829560717476,0.05806680906232454,0.2560370548537859,0.4581955054832108,0.5368538356783883,0.2318123254396361,0.4158520652571536
2021-01-07 07:00:00,0.0927812180265387,0.07150969327246917,0.2604112165972663,0.071706554705334,0.1811883691715365,0.05864537499028537,0.241936213555598,0.4290612758120509,0.5372933873033581,0.2318123254396361,0.4158520652571536
2021-01-07 07:10:00,0.0928117260765823,0.07145372867331605,0.2615229016085024,0.0716891737655556,-0.1498782671040643,0.060777512072497625,0.2738880910029483,0.4905923994296179,0.5356648042579086,0.2318123254396361,0.4158520652571536
2021-01-07 07:20:00,0.0936082345178973,0.07138562732005999,0.27102180418848587,0.0716340438298159,-0.0291309889206559,0.06200661888374357,0.270094661574259,0.4811319316264768,0.5360764550872685,0.2318123254396361,0.4158520652571536
2021-01-07 07:30:00,0.0935981256119766,0.07136043040233099,0.27126683809359775,0.0715508343843263,-0.2464328899014489,0.06292693228612811,0.2506704756271609,0.4425473357353123,0.5370013141340395,0.2318123254396361,0.4158520652571536
2021-01-07 07:40:00,0.0934951057727596,0.0712999953982912,0.2710128273680903,0.0710379990908642,-0.6372472577407251,0.056303565933199684,0.2407714168909795,0.4297007967295755,0.5371074919813296,0.2318123254396361,0.4158520652571536
2021-01-07 07:50:00,0.093548996676234,0.0711866115735368,0.27318056662368173,0.070927274656995,0.1686212537387987,0.0539127836103681,0.2452578934082842,0.4358996218846294,0.5367412141370413,0.2318123254396361,0.4158520652571536
2021-01-07 08:00:00,0.0938793832967383,0.0710849503665207,0.2781351560419822,0.0706853999406614,0.217015231030615,0.05042061015750328,0.2488490225170502,0.4357139733796133,0.5367311755886774,0.2318123254396361,0.4158520652571536
2021-01-07 08:10:00,0.0934749963511991,0.07096926873820393,0.2754470331599654,0.0708702349314979,-1.1552183283047412,0.05533158142606825,0.2207918899332208,0.3705770522218864,0.5374515245238526,0.2318123254396361,0.4158520652571536
2021-01-07 08:20:00,0.0929961317360425,0.07093040690403406,0.2708586861559158,0.0708763638939005,0.9784045820197208,0.056094623924596715,0.2447413011325647,0.4274849178183143,0.5380590763516886,0.2318123254396361,0.4158520652571536
2021-01-07 08:30:00,0.0929943363273957,0.07083206178161601,0.27222684337649833,0.0704773522519035,0.4569533512318813,0.05047752639805674,0.2530807780598853,0.4505110211663284,0.5403621664357534,0.2318123254396361,0.4158520652571536
2021-01-07 08:40:00,0.092815946923143,0.0706646912420983,0.2726724353813213,0.0707640672741858,0.6447389994914232,0.05297915861568168,0.2391429366059221,0.4245277332385602,0.5390442102083486,0.2318123254396361,0.4158520652571536
2021-01-07 08:50:00,0.0928879192668442,0.07061293808557084,0.27418021046742885,0.0706310610537552,-0.0909321816632058,0.051126302206616785,0.2649116474280193,0.4731183660704329,0.5377923953262191,0.2318123254396361,0.4158520652571536
2021-01-07 09:00:00,0.0929808301509533,0.0705442200812852,0.2761535961129972,0.0694910367760365,-0.5177664247028702,0.03467901671432893,0.2609605925927091,0.4646577629633113,0.5381000205208453,0.2318123254396361,0.4158520652571536
2021-01-07 09:10:00,0.093120180779811,0.07039359691660868,0.2797886192067425,0.0687589879004341,0.009163025044323,0.021634163354450266,0.2560264112269867,0.4642403704841163,0.5377365658752113,0.2318123254396361,0.4158520652571536
2021-01-07 09:20:00,0.0932284812693089,0.07008535765360947,0.285339373783238,0.0686107351192848,0.0215028614723777,0.0150827009659644,0.2425058454285695,0.4390286811992932,0.5370641624953477,0.2318123254396361,0.4158520652571536
2021-01-07 09:30:00,0.0932570504388299,0.06984160673365272,0.28912974639932165,0.0685692884589821,0.0128510066057074,0.01150611232644865,0.2589071731408832,0.4780640028186381,0.5366066676596278,0.2318123254396361,0.4158520652571536
2021-01-07 09:40:00,0.0930757565392863,0.06965881559434964,0.2898044858735051,0.0688079203973361,0.5818155252683255,0.012236319835483633,0.2467688316124301,0.4420212773248945,0.5357156408388479,0.2318123254396361,0.4158520652571536
2021-01-07 09:50:00,0.093746154872995,0.06953175095780027,0.29880715276034087,0.0690168717602495,0.5664396856646547,0.013582136302044691,0.2144940405684859,0.364573333922518,0.5337782473937102,0.2318123254396361,0.4158520652571536
2021-01-07 10:00:00,0.0940430762126374,0.06943731661014309,0.3033285085650007,0.0686570479342822,-0.5587799555138773,0.006145756588171931,0.2243574362187809,0.3901734304819854,0.5327716308253793,0.2318123254396361,0.4158520652571536
2021-01-07 10:10:00,0.0939835940666084,0.06931760455211948,0.3044213279555495,0.0687404554985941,-0.3500268166050091,0.005303348045275885,0.2135783877322679,0.3653780843622827,0.5347337057075034,0.2318123254396361,0.4158520652571536
2021-01-07 10:20:00,0.0942519111884959,0.06923368289800083,0.30848361270292574,0.0687273347106625,-0.0974699174109972,0.0034799118857078287,0.2149174511798495,0.3725208887743521,0.5352695485169807,0.2318123254396361,0.4158520652571536
2021-01-07 10:30:00,0.0956059988681742,0.06915212422005342,0.32392679109942085,0.0686465783330597,0.2383845157996944,0.0008392266952497044,0.2462044367146396,0.4290867856198063,0.5354192373483317,0.2318123254396361,0.4158520652571536
2021-01-07 10:40:00,0.0957910729317941,0.06907081198232436,0.3270372572415947,0.068767779355859,-0.5463677588842586,0.0023785320601502104,0.2576296532275218,0.448901703744451,0.5358576244988672,0.2318123254396361,0.4158520652571536
2021-01-07 10:50:00,0.0958719076331419,0.06900283383650943,0.3288654311666321,0.0687477493847363,0.1150759440704973,0.0015791300224426738,0.2641936301529557,0.4697226396806532,0.5365337013224148,0.2318123254396361,0.4158520652571536
2021-01-07 11:00:00,0.0966975034913827,0.06894152890400897,0.3383288469206576,0.0672765825498977,0.4941518687571644,-0.019931676344665552,0.2607241391118411,0.4696978678427495,0.5368899165840848,0.2318123254396361,0.4158520652571536
2021-01-07 11:10:00,0.0967740204499794,0.06868210893506557,0.34288983223799735,0.0669963495022906,0.0886023051936746,-0.027312018578533905,0.277309876855783,0.5048257034571799,0.5369569360226856,0.2318123254396361,0.4158520652571536
2021-01-07 11:20:00,0.0967587520825516,0.06849791634270797,0.34541746216922264,0.0661002616272786,-0.1824911017717312,-0.04285211866132458,0.2678033112954216,0.4820859190961651,0.5346590517248193,0.2318123254396361,0.4158520652571536
2021-01-07 11:30:00,0.0965816386655071,0.06816816629450997,0.34841096122209947,0.0666184591143982,0.8896150574766892,-0.03935146517610425,0.2252179881391811,0.3860517925779226,0.5340550701857711,0.2318123254396361,0.4158520652571536
2021-01-07 11:40:00,0.0965941536747523,0.06797598038200889,0.35136380532223777,0.0665933051147682,0.2792849987747203,-0.04230005604676484,0.2302389995218799,0.4055333430069459,0.5337745904603908,0.2318123254396361,0.4158520652571536
2021-01-07 11:50:00,0.0966484278019405,0.06783662995435392,0.3539776247301941,0.0666626682246648,0.6137731998737905,-0.04313644351704218,0.2302028654099743,0.414371395514878,0.535427885552539,0.2318123254396361,0.4158520652571536
2021-01-07 12:00:00,0.0967425529450648,0.06771962396706013,0.356677352314315,0.0665857039419353,0.1542585973547616,-0.04631205805743919,0.2263895536351635,0.4044567597728761,0.535544490438618,0.2318123254396361,0.4158520652571536
2021-01-07 12:10:00,0.0966412765515228,0.0675982304573426,0.3574241374088548,0.0667353560020461,-0.4513238722180901,-0.04591599368791308,0.2650707816607532,0.4835963518275997,0.5360139372187653,0.2318123254396361,0.4158520652571536
2021-01-07 12:20:00,0.0965104057259895,0.06750818737277421,0.3574019489545799,0.0669254392284068,0.5396768529697837,-0.04406083732041631,0.2556050099508644,0.4584709222669161,0.536861783440574,0.2318123254396361,0.4158520652571536
2021-01-07 12:30:00,0.0965773119979862,0.06745190451281693,0.3589290300126564,0.0666534181215442,0.0308538266255098,-0.048454034005051494,0.2522041043227157,0.4571816867849962,0.5357663191774562,0.2318123254396361,0.4158520652571536
2021-01-07 12:40:00,0.0966438589870015,0.06737369687602279,0.36077797727567185,0.0666818632677608,-0.1947516663864945,-0.04863459144990478,0.2327539539830424,0.420382650185312,0.5361407583284625,0.2318123254396361,0.4158520652571536
2021-01-07 12:50:00,0.0966514241615917,0.06730837664648001,0.3618262446289356,0.0662302589360396,0.1401920576096671,-0.05601544262129726,0.2271724161614517,0.4028324486841387,0.5366620166508294,0.2318123254396361,0.4158520652571536
2021-01-07 13:00:00,0.0970064726598745,0.0672154213695153,0.366874998862521,0.0665318892621978,0.9450481213301388,-0.051851561117792114,0.2348950025087952,0.4144425462958995,0.5364774020854399,0.2318123254396361,0.4158520652571536
2021-01-07 13:10:00,0.0975124596786899,0.06719320033518512,0.37240810449426986,0.0665052057283463,0.0697026201878614,-0.05297540700809074,0.2009491057387762,0.3321957932004714,0.5368004618350697,0.2318123254396361,0.4158520652571536
2021-01-07 13:20:00,0.0975498485492858,0.06714662008072972,0.37348492668948596,0.0664622378372977,-0.0041938119398565,-0.054108318251904396,0.2224512785922882,0.3810691387751692,0.53667217825072,0.2318123254396361,0.4158520652571536
2021-01-07 13:30:00,0.0974974289942735,0.06709714783383074,0.3736844714946256,0.0665635148569979,-0.3734325001371275,-0.053121690370275754,0.2336701609195091,0.4085911971616998,0.5388997053163779,0.2318123254396361,0.4158520652571536
2021-01-07 13:40:00,0.0976081385809163,0.06706598161688059,0.3752839419968127,0.0664652426726737,-0.3900028429418611,-0.05501616027989781,0.2396766111903914,0.4239513651419072,0.5401753364792012,0.2318123254396361,0.4158520652571536
2021-01-07 13:50:00,0.0976728935582278,0.06702712244763319,0.3765267247578069,0.0662734893612034,0.319172974468529,-0.05846866839419401,0.2779238901836972,0.5003868953823742,0.5409295079230532,0.2318123254396361,0.4158520652571536
2021-01-07 14:00:00,0.0973631136606807,0.0669816838182233,0.3740282229009662,0.0661641980982067,0.7870010587543774,-0.060420928860430705,0.270843107176474,0.4894765931493093,0.5400101712189335,0.2318123254396361,0.4158520652571536
2021-01-07 14:10:00,0.0973545847014328,0.06693007917648389,0.37471134565560676,0.0662062827705028,-0.3242716064958628,-0.06017635337720861,0.2604928284153822,0.479653476725708,0.5386030831721538,0.2318123254396361,0.4158520652571536
2021-01-07 14:20:00,0.097309249753559,0.06688777868836253,0.3748777787919714,0.0660206090311858,0.360479167315475,-0.06286255219720673,0.2416783329014018,0.4446871045059745,0.5378735497415087,0.2318123254396361,0.4158520652571536
2021-01-07 14:30:00,0.097444636103652,0.06682839476628386,0.3771563203132863,0.0658412179663492,-0.0904266117824903,-0.06550943774808546,0.2518979065468408,0.4674015940586965,0.5367980201565878,0.2318123254396361,0.4158520652571536
2021-01-07 14:40:00,0.0974913085445778,0.06675259687365119,0.3787700299000063,0.0658976551594112,-0.3444365688237027,-0.06520906323796946,0.2545571475936041,0.4633434201983091,0.5356269107370598,0.2318123254396361,0.4158520652571536
2021-01-07 14:50:00,0.097633574514001,0.06668861268281094,0.38118722148138234,0.0653396827515547,0.322771890165896,-0.07275070423012886,0.2279591346174994,0.4025597062906736,0.5356766877459871,0.2318123254396361,0.4158520652571536
2021-01-07 15:00:00,0.0980807278202057,0.06658723065915766,0.38727806552049987,0.0651937484875781,-0.5466483162653191,-0.0734636842648889,0.2276816266244103,0.4071548544688674,0.5350221930094448,0.2318123254396361,0.4158520652571536
2021-01-07 15:10:00,0.1002241643317985,0.06649857889056861,0.41022874320529096,0.0648478568678153,-0.2139855472202967,-0.07716729943023735,0.2309977947696388,0.4181057987052113,0.5352294272443444,0.2318123254396361,0.4158520652571536
2021-01-07 15:20:00,0.1012913277821972,0.06637879269693302,0.4226231799591926,0.0649446540686559,0.3658482829138165,-0.07418302869286311,0.2192305894156234,0.3928003378932768,0.5353248797461103,0.2318123254396361,0.4158520652571536
2021-01-07 15:30:00,0.1011382484588563,0.06628462134355327,0.42253046283204615,0.0652093451995323,0.5980773778468063,-0.06947508988626185,0.2364622643908444,0.4175862333198262,0.5358259293089922,0.2318123254396361,0.4158520652571536
2021-01-07 15:40:00,0.1016161175919887,0.06624368017580956,0.42786209353578436,0.0650746543908633,0.468798306722995,-0.07095360131188806,0.2448220194187155,0.4368845742014817,0.5362598012419147,0.2318123254396361,0.4158520652571536
2021-01-07 15:50:00,0.1013257317795447,0.06619669589901488,0.42570984378452204,0.0654753923846799,0.7679864916349644,-0.06465459997034183,0.2411504122630422,0.4321290626691406,0.5361846866456799,0.2318123254396361,0.4158520652571536
2021-01-07 16:00:00,0.100841490753122,0.06618232318172926,0.42113647969915213,0.065077856005337,0.9937148881341784,-0.07050356281082334,0.2395630656788652,0.4278907351475552,0.5360973325553818,0.2318123254396361,0.4158520652571536
2021-01-07 16:10:00,0.1009179194841324,0.06613900298426553,0.422548874947385,0.065222369033652,-0.5216170759776873,-0.06945972589190971,0.2585459141631673,0.4640524883921293,0.5364375772531333,0.2318123254396361,0.4158520652571536
2021-01-07 16:20:00,0.101890554855562,0.06610157442770136,0.43270668015457825,0.0651695226725989,-0.0383661823510905,-0.0688480734892618,0.2664160971959821,0.4769704419387456,0.5368036058272441,0.2318123254396361,0.4158520652571536
2021-01-07 16:30:00,0.1020455146388073,0.06605874273865618,0.43487454803680414,0.0653702426309703,0.5132684591847791,-0.06482413267743999,0.2372097393138866,0.4098584672403178,0.5381452140804404,0.2318123254396361,0.4158520652571536
2021-01-07 16:40:00,0.1017505219780469,0.06606246625013729,0.4319232015623655,0.065776317102842,-0.8459244012179568,-0.05723132473183277,0.2381913580608263,0.4220546353624483,0.5365016953119589,0.2318123254396361,0.4158520652571536
2021-01-07 16:50:00,0.1017324810805605,0.06614326196709643,0.4305236079212158,0.0658060237053398,0.2125932684753806,-0.05594934943858156,0.2313596007146937,0.4146497094036053,0.5371352763174413,0.2318123254396361,0.4158520652571536
2021-01-07 17:00:00,0.1016867969191425,0.0661972687217247,0.42925826671092704,0.0657891863506342,0.4656172519355905,-0.05514717672316413,0.2196346644700473,0.3901079776665461,0.5376791556801848,0.2318123254396361,0.4158520652571536
2021-01-07 17:10:00,0.1018150421063545,0.06622622995021243,0.43008124727956054,0.0659223819370443,0.424527450431178,-0.052648404082710404,0.2487615223517918,0.4493426796607968,0.5372596104129828,0.2318123254396361,0.4158520652571536
2021-01-07 17:20:00,0.1017511109204301,0.06628666855307543,0.4285409430578458,0.0659672302577443,0.5529819175484008,-0.050987038254010186,0.2528708195449765,0.4549349526875645,0.5379484193940123,0.2318123254396361,0.4158520652571536
2021-01-07 17:30:00,0.1016477597067429,0.0663185987260185,0.4270431189237095,0.0661441691417741,-0.4910370621693971,-0.04781757249432304,0.255826504885462,0.4734486259484384,0.5382662491351478,0.2318123254396361,0.4158520652571536
2021-01-07 17:40:00,0.1018758114894103,0.06637916218907662,0.42837135229337386,0.0661585869233359,0.1459964935154545,-0.04738018977356955,0.2331380477508039,0.4262440705385438,0.5377766016308094,0.2318123254396361,0.4158520652571536
2021-01-07 17:50:00,0.1017695709683174,0.06644566889090263,0.42632654492743044,0.066383730321549,0.546462656606117,-0.0429864201403043,0.2461748148027384,0.4510351283684016,0.535590917091684,0.2318123254396361,0.4158520652571536
2021-01-07 18:00:00,0.1019523133042072,0.06649447668126922,0.4273863005510536,0.0665678053988298,0.7952781691239252,-0.03932885217476974,0.239171916747832,0.4293123791503964,0.5344908817412886,0.2318123254396361,0.4158520652571536
2021-01-07 18:10:00,0.1006709665655591,0.0665778532153425,0.4134854540815567,0.0685575300199358,-1.6517510009556702,-0.009220714591334632,0.1909531241753612,0.3125949607141306,0.5353464992825638,0.2318123254396361,0.4158520652571536
2021-01-07 18:20:00,0.1005749798548792,0.06683725781605623,0.40864284074206514,0.0688561100935098,-0.6959877307940232,-0.003332073356757474,0.2094206231429816,0.3609243430735029,0.5352945119208893,0.2318123254396361,0.4158520652571536
2021-01-07 18:30:00,0.0998016915105607,0.06720567780591673,0.3954273970579978,0.0699062348814751,-1.35488240442303,0.013246007947605299,0.2109613396133702,0.3652497957438363,0.5364821415809791,0.2318123254396361,0.4158520652571536
2021-01-07 18:40:00,0.0959291599367484,0.06752111021045072,0.3511697089044507,0.0751849691847735,-2.7675468051350904,0.08721626547608402,0.2153705664310065,0.371468573479424,0.5369438412247953,0.2318123254396361,0.4158520652571536
2021-01-07 18:50:00,0.0905893068753855,0.06837804359075769,0.281284407463549,0.0832479191573614,3.5742403400082168,0.19039021353306454,0.2579235978808681,0.4548168688024311,0.5368750942941927,0.2318123254396361,0.4158520652571536
2021-01-07 19:00:00,0.0889834604723473,0.0698660382385047,0.24187084601244221,0.0861556501627692,-2.382704907819644,0.2258797105203546,0.275047457872305,0.4837217464302171,0.5374085173154721,0.2318123254396361,0.4158520652571536
2021-01-07 19:10:00,0.088345106520688,0.0714574320384237,0.21214889350403882,0.0871255711088653,1.2964666636394284,0.23737085789031398,0.2800391028594661,0.5010680803091799,0.5374781747964217,0.2318123254396361,0.4158520652571536
2021-01-07 19:20:00,0.0881562204698084,0.07299759402212516,0.18868399122240717,0.0872627901829868,0.5861749225012147,0.24017726205443976,0.2612995837079345,0.4652515397413028,0.535193922435415,0.2318123254396361,0.4158520652571536
2021-01-07 19:30:00,0.0882959532252398,0.07432516402948722,0.17224470091710647,0.0873196088427694,0.5861667939385029,0.24236697025769124,0.2635106194548145,0.4700714318166202,0.5332712972087086,0.2318123254396361,0.4158520652571536
2021-01-07 19:40:00,0.0882698757540327,0.07567603183512862,0.1539374015630643,0.0873853007769193,0.3634618699729586,0.24409635683327774,0.2542592225408691,0.4478424367044663,0.5320325825251246,0.2318123254396361,0.4158520652571536
2021-01-07 19:50:00,0.0882736675991369,0.07667636807615093,0.14084829557634376,0.0852669647751423,-0.1074354851905212,0.22068241681981204,0.2221068897776228,0.3751886323021222,0.5318561837606068,0.2318123254396361,0.4158520652571536
2021-01-07 20:00:00,0.0900657259273153,0.07727625875345676,0.15315291472392822,0.0849761557642141,-0.463246163759301,0.21557474664674908,0.2349094554680897,0.404366279905819,0.5312393629285528,0.2318123254396361,0.4158520652571536
2021-01-07 20:10:00,0.0916793151942312,0.07765043197105596,0.16607967078452118,0.0851260348710847,-0.5100642015326784,0.21241342764443216,0.2443494781314065,0.431817970740428,0.532762932422044,0.2318123254396361,0.4158520652571536
2021-01-07 20:20:00,0.0931819958529723,0.07815229336809723,0.1758951233292226,0.0833993269135934,-0.7864843448631476,0.19004864049168613,0.2272000236752179,0.3938911013104532,0.5326133151725728,0.2318123254396361,0.4158520652571536
2021-01-07 20:30:00,0.0923669380834656,0.07837773785641564,0.1642291705476217,0.0844067795350037,1.313236410968166,0.19764711444023758,0.2642796362569259,0.4647356077979783,0.5306216084970816,0.2318123254396361,0.4158520652571536
2021-01-07 20:40:00,0.0927757926618562,0.07861336789167894,0.16564399089489146,0.0820968345590467,0.2051869848033405,0.1647646676134027,0.2691496520326008,0.4672507220125398,0.5305663129522797,0.2318123254396361,0.4158520652571536
2021-01-07 20:50:00,0.0926808334954859,0.07853911145602191,0.16556495696632306,0.0821463245678141,0.4224327882537793,0.15848008710609135,0.2551330051888574,0.4395434839314338,0.5310312990941339,0.2318123254396361,0.4158520652571536
2021-01-07 21:00:00,0.0926947903544184,0.07860004704466655,0.1649399740434896,0.0821524205224836,0.3566431585801055,0.152630019658654,0.2493850723845425,0.4308949091172729,0.5310554116660942,0.2318123254396361,0.4158520652571536
2021-01-07 21:10:00,0.0932604255253763,0.07864486534965168,0.17045351159266242,0.0818169181424756,0.3874129044817209,0.1434316447711829,0.2561080962255073,0.4452447302116868,0.5308143365780181,0.2318123254396361,0.4158520652571536
2021-01-07 21:20:00,0.0932423640687414,0.07860523193102596,0.17076390728089896,0.0815733043671217,0.2052247903129966,0.13398739351420666,0.2613314080526084,0.4501198237034219,0.5299539983750771,0.2318123254396361,0.4158520652571536
2021-01-07 21:30:00,0.0931402491977575,0.07857300056269251,0.17007827693616617,0.081846616443522,0.8776510360108958,0.13201224914795362,0.2396238444097578,0.396689828566112,0.5309218616103395,0.2318123254396361,0.4158520652571536
2021-01-07 21:40:00,0.0932342497299905,0.07845894355546237,0.1725396646207188,0.0818553767634828,-0.8411174973868896,0.12761620069337226,0.2624749048140797,0.4514825586095677,0.5319322824996052,0.2318123254396361,0.4158520652571536
2021-01-07 21:50:00,0.0938144822994121,0.07847116931441109,0.17858795216238949,0.0820153671987655,0.5313074117111682,0.1259480347445927,0.2694140937928589,0.4744032326667128,0.5346058270101399,0.2318123254396361,0.4158520652571536
2021-01-07 22:00:00,0.0935138175312389,0.07850807548467328,0.17490771454528292,0.0821753854506572,-0.7520508797728809,0.12474933737180481,0.2540152101047678,0.447056271885717,0.5342535968259249,0.2318123254396361,0.4158520652571536
2021-01-07 22:10:00,0.0937868547550226,0.07855849949438644,0.17718114124560438,0.0822424002308165,0.3413155029921455,0.12357103773439014,0.279488353332417,0.497057147881611,0.5329505238009099,0.2318123254396361,0.4158520652571536
2021-01-07 22:20:00,0.094025181236142,0.07860019666844914,0.17918843031081558,0.0822291019427993,0.4258605489148692,0.1226052121904758,0.2823876026994061,0.4951842433641124,0.5332249350171367,0.2318123254396361,0.4158520652571536
2021-01-07 22:30:00,0.094905420872799,0.07863429980721337,0.1880728373688799,0.0821381656279767,-0.0402299671938166,0.12039294789112255,0.2814828404747437,0.5021748815936167,0.5328616814450106,0.2318123254396361,0.4158520652571536
2021-01-07 22:40:00,0.0949090067330501,0.07860705483469832,0.1884571571575504,0.0821486424305001,0.191807527193788,0.11963999077502711,0.2714086372809217,0.4811325796037263,0.5322364942893193,0.2318123254396361,0.4158520652571536
2021-01-07 22:50:00,0.0948726790327937,0.07862852316089558,0.18780124829988706,0.0820644941062953,-0.2932206431712103,0.1181448731907307,0.2864937950539353,0.5187344920887209,0.5322630710768327,0.2318123254396361,0.4158520652571536
2021-01-07 23:00:00,0.0939805160338335,0.07855444138496848,0.17929557930795478,0.0825897601977887,-1.3580828082021768,0.12392609826638945,0.2712387615319289,0.4819612129651995,0.5314887271458753,0.2318123254396361,0.4158520652571536
2021-01-07 23:10:00,0.0941148965575794,0.07862793780886074,0.17978926052777047,0.0826150138186723,0.370985682300784,0.12290999914830815,0.2407860255991055,0.4082958491637801,0.5306711866917985,0.2318123254396361,0.4158520652571536
2021-01-07 23:20:00,0.0937359342948339,0.0786961738887586,0.1748870815714187,0.0830541863020643,-0.8559950117966508,0.12763417172380515,0.2450383756429518,0.4239401804173184,0.53074678930464,0.2318123254396361,0.4158520652571536
2021-01-07 23:30:00,0.0936226820894251,0.07880088441104759,0.17234846385029423,0.0832179662458189,0.5260600657218006,0.12900359231183772,0.2303855029625274,0.3976595338596647,0.532876713704088,0.2318123254396361,0.4158520652571536
2021-01-07 23:40:00,0.0938203066670937,0.07890084249073066,0.17318941581917704,0.0818348705433937,-0.0029571295247166,0.11180241781786185,0.2272726591865749,0.3921498477419511,0.533853620756938,0.2318123254396361,0.4158520652571536
2021-01-07 23:50:00,0.0935818734222443,0.07884664208259047,0.1713319783514652,0.0821236449266061,0.6916967017181364,0.11271743480371808,0.2577746570895769,0.4473137802848091,0.532835460471299,0.2318123254396361,0.4158520652571536
2021-01-08 00:00:00,0.0938608707188441,0.07884852996393622,0.17428491732129478,0.0822847426772808,0.5163748449867,0.11253552861428268,0.2732782651979461,0.4680144912983852,0.5329326790776567,0.2492310542467356,0.4399694185707921
2021-01-08 00:10:00,0.0938210466618011,0.07885232769589494,0.17381237537075514,0.0822826067205642,-0.2735240777695935,0.11149553324364377,0.2800445957126939,0.4864587117665877,0.5332815701668309,0.2492310542467356,0.4399694185707921
2021-01-08 00:20:00,0.0939292259012769,0.07885910228996146,0.17487883794955542,0.0817470866993828,-0.1216551003459187,0.10409056938852447,0.2772030951047154,0.4853279105880488,0.5338523867959226,0.2492310542467356,0.4399694185707921
2021-01-08 00:30:00,0.093964306829343,0.07878212098641092,0.17622891549393607,0.0813732081259651,-0.1209931298928879,0.09790972324444674,0.2903820104583764,0.5167772143016363,0.534382802955783,0.2492310542467356,0.4399694185707921
2021-01-08 00:40:00,0.0943081346140577,0.07868481876897637,0.18111721225574087,0.0814052692884635,-0.6937092490479912,0.09632644173284133,0.276460120534545,0.4871593755471862,0.5318158889205575,0.2492310542467356,0.4399694185707921
2021-01-08 00:50:00,0.0939045590685968,0.0785949938588476,0.17797093137329326,0.0818559969150048,-0.8911782421648695,0.10009215007178372,0.2390271848838686,0.3996049172348275,0.5305560712931877,0.2492310542467356,0.4399694185707921
2021-01-08 01:00:00,0.0941919597736433,0.07857481737872862,0.18128356670231005,0.0817366416382867,-0.0306390482013085,0.09705575224017446,0.2454069876962311,0.419046583015001,0.530034120792378,0.2492310542467356,0.4399694185707921
2021-01-08 01:10:00,0.094211388627547,0.07854754616594745,0.1818369475776002,0.0817447327574177,0.1490680312034698,0.09573281948981811,0.2467075800781822,0.4308646674285811,0.5310990096345163,0.2492310542467356,0.4399694185707921
2021-01-08 01:20:00,0.0940333573348503,0.07852873670523103,0.18018495410637286,0.0822262659085939,-0.8912533039906023,0.10035370298033051,0.2444764224989472,0.4254218763746362,0.5313178875497722,0.2492310542467356,0.4399694185707921
2021-01-08 01:30:00,0.0937303370505041,0.07857572556264564,0.17635908806950498,0.0826060668967442,-0.8657688577841327,0.1042384818962138,0.2849792489467662,0.5097600299841728,0.5308934413536226,0.2492310542467356,0.4399694185707921
2021-01-08 01:40:00,0.0933610145258444,0.07864389075871103,0.1715439045506254,0.0830238898083217,0.8329214386749939,0.10823845699969181,0.2798704980985131,0.4912695227642326,0.5307511480379797,0.2492310542467356,0.4399694185707921
2021-01-08 01:50:00,0.0934144757549287,0.07874443270017999,0.17083874055913478,0.0830805370462656,0.4481728184311251,0.10805536764352654,0.2814843918043153,0.5003719216875989,0.5292773448861327,0.2492310542467356,0.4399694185707921
2021-01-08 02:00:00,0.0931144359819069,0.07883827140011573,0.16643067451750435,0.0837152614416761,-1.0484261125563776,0.11478030274484728,0.265434991617301,0.4682758098911925,0.5286594579728978,0.2492310542467356,0.4399694185707921
2021-01-08 02:10:00,0.0915037659134006,0.07899138200460745,0.14704137099087178,0.0852163336214429,-1.7794463750371747,0.13217985335865867,0.2590367172529697,0.454670440157705,0.5293288411746997,0.2492310542467356,0.4399694185707921
2021-01-08 02:20:00,0.0913451316811227,0.07926902923581695,0.14179748789316332,0.0853951169375168,0.5537887334872593,0.13344226030170447,0.2605625277627694,0.4556878086331848,0.5289096308188264,0.2492310542467356,0.4399694185707921
2021-01-08 02:30:00,0.0900904975258939,0.07954710122987214,0.12446537867053131,0.0868295717904878,-1.630086874386727,0.14989658468159045,0.2268139863430043,0.3751809112499457,0.5295142280482177,0.2492310542467356,0.4399694185707921
2021-01-08 02:40:00,0.0902903065082989,0.07992214743557785,0.12197710322903499,0.0869302747161065,0.451605265041799,0.15061182515107813,0.2478304401465941,0.422488473750907,0.530285689361979,0.2492310542467356,0.4399694185707921
2021-01-08 02:50:00,0.0903703049751115,0.08037605030501908,0.11719947861563396,0.0869135985999553,-0.4985081896021981,0.15012684582809072,0.2574091521558667,0.4490489373719714,0.532796908954627,0.2492310542467356,0.4399694185707921
2021-01-08 03:00:00,0.0868802502894341,0.08066749878363856,0.07419498411010379,0.0903471190825683,2.4894318131609694,0.18852764722559137,0.2635542061472983,0.4633574185972239,0.5344944127040419,0.2492310542467356,0.4399694185707921
2021-01-08 03:10:00,0.0867832690770622,0.08127291912075015,0.06560098760023268,0.0900731216805883,-0.4946589756826824,0.18516855180708333,0.3027384845321257,0.5407305185883987,0.5346129310585127,0.2492310542467356,0.4399694185707921
2021-01-08 03:20:00,0.0868975316145688,0.0817687107188839,0.06083496608811216,0.0901258637683691,0.6940301552582184,0.18479308853543905,0.2970258335047168,0.5265331345303307,0.5332843406117698,0.2492310542467356,0.4399694185707921
2021-01-08 03:30:00,0.0869103668426215,0.08220859416704476,0.05561747288133088,0.0900839239705013,-0.1513434073922681,0.18321020378040465,0.2879181768599054,0.5130151008805233,0.5318081849358727,0.2492310542467356,0.4399694185707921
2021-01-08 03:40:00,0.0867883610115973,0.08263890973955454,0.0489918911131672,0.0902101976898923,0.4882106650796913,0.18374827996800472,0.2689626618779543,0.4746578340834342,0.5311479604411692,0.2492310542467356,0.4399694185707921
2021-01-08 03:50:00,0.0868639348744616,0.08300145929092544,0.04548473796097939,0.090210407320012,-0.0198809100275809,0.18308352261274874,0.2736036211090518,0.4894444691646334,0.5308408113256038,0.2492310542467356,0.4399694185707921
2021-01-08 04:00:00,0.0867792016633274,0.08327676010624033,0.04119746085456086,0.0903856079263969,0.8229300856864796,0.18479617821278413,0.2693142468285358,0.4759379027526722,0.5300486024933451,0.2492310542467356,0.4399694185707921
2021-01-08 04:10:00,0.0867150506774515,0.08355525895584584,0.03711926673952848,0.0904687692357679,-0.4180150092048862,0.18566514705345816,0.2443206615300732,0.4216162824212031,0.5303348886694792,0.2492310542467356,0.4399694185707921
2021-01-08 04:20:00,0.087085514722276,0.08380348145985189,0.03841601224754196,0.090615133061396,0.5323149500853219,0.18734827943573024,0.2457472088309546,0.4268580196602087,0.5300499571137697,0.2492310542467356,0.4399694185707921
2021-01-08 04:30:00,0.0871261577764227,0.08403735128923902,0.03609579945705714,0.0906723334785005,-0.5100493037057063,0.19512440299754846,0.2503012073463517,0.4386867298026612,0.5296193204292732,0.2492310542467356,0.4399694185707921
2021-01-08 04:40:00,0.0869895783212125,0.08427302009360871,0.031726554625019714,0.0907615386704106,0.5202201874688228,0.20372238033894816,0.2419948320654582,0.4208759758580498,0.5299229842988281,0.2492310542467356,0.4399694185707921
2021-01-08 04:50:00,0.0870700355926815,0.08441842036596454,0.030927173052572258,0.0907550199971204,-0.0965101595868489,0.2097370370807364,0.2615135191585389,0.451872704034288,0.5301972680025329,0.2492310542467356,0.4399694185707921
2021-01-08 05:00:00,0.08714920457668,0.08460226584056073,0.029660595625036312,0.0906466719519081,-0.4985973143400102,0.21414784734041284,0.2685136837073112,0.4653460734575313,0.5307240845428649,0.2492310542467356,0.4399694185707921
2021-01-08 05:10:00,0.0871542240991366,0.08474495854944998,0.028032981738313388,0.0904874076674991,0.1605300663941378,0.21697459845268907,0.2633130123630515,0.459365719892309,0.530554886034784,0.2492310542467356,0.4399694185707921
2021-01-08 05:20:00,0.0871958354140494,0.08481459114273324,0.02768897740250996,0.0905513929138454,-0.3765505452197004,0.2213749494827026,0.2599533149652185,0.4500168360591516,0.5300421305115892,0.2492310542467356,0.4399694185707921
2021-01-08 05:30:00,0.0869721145676313,0.0849117662758143,0.02397487152947263,0.090629885706346,0.6289538562679553,0.2254805852077341,0.2774840214160474,0.4882934058061708,0.530469292826929,0.2492310542467356,0.4399694185707921
2021-01-08 05:40:00,0.0861202565783998,0.08495709670305555,0.013598267410398438,0.0913673900262838,-1.238662024706727,0.23633242944541533,0.285587317938079,0.5048026758205838,0.5303261033415541,0.2492310542467356,0.4399694185707921
2021-01-08 05:50:00,0.0864704326056846,0.08512704619587663,0.015657734192623875,0.0913616551324711,-0.4551696687226325,0.2379529844666601,0.2624932748632936,0.4510696463590045,0.5313021090334202,0.2492310542467356,0.4399694185707921
2021-01-08 06:00:00,0.0863073660473176,0.08525937557913338,0.0122168608291519,0.0915560799678353,-0.7449295481510632,0.24186363428397525,0.2678570226254697,0.4704811097386475,0.5299195177740015,0.2492310542467356,0.4399694185707921
2021-01-08 06:10:00,0.0851792713057533,0.08540287198940678,-0.0026216203806499775,0.0929846795778247,1.6239843200553494,0.2588978232258599,0.2638497500059242,0.4664648214043651,0.5301262663039417,0.2492310542467356,0.4399694185707921
2021-01-08 06:20:00,0.0848810831681901,0.08567471136245196,-0.009306443377567147,0.0927196461978636,0.7126028879435253,0.2570558513078721,0.252158130374937,0.4426945495516574,0.5306566739748655,0.2492310542467356,0.4399694185707921
2021-01-08 06:30:00,0.0848464270089622,0.0858880325968046,-0.012201620141925223,0.0926727462603174,-0.283289833416589,0.256958368722319,0.2835143233319611,0.5059767661699526,0.5303930547462178,0.2492310542467356,0.4399694185707921
2021-01-08 06:40:00,0.0848721340445658,0.08603377405431434,-0.013594122191408452,0.0926968038655423,0.3217240721962611,0.2574827412918649,0.2875830492932924,0.5092811094325878,0.5308612439122442,0.2492310542467356,0.4399694185707921
2021-01-08 06:50:00,0.0855266744590774,0.0861957431278635,-0.007792483518786715,0.0926996895892313,-0.1420602650982871,0.2584495809845352,0.2913022338315614,0.5286994010307826,0.5315225767614099,0.2492310542467356,0.4399694185707921
2021-01-08 07:00:00,0.0854407597494215,0.08634010785347493,-0.010470971927504708,0.0927812180265387,-0.4290092197210882,0.2604112165972663,0.2660256442799671,0.4744069190974421,0.5311006336623081,0.2492310542467356,0.4399694185707921
2021-01-08 07:10:00,0.085763048380433,0.08646193293407599,-0.008115993214923886,0.0928117260765823,0.2812192795927259,0.2615229016085024,0.2724601013172766,0.489033379818558,0.5297000829109177,0.2492310542467356,0.4399694185707921
2021-01-08 07:20:00,0.0848927615493809,0.08658069634086592,-0.019688053590701027,0.0936082345178973,1.2188926683455392,0.27102180418848587,0.2625006389635752,0.4655657612867954,0.5293141755522612,0.2492310542467356,0.4399694185707921
2021-01-08 07:30:00,0.0850244407106783,0.08676991161863667,-0.020321168302428024,0.0935981256119766,-0.2044618653984642,0.27126683809359775,0.2158877275619816,0.3575692497281847,0.5308749306118283,0.2492310542467356,0.4399694185707921
2021-01-08 07:40:00,0.0849357420807156,0.0869313427732491,-0.023223648499519613,0.0934951057727596,0.4618884295362946,0.2710128273680903,0.23415493539275,0.4009057276253427,0.531328010074509,0.2492310542467356,0.4399694185707921
2021-01-08 07:50:00,0.0849617095477495,0.08706197927108429,-0.024419591342331192,0.093548996676234,-0.3594897549552556,0.27318056662368173,0.2336119842700137,0.4030330281626049,0.5328123555911581,0.2492310542467356,0.4399694185707921
2021-01-08 08:00:00,0.0845757980432148,0.0871832161776625,-0.030363686816858405,0.0938793832967383,-0.8162927789451047,0.2781351560419822,0.2351095176113459,0.4031766533596242,0.5333357693205001,0.2492310542467356,0.4399694185707921
2021-01-08 08:10:00,0.0842394340970047,0.08732783739742274,-0.03600613249261633,0.0934749963511991,0.7595345501417938,0.2754470331599654,0.2761666183521433,0.4819779012676523,0.5335444150890344,0.2492310542467356,0.4399694185707921
2021-01-08 08:20:00,0.0843443710223634,0.08735675665899088,-0.035092311967908955,0.0929961317360425,-0.2536361098583128,0.2708586861559158,0.2898543653518279,0.5089112212740013,0.5347500814107399,0.2492310542467356,0.4399694185707921
2021-01-08 08:30:00,0.0848916790974702,0.08737653859318993,-0.02885072923754742,0.0929943363273957,-0.453284762876649,0.27222684337649833,0.2920010614202991,0.5217055177309964,0.535461767401299,0.2492310542467356,0.4399694185707921
2021-01-08 08:40:00,0.084972568518867,0.08740059430795823,-0.028173601404096887,0.092815946923143,-0.2902111647305361,0.2726724353813213,0.2685496004970915,0.4775870686895983,0.5331549130776525,0.2492310542467356,0.4399694185707921
2021-01-08 08:50:00,0.0848920751115659,0.0874003059818577,-0.029118038429260584,0.0928879192668442,0.3767281334102534,0.27418021046742885,0.2685298662979507,0.4816943583247596,0.53091629826772,0.2492310542467356,0.4399694185707921
2021-01-08 09:00:00,0.0852907563562112,0.08740994833024932,-0.024543019128421755,0.0929808301509533,-0.6639084040108045,0.2761535961129972,0.2594101577613698,0.4594496163050621,0.5296563971929145,0.2492310542467356,0.4399694185707921
2021-01-08 09:10:00,0.0851467052035228,0.0874262061557986,-0.02641936698536119,0.093120180779811,0.5093298440799643,0.2797886192067425,0.2273836202616825,0.3876167661266613,0.5291042226685183,0.2492310542467356,0.4399694185707921
2021-01-08 09:20:00,0.0850668418052514,0.08744573210669208,-0.027581074822687145,0.0932284812693089,0.4497542509232843,0.285339373783238,0.2430273028320829,0.4247734198067477,0.5284395173853111,0.2492310542467356,0.4399694185707921
2021-01-08 09:30:00,0.0850906316295679,0.08749309464470363,-0.02784292899282791,0.0932570504388299,0.2311763743476191,0.28912974639932165,0.2524593243626604,0.4539931212230523,0.5296907123234977,0.2492310542467356,0.4399694185707921
2021-01-08 09:40:00,0.0850969782071114,0.08753046751631902,-0.028195406723172653,0.0930757565392863,0.0264441589697739,0.2898044858735051,0.2341208803252795,0.4158489271354087,0.5297498496338044,0.2492310542467356,0.4399694185707921
2021-01-08 09:50:00,0.0841970610679138,0.0875500459288232,-0.039050566875218226,0.093746154872995,1.254314513432142,0.29880715276034087,0.2696657683661817,0.4818666591787242,0.528106882313473,0.2492310542467356,0.4399694185707921
2021-01-08 10:00:00,0.0837047213695375,0.08762793916045981,-0.04580450313688678,0.0940430762126374,0.9326421282183972,0.3033285085650007,0.2689240316812986,0.4757901122212045,0.5281353124263024,0.2492310542467356,0.4399694185707921
2021-01-08 10:10:00,0.083708784582856,0.08772381792226991,-0.04684952137981347,0.0939835940666084,-0.103327023346722,0.3044213279555495,0.2537844656741419,0.4470887393223011,0.5285594561237612,0.2492310542467356,0.4399694185707921
2021-01-08 10:20:00,0.0839770402368511,0.08781186411796935,-0.04465318717259984,0.0942519111884959,0.7173342839088548,0.30848361270292574,0.2465263803044107,0.4356730407449306,0.5277933204062248,0.2492310542467356,0.4399694185707921
2021-01-08 10:30:00,0.0824135210616967,0.08790887305633609,-0.06455123048366905,0.0956059988681742,1.6210088668310974,0.32392679109942085,0.2526960906859468,0.4498547621809676,0.5269684840906166,0.2492310542467356,0.4399694185707921
2021-01-08 10:40:00,0.0821021813775879,0.08813890099058569,-0.0709494045606876,0.0957910729317941,0.8079257802409145,0.3270372572415947,0.2608155111259347,0.4604525368093058,0.5262010062759377,0.2492310542467356,0.4399694185707921
2021-01-08 10:50:00,0.082000223217455,0.08835271007834815,-0.07461490321525496,0.0958719076331419,-0.4100886133967307,0.3288654311666321,0.2395688664832136,0.4070508719781919,0.5272766452522151,0.2492310542467356,0.4399694185707921
2021-01-08 11:00:00,0.0809059520909685,0.08861665232560548,-0.09103239465566877,0.0966975034913827,1.3542640628323,0.3383288469206576,0.2622157573544019,0.462444023330752,0.5284725681165556,0.2492310542467356,0.4399694185707921
2021-01-08 11:10:00,0.0812363473224813,0.08887241209444295,-0.08983899507552094,0.0967740204499794,-0.3948276767859582,0.34288983223799735,0.2687926327279948,0.4843307106536781,0.5312853510976223,0.2492310542467356,0.4399694185707921
2021-01-08 11:20:00,0.0820862424937172,0.08910961491483463,-0.082096807852933,0.0967587520825516,0.0612675070694734,0.34541746216922264,0.2509400587351486,0.4506291244124052,0.5303236850477815,0.2492310542467356,0.4399694185707921
2021-01-08 11:30:00,0.0818153456739677,0.08932577720258202,-0.08782527877187897,0.0965816386655071,-0.6700620701906246,0.34841096122209947,0.2758108988622902,0.4964059634379952,0.5292366079534452,0.2492310542467356,0.4399694185707921
2021-01-08 11:40:00,0.0830427683783673,0.08948629529947043,-0.07472973165871287,0.0965941536747523,0.3196499316619139,0.35136380532223777,0.2731853063089002,0.4854686855140718,0.5297151187846441,0.2492310542467356,0.4399694185707921
2021-01-08 11:50:00,0.0827844787759299,0.0896250519729619,-0.07939428939073331,0.0966484278019405,0.6939728131099443,0.3539776247301941,0.2676801984511251,0.4832833939769579,0.5300545555742484,0.2492310542467356,0.4399694185707921
2021-01-08 12:00:00,0.0827179817333529,0.08974879414031417,-0.08157757982789458,0.0967425529450648,0.4536796802540266,0.356677352314315,0.2566526607141594,0.460024197286554,0.529972561221536,0.2492310542467356,0.4399694185707921
2021-01-08 12:10:00,0.0827360430973847,0.08987259432301792,-0.0827377122062713,0.0966412765515228,-0.0885498132484841,0.3574241374088548,0.2705639201079187,0.4968023030769344,0.5300557079178922,0.2492310542467356,0.4399694185707921
2021-01-08 12:20:00,0.0827281929407436,0.0899749384442609,-0.08397071971196607,0.0965104057259895,0.1961425616826773,0.3574019489545799,0.2582290714779995,0.464009298631823,0.5292233187700071,0.2492310542467356,0.4399694185707921
2021-01-08 12:30:00,0.0826568820460492,0.09005550102506901,-0.08572807017349315,0.0965773119979862,-0.3607488769629796,0.3589290300126564,0.2310805180508205,0.397062570007843,0.5279378001921813,0.2492310542467356,0.4399694185707921
2021-01-08 12:40:00,0.0825638921997649,0.09012941650024563,-0.08767415405354603,0.0966438589870015,-0.4080576956642545,0.36077797727567185,0.2386721901406402,0.4178307222829812,0.5276004693688148,0.2492310542467356,0.4399694185707921
2021-01-08 12:50:00,0.082709284853326,0.09020492247661092,-0.08675213125995061,0.0966514241615917,0.1851403215448854,0.3618262446289356,0.2260659644588674,0.3942486685420029,0.5299479963129645,0.2492310542467356,0.4399694185707921
2021-01-08 13:00:00,0.081748497902598,0.09027057945807143,-0.09916416312657327,0.0970064726598745,-1.2572570962616323,0.366874998862521,0.2218916072095336,0.3890475920475544,0.5305027502650619,0.2492310542467356,0.4399694185707921
2021-01-08 13:10:00,0.0811754703714337,0.09033166652946259,-0.10687496783019042,0.0975124596786899,0.9945345655292924,0.37240810449426986,0.2511975321625236,0.4427431563128411,0.5302542854259633,0.2492310542467356,0.4399694185707921
2021-01-08 13:20:00,0.0811736687319264,0.09046181573810559,-0.10833691824629768,0.0975498485492858,0.2700910625389241,0.37348492668948596,0.2631108832884849,0.461276602972549,0.530657641412859,0.2492310542467356,0.4399694185707921
2021-01-08 13:30:00,0.0813620221130426,0.09058656026789395,-0.10739725530304528,0.0974974289942735,-0.1928961306157717,0.3736844714946256,0.2700258635694718,0.4841359438980083,0.531194705339757,0.2492310542467356,0.4399694185707921
2021-01-08 13:40:00,0.0811367691711389,0.09068745154694756,-0.11128275732772604,0.0976081385809163,0.6067147475398826,0.3752839419968127,0.2702339460362913,0.4876384075336531,0.5312974280082483,0.2492310542467356,0.4399694185707921
2021-01-08 13:50:00,0.0810410063289964,0.09078148932353854,-0.11350012520307279,0.0976728935582278,-0.4778342554551784,0.3765267247578069,0.2846233569617546,0.5212475589913341,0.5310869899917972,0.2492310542467356,0.4399694185707921
2021-01-08 14:00:00,0.0813624276805263,0.09087610070004397,-0.1105834579799024,0.0973631136606807,-0.1232409150320634,0.3740282229009662,0.2750049409676002,0.4998765783488683,0.5286179333477914,0.2492310542467356,0.4399694185707921
2021-01-08 14:10:00,0.0813991133462741,0.09092346584487142,-0.11065373757976857,0.0973545847014328,-0.2975645839775609,0.37471134565560676,0.2390423540628193,0.4140238199416026,0.5279060965253586,0.2492310542467356,0.4399694185707921
2021-01-08 14:20:00,0.0814003616901295,0.09097071381513179,-0.11115791214603263,0.097309249753559,0.2041922677014085,0.3748777787919714,0.2441496679867361,0.4309327518882338,0.5277753514163175,0.2492310542467356,0.4399694185707921
2021-01-08 14:30:00,0.0812364601215739,0.0910052843779139,-0.11355341225228259,0.097444636103652,0.5213896334266721,0.3771563203132863,0.2436393246255326,0.4381894973044388,0.5296232449652846,0.2492310542467356,0.4399694185707921
2021-01-08 14:40:00,0.0812815008327959,0.09103703281927496,-0.11334792916135432,0.0974913085445778,-0.4578404892013665,0.3787700299000063,0.2369714128979773,0.4239410472693712,0.5303765255107844,0.2492310542467356,0.4399694185707921
2021-01-08 14:50:00,0.0810508279813352,0.0910871691604519,-0.11674048706746627,0.097633574514001,0.617881865367842,0.38118722148138234,0.2755210670383811,0.5020234928032258,0.5305614296707784,0.2492310542467356,0.4399694185707921
2021-01-08 15:00:00,0.0803268971854118,0.09113900972115156,-0.1262813967186598,0.0980807278202057,1.0834977412429223,0.38727806552049987,0.2666487842600866,0.4773546730221653,0.5304636213925926,0.2492310542467356,0.4399694185707921
2021-01-08 15:10:00,0.0781111257381452,0.09123089080189023,-0.1552610529285848,0.1002241643317985,-2.0727588564712462,0.41022874320529096,0.2665440494259412,0.4814087633112092,0.5289148633318187,0.2492310542467356,0.4399694185707921
2021-01-08 15:20:00,0.0766391566615901,0.09151831427187612,-0.17743097852132428,0.1012913277821972,-1.51140485801875,0.4226231799591926,0.2528903614496563,0.4507799000135662,0.5283573627726994,0.2492310542467356,0.4399694185707921
2021-01-08 15:30:00,0.0766123477569772,0.0918876211490387,-0.1818080595216189,0.1011382484588563,-0.2186749284680544,0.42253046283204615,0.2478127218962995,0.4365724184711809,0.5283170261803786,0.2492310542467356,0.4399694185707921
2021-01-08 15:40:00,0.075840836279794,0.0921759435610748,-0.19506229591262034,0.1016161175919887,1.0902625297704915,0.42786209353578436,0.2487748084438376,0.4374903503574143,0.5280104144687102,0.2492310542467356,0.4399694185707921
2021-01-08 15:50:00,0.0758738586377009,0.09260641015391825,-0.19928615678033698,0.1013257317795447,-0.0221113827558738,0.42570984378452204,0.2165637545454368,0.3598267377224126,0.5284142379936412,0.2492310542467356,0.4399694185707921
2021-01-08 16:00:00,0.0758729722226018,0.09285883078808829,-0.202019867602032,0.100841490753122,0.0921555501156135,0.42113647969915213,0.2371957580659544,0.4040771629908599,0.5286014036454965,0.2492310542467356,0.4399694185707921
2021-01-08 16:10:00,0.0756057836464415,0.09302981393499272,-0.2073872382055726,0.1009179194841324,-0.6529062190621104,0.422548874947385,0.2469862211621736,0.429514248744057,0.5311202787189414,0.2492310542467356,0.4399694185707921
2021-01-08 16:20:00,0.0746031882456181,0.09319510076780797,-0.2225119092674498,0.101890554855562,1.4050120717035597,0.43270668015457825,0.2487043445081223,0.4360702563568301,0.5325634401194175,0.2492310542467356,0.4399694185707921
2021-01-08 16:30:00,0.0743244075487004,0.09342732949824414,-0.2287445117193692,0.1020455146388073,0.7612249355094747,0.43487454803680414,0.2849765925424467,0.5087723602972155,0.5332893665251977,0.2492310542467356,0.4399694185707921
2021-01-08 16:40:00,0.074307619084828,0.09364395415308183,-0.23128637756096748,0.1017505219780469,-0.3382376999027769,0.4319232015623655,0.2795302908014199,0.4964017359125944,0.531814951796884,0.2492310542467356,0.4399694185707921
2021-01-08 16:50:00,0.0744709226691771,0.0937732933965395,-0.23047134742899242,0.1017324810805605,-0.0921180645534036,0.4305236079212158,0.2703985390519779,0.4844188560531245,0.5305422515076557,0.2492310542467356,0.4399694185707921
2021-01-08 17:00:00,0.0748310470152486,0.09391125734032262,-0.227117399594106,0.1016867969191425,-0.3519503288579528,0.42925826671092704,0.2556282593488299,0.4522942465962641,0.5296667294249672,0.2492310542467356,0.4399694185707921
2021-01-08 17:10:00,0.0746521326080052,0.09402871484781976,-0.23076112105753788,0.1018150421063545,0.6642325425691098,0.43008124727956054,0.2636407948754796,0.4740857881649174,0.5285103299764781,0.2492310542467356,0.4399694185707921
2021-01-08 17:20:00,0.0745431364002964,0.09414227232813113,-0.23342920352815238,0.1017511109204301,-0.4191023089470391,0.4285409430578458,0.2621038697935692,0.4668780425942368,0.5272841432057529,0.2492310542467356,0.4399694185707921
2021-01-08 17:30:00,0.0745234405278188,0.0942089364421457,-0.23440132991753101,0.1016477597067429,-0.1757902016745305,0.4270431189237095,0.2408495209641936,0.4167558364470777,0.5278676856088953,0.2492310542467356,0.4399694185707921
2021-01-08 17:40:00,0.0742016365425203,0.0942598118037447,-0.23926871916896114,0.1018758114894103,-0.6967453683950353,0.42837135229337386,0.24162408519534,0.4198151781639411,0.5278479298319776,0.2492310542467356,0.4399694185707921
2021-01-08 17:50:00,0.0741545766848761,0.09435282140957271,-0.24088938635950788,0.1017695709683174,0.2868231503216023,0.42632654492743044,0.2441478378937404,0.4296345991506592,0.528262822538812,0.2492310542467356,0.4399694185707921
2021-01-08 18:00:00,0.0737664229380548,0.0944257232584408,-0.24690987384133728,0.1019523133042072,-1.0023739303889556,0.4273863005510536,0.2315059446518858,0.4041825060461377,0.5290284324534085,0.2492310542467356,0.4399694185707921
2021-01-08 18:10:00,0.0736946856814786,0.09449984076760645,-0.24866746034660367,0.1006709665655591,-0.3632830587914526,0.4134854540815567,0.2499328156992904,0.436053464768765,0.5294882570266711,0.2492310542467356,0.4399694185707921
2021-01-08 18:20:00,0.0735041810464973,0.09443180052869506,-0.25053559684359733,0.1005749798548792,-0.5396568882821029,0.40864284074206514,0.2589738286632798,0.4523357977634462,0.5298843673504683,0.2492310542467356,0.4399694185707921
2021-01-08 18:30:00,0.0733228579586034,0.09426713599896595,-0.2512602226527942,0.0998016915105607,0.534992416219815,0.3954273970579978,0.2551037149282285,0.4488329437449748,0.5290418046972606,0.2492310542467356,0.4399694185707921
2021-01-08 18:40:00,0.0733271335421442,0.09414077819970704,-0.2498605908442453,0.0959291599367484,0.2820927092725966,0.3511697089044507,0.255305744785578,0.4449832085853064,0.5281505955062806,0.2492310542467356,0.4399694185707921
2021-01-08 18:50:00,0.0713984225361171,0.09360803804365132,-0.27084048056132004,0.0905893068753855,-1.6779099940304576,0.281284407463549,0.2726363141031276,0.4810787557112215,0.5281852885029639,0.2492310542467356,0.4399694185707921
2021-01-08 19:00:00,0.0694163494586814,0.09271593031238959,-0.28941788309215616,0.0889834604723473,1.6714125320991258,0.24187084601244221,0.2778969897036945,0.4929120891429954,0.5283198172371888,0.2492310542467356,0.4399694185707921
2021-01-08 19:10:00,0.0691541964465682,0.09181063303068894,-0.28338937673063386,0.088345106520688,-0.7408386430981295,0.21214889350403882,0.2541641605300719,0.4340092565816119,0.5294598367704262,0.2492310542467356,0.4399694185707921
2021-01-08 19:20:00,0.0691483626358016,0.09089040250527565,-0.27340003321950646,0.0881562204698084,-0.1010675688188911,0.18868399122240717,0.2555722542233125,0.4433630797757177,0.5279503078287131,0.2492310542467356,0.4399694185707921
2021-01-08 19:30:00,0.0687398883203401,0.09006128573925669,-0.2701607444929733,0.0882959532252398,0.7682141593583935,0.17224470091710647,0.2500366969247494,0.4354993113382827,0.5283905992053886,0.2492310542467356,0.4399694185707921
2021-01-08 19:40:00,0.0686790563977144,0.08917812162720803,-0.26119143944216267,0.0882698757540327,-0.2933609171492435,0.1539374015630643,0.2361072636556986,0.4069148538342409,0.5289002668476941,0.2492310542467356,0.4399694185707921
2021-01-08 19:50:00,0.0686808758359009,0.08854896179808218,-0.2540848513254617,0.0882736675991369,-0.135043108611832,0.14084829557634376,0.2672427350303202,0.4707217740823515,0.5286251808082749,0.2492310542467356,0.4399694185707921
2021-01-08 20:00:00,0.0665501254675502,0.08803502831178786,-0.2797793541234166,0.0900657259273153,-1.8467655407093275,0.15315291472392822,0.2758526239582877,0.4828420704793113,0.5290027504320273,0.2492310542467356,0.4399694185707921
2021-01-08 20:10:00,0.0641860758427731,0.08778707437505537,-0.3131279731303434,0.0916793151942312,1.7868363009448274,0.16607967078452118,0.2815141013344379,0.5037767771372414,0.5286504050287744,0.2492310542467356,0.4399694185707921
2021-01-08 20:20:00,0.0617348195811502,0.08763372547979634,-0.3503178093699755,0.0931819958529723,-1.8429413423428187,0.1758951233292226,0.2602155501509523,0.4551295123046217,0.5281268602849929,0.2492310542467356,0.4399694185707921
2021-01-08 20:30:00,0.0615677512492456,0.08768743669812434,-0.35364042118470135,0.0923669380834656,-0.4607156051262606,0.1642291705476217,0.2700866267804234,0.4773598863432028,0.5267188504766751,0.2492310542467356,0.4399694185707921
2021-01-08 20:40:00,0.0610506591204627,0.08764067854557982,-0.3615412602136414,0.0927757926618562,-0.8939050452605457,0.16564399089489146,0.2614861897849252,0.4565657231889723,0.5261828385746665,0.2492310542467356,0.4399694185707921
2021-01-08 20:50:00,0.0614033078632911,0.08786585092003014,-0.35834752230555267,0.0926808334954859,-0.0483879573275558,0.16556495696632306,0.2179915628238924,0.3526125872992279,0.5275213557082995,0.2492310542467356,0.4399694185707921
2021-01-08 21:00:00,0.0612937742722073,0.08790294416473708,-0.3605550224530843,0.0926947903544184,0.3912377242521359,0.1649399740434896,0.2337680376669728,0.3922723300056849,0.5281656847492446,0.2492310542467356,0.4399694185707921
2021-01-08 21:10:00,0.0603074081828269,0.08789683818017122,-0.37670888177402845,0.0932604255253763,1.0963196896005556,0.17045351159266242,0.2321661828170151,0.3936014691995642,0.5303114247100437,0.2492310542467356,0.4399694185707921
2021-01-08 21:20:00,0.060318793585068,0.08792308334620298,-0.3768186561350519,0.0932423640687414,0.0918264346120523,0.17076390728089896,0.2348627971639449,0.3964617729532691,0.5319059600821668,0.2492310542467356,0.4399694185707921
2021-01-08 21:30:00,0.0598482915950882,0.08794366464880585,-0.38488354821423054,0.0931402491977575,0.7615424977881702,0.17007827693616617,0.2753532325124841,0.4779381108592375,0.5329397022569664,0.2492310542467356,0.4399694185707921
2021-01-08 21:40:00,0.0591124412388602,0.08805103679628407,-0.39847519604503123,0.0932342497299905,-0.9395060752060758,0.1725396646207188,0.2924492247279867,0.5115173452037662,0.5345271398080609,0.2492310542467356,0.4399694185707921
2021-01-08 21:50:00,0.0579665373332064,0.08809008661852545,-0.4184941008968918,0.0938144822994121,1.1694465484424654,0.17858795216238949,0.2977841108231078,0.5308708547250637,0.5349720164776298,0.2492310542467356,0.4399694185707921
2021-01-08 22:00:00,0.0580724443573154,0.08816303813936167,-0.4174965346767318,0.0935138175312389,0.0484801749003338,0.17490771454528292,0.2771992885424202,0.489811957343007,0.5327033389314773,0.2492310542467356,0.4399694185707921
2021-01-08 22:10:00,0.0577051442354856,0.08817140707826895,-0.42393640326698284,0.0937868547550226,-0.7923994121158628,0.17718114124560438,0.2786011358279083,0.4943194888249346,0.531330121155669,0.2492310542467356,0.4399694185707921
2021-01-08 22:20:00,0.0571596008431047,0.08824976319098522,-0.4343236425349745,0.094025181236142,0.7930718905738487,0.17918843031081558,0.268131222847423,0.4696054177848286,0.5305182034325054,0.2492310542467356,0.4399694185707921
2021-01-08 22:30:00,0.0559348910502435,0.08833640798706333,-0.4569639896082654,0.094905420872799,1.2902172281433977,0.1880728373688799,0.2365145013431563,0.3965374866226022,0.5311452482287446,0.2492310542467356,0.4399694185707921
2021-01-08 22:40:00,0.055896690586118,0.08854223280791351,-0.4599744690424806,0.0949090067330501,0.2087980066923123,0.1884571571575504,0.2473751792340331,0.423385005749142,0.5314194433021605,0.2492310542467356,0.4399694185707921
2021-01-08 22:50:00,0.055884431389102,0.0886908673614385,-0.46187108991341314,0.0948726790327937,-0.1305182885081635,0.18780124829988706,0.2540309864434335,0.4482193777483129,0.5330329570392388,0.2492310542467356,0.4399694185707921
2021-01-08 23:00:00,0.0557418223730691,0.08888818435842254,-0.46664850864259394,0.0939805160338335,-0.3993877629520526,0.17929557930795478,0.2350979877859594,0.4055331971820854,0.5336592108178946,0.2492310542467356,0.4399694185707921
2021-01-08 23:10:00,0.0554529229602679,0.08890666676884243,-0.47205270563619134,0.0941148965575794,0.6248151543092106,0.17978926052777047,0.2683664380768134,0.4693551445857079,0.5318995049208126,0.2492310542467356,0.4399694185707921
2021-01-08 23:20:00,0.0554780316256652,0.08890995020035464,-0.4716369461921228,0.0937359342948339,0.1443734776065852,0.1748870815714187,0.2705172424591288,0.4683988387962382,0.5320336909757047,0.2492310542467356,0.4399694185707921
2021-01-08 23:30:00,0.0554459799347362,0.08883626559878766,-0.47138575076426326,0.0936226820894251,0.2540697299338035,0.17234846385029423,0.2548647642968549,0.4366114128185632,0.5326016805321112,0.2492310542467356,0.4399694185707921
2021-01-08 23:40:00,0.0551499841515571,0.08881458851257144,-0.4764944632265948,0.0938203066670937,-0.6086395973929015,0.17318941581917704,0.2457594270822412,0.4206634802488125,0.532414995931227,0.2492310542467356,0.4399694185707921
2021-01-08 23:50:00,0.0552505474656712,0.08879375597028509,-0.47443808264622434,0.0935818734222443,-0.1778067160209673,0.1713319783514652,0.2503268662058349,0.4311709689334291,0.5319485821787044,0.2492310542467356,0.4399694185707921
2021-01-09 00:00:00,0.0554063521230595,0.08877011439174275,-0.47135579726867777,0.0938608707188441,0.8885961790156216,0.17428491732129478,0.2546897585493898,0.4334345065556509,0.5311047989695388,0.2593427912777215,0.455428803403386
2021-01-09 00:10:00,0.0554107668327946,0.08878597377708947,-0.4714547625289052,0.0938210466618011,0.0085362335115135,0.17381237537075514,0.233604602874424,0.3784438749935898,0.5320516962714902,0.2593427912777215,0.455428803403386
2021-01-09 00:20:00,0.055256339537543,0.0887556905010495,-0.47390446804534364,0.0939292259012769,-0.4668048633130084,0.17487883794955542,0.2556733750004615,0.4325433702740039,0.532993089260761,0.2593427912777215,0.455428803403386
2021-01-09 00:30:00,0.0552360301763197,0.08879780205331447,-0.4747464371008125,0.093964306829343,-0.2838205992162557,0.17622891549393607,0.2638496009509047,0.4573196326564522,0.5351974350492001,0.2593427912777215,0.455428803403386
2021-01-09 00:40:00,0.0542054015145095,0.08881489919826382,-0.49377385726896705,0.0943081346140577,-1.0623396287712694,0.18111721225574087,0.2494747568131201,0.430803243413235,0.5343710320722763,0.2593427912777215,0.455428803403386
2021-01-09 00:50:00,0.0541869566070072,0.08889367889430815,-0.4950008099640203,0.0939045590685968,0.1860598133708535,0.17797093137329326,0.274704092948846,0.4795662208200399,0.5331566190368981,0.2593427912777215,0.455428803403386
2021-01-09 01:00:00,0.053703603261257,0.08891161137303594,-0.5041626465101919,0.0941919597736433,-0.7358868612735492,0.18128356670231005,0.2725565554719344,0.4737228684982784,0.5332680181213021,0.2593427912777215,0.455428803403386
2021-01-09 01:10:00,0.0552385576361397,0.08894369769929386,-0.47634234208860327,0.094211388627547,-0.2425404898930949,0.1818369475776002,0.2694742187467882,0.4782509011050772,0.5332886487535566,0.2593427912777215,0.455428803403386
2021-01-09 01:20:00,0.0549947846740079,0.08896811339638767,-0.48103967246328455,0.0940333573348503,0.6776414222903426,0.18018495410637286,0.2596754824929905,0.4571792419950287,0.5329634582990045,0.2593427912777215,0.455428803403386
2021-01-09 01:30:00,0.0548438013366493,0.08898168136103425,-0.4839413519899968,0.0937303370505041,-0.4249630977900764,0.17635908806950498,0.2749081164838978,0.4950816770195239,0.5330584958359732,0.2593427912777215,0.455428803403386
2021-01-09 01:40:00,0.0548455006923687,0.08895204854737263,-0.483577290124188,0.0933610145258444,-0.0527979160834135,0.1715439045506254,0.2589017631385099,0.4568622675382934,0.5327288057989973,0.2593427912777215,0.455428803403386
2021-01-09 01:50:00,0.0545779488778416,0.08888125274531379,-0.48767130555776467,0.0934144757549287,0.5483715418517221,0.17083874055913478,0.2303752674055656,0.3868661543924985,0.5322902041594877,0.2593427912777215,0.455428803403386
2021-01-09 02:00:00,0.0541266803446685,0.08883623604514394,-0.4954673988645412,0.0931144359819069,0.7345314085148047,0.16643067451750435,0.2383456206833259,0.4079757788147659,0.5331198417939584,0.2593427912777215,0.455428803403386
2021-01-09 02:10:00,0.0539528181779107,0.08876978454590291,-0.49793640078531154,0.0915037659134006,-0.439134697662169,0.14704137099087178,0.2255252642699127,0.3842751376293347,0.5355999359945174,0.2593427912777215,0.455428803403386
2021-01-09 02:20:00,0.0541909566768936,0.08855998698769016,-0.4911660979236317,0.0913451316811227,-0.1289225209562872,0.14179748789316332,0.2237673597308184,0.3827994605087496,0.536658387174946,0.2593427912777215,0.455428803403386
2021-01-09 02:30:00,0.0539156489037647,0.08834320671565192,-0.49380853726825974,0.0900904975258939,-0.6171141258002777,0.12446537867053131,0.2530801642441445,0.440299044234458,0.53605365301158,0.2593427912777215,0.455428803403386
2021-01-09 02:40:00,0.0533939989883623,0.08805345045755585,-0.5002456604976205,0.0902903065082989,-0.7512418814258126,0.12197710322903499,0.2644745052998634,0.4578814083947597,0.5361632747499684,0.2593427912777215,0.455428803403386
2021-01-09 02:50:00,0.053037074361768,0.08770527583710355,-0.5029908700819891,0.0903703049751115,0.6269259401408434,0.11719947861563396,0.2699766397699888,0.4749917529818199,0.5366590037358931,0.2593427912777215,0.455428803403386
2021-01-09 03:00:00,0.0537398251417798,0.08749971402623175,-0.4874811756860835,0.0868802502894341,0.1054961751835392,0.07419498411010379,0.2669953456540361,0.4718572494601025,0.5370441914487809,0.2593427912777215,0.455428803403386
2021-01-09 03:10:00,0.0537143193359828,0.08699483250531256,-0.48216910012964675,0.0867832690770622,-0.2761639290243423,0.06560098760023268,0.2791664902170706,0.5007026211741575,0.537350232285523,0.2593427912777215,0.455428803403386
2021-01-09 03:20:00,0.0531241294820341,0.08654294842642668,-0.4880095634262597,0.0868975316145688,0.8246999129621457,0.06083496608811216,0.2631382081341526,0.4690028675504979,0.5351900971597396,0.2593427912777215,0.455428803403386
2021-01-09 03:30:00,0.0530821116711714,0.08615807970467666,-0.48434375357411497,0.0869103668426215,-0.2126345858551204,0.05561747288133088,0.2258023260474932,0.3818444398861423,0.53447511402111,0.2593427912777215,0.455428803403386
2021-01-09 03:40:00,0.0531148114809802,0.08576557571723956,-0.4791618856044201,0.0867883610115973,-0.1625640707551667,0.0489918911131672,0.2326662561848851,0.3988487424418729,0.5343699895458425,0.2593427912777215,0.455428803403386
2021-01-09 03:50:00,0.0533558160507889,0.08544707872596582,-0.4709142333467132,0.0868639348744616,0.3628098655456213,0.04548473796097939,0.2334912861711713,0.4087309190153904,0.5352882921365707,0.2593427912777215,0.455428803403386
2021-01-09 04:00:00,0.053086426811855,0.08520678310667686,-0.47315976461767423,0.0867792016633274,-0.7280662884829425,0.04119746085456086,0.2294786440447818,0.3989530214638523,0.5355699404018609,0.2593427912777215,0.455428803403386
2021-01-09 04:10:00,0.0530269038309423,0.08496548992515587,-0.47144576896043144,0.0867150506774515,-0.2518695587122366,0.03711926673952848,0.2692634640232077,0.4804080285838696,0.5355710347515017,0.2593427912777215,0.455428803403386
2021-01-09 04:20:00,0.0523517291757575,0.08474656758606275,-0.4816802771543851,0.087085514722276,0.9629266901441724,0.03841601224754196,0.2594441076420622,0.4561069567279048,0.5357539853109585,0.2593427912777215,0.455428803403386
2021-01-09 04:30:00,0.0520915857770994,0.08458965272023881,-0.48480851654318,0.0871261577764227,0.5752870905853413,0.03609579945705714,0.258765873974055,0.4604676588030888,0.5343206640227101,0.2593427912777215,0.455428803403386
2021-01-09 04:40:00,0.0521723530798382,0.08445510829646007,-0.4816674103324308,0.0869895783212125,-0.1811704160529004,0.031726554625019714,0.2421650995199253,0.4249556466031781,0.5332359011029908,0.2593427912777215,0.455428803403386
2021-01-09 04:50:00,0.0520327799088049,0.08438626325130907,-0.48353072783428497,0.0870700355926815,-0.3864684036090082,0.030927173052572258,0.2373143172673466,0.412452124878895,0.5330886841636084,0.2593427912777215,0.455428803403386
2021-01-09 05:00:00,0.0517827392006296,0.08427819378734977,-0.48706628394154095,0.08714920457668,-0.6217128631764268,0.029660595625036312,0.2386050017088725,0.4162742535437717,0.53252218061919,0.2593427912777215,0.455428803403386
2021-01-09 05:10:00,0.051761097800861,0.08420889131493575,-0.48666165382531595,0.0871542240991366,-0.1857931698463488,0.028032981738313388,0.2088798756202226,0.3439342325936096,0.5325447675161938,0.2593427912777215,0.455428803403386
2021-01-09 05:20:00,0.051557192884772,0.08416743004218928,-0.4901162968877836,0.0871958354140494,-0.462968320104018,0.02768897740250996,0.2349604522840107,0.3981372928334757,0.5328898922955918,0.2593427912777215,0.455428803403386
2021-01-09 05:30:00,0.0516124416051438,0.08410481754658314,-0.48830108908620645,0.0869721145676313,0.0770255894250837,0.02397487152947263,0.2458170465069771,0.4254553515753854,0.534668834916934,0.2593427912777215,0.455428803403386
2021-01-09 05:40:00,0.0516587330016478,0.08406944447242574,-0.4869839155548938,0.0861202565783998,-0.2445044357322956,0.013598267410398438,0.2489363732558606,0.4372504506985438,0.5365435046956042,0.2593427912777215,0.455428803403386
2021-01-09 05:50:00,0.0509469059408912,0.08390509792104554,-0.49890234303659053,0.0864704326056846,-0.9008610581956232,0.015657734192623875,0.2863263975190864,0.5139263946001585,0.53747938824773,0.2593427912777215,0.455428803403386
2021-01-09 06:00:00,0.0509533875908028,0.08382220673403205,-0.49778672321635753,0.0863073660473176,0.5226635837924931,0.0122168608291519,0.2761538535129522,0.4957903509205283,0.5359377297554135,0.2593427912777215,0.455428803403386
2021-01-09 06:10:00,0.0502600028357439,0.0837243010660486,-0.5103196821365443,0.0851792713057533,-0.8383277004371692,-0.0026216203806499775,0.2681694264315606,0.4842931998031948,0.5352056174968574,0.2593427912777215,0.455428803403386
2021-01-09 06:20:00,0.0502597732207062,0.08354139475063857,-0.5081372345497986,0.0848810831681901,0.0265155080306556,-0.009306443377567147,0.2499709863410514,0.4447255402970812,0.5347506458509664,0.2593427912777215,0.455428803403386
2021-01-09 06:30:00,0.0502822564230383,0.08333957165876373,-0.5052712264336079,0.0848464270089622,0.1463970407378667,-0.012201620141925223,0.2542821881970695,0.4584272617728827,0.5347101624325022,0.2593427912777215,0.455428803403386
2021-01-09 06:40:00,0.0505620034218835,0.08317218593639147,-0.49771261459085037,0.0848721340445658,0.3835830934054485,-0.013594122191408452,0.2499652034621146,0.4468945882401577,0.5347508019968144,0.2593427912777215,0.455428803403386
2021-01-09 06:50:00,0.0494930896287286,0.08301427332570403,-0.5171795044222546,0.0855266744590774,-1.0656032030837537,-0.007792483518786715,0.2261468428974453,0.3906439995188908,0.5355560597483648,0.2593427912777215,0.455428803403386
2021-01-09 07:00:00,0.049481024004043,0.08294053106197415,-0.5165346151411762,0.0854407597494215,0.1927763883346145,-0.010470971927504708,0.2287330735117324,0.394994921947832,0.5365072839147903,0.2593427912777215,0.455428803403386
2021-01-09 07:10:00,0.0488569398823452,0.0828889658328254,-0.5286055176014258,0.085763048380433,0.7942636166134776,-0.008115993214923886,0.2324237078049613,0.4074634883575622,0.5365740030121773,0.2593427912777215,0.455428803403386
2021-01-09 07:20:00,0.0488564349030623,0.082862613808067,-0.5282978834092937,0.0848927615493809,0.0224565514251651,-0.019688053590701027,0.2190221233434369,0.3798903131720522,0.5371218238443439,0.2593427912777215,0.455428803403386
2021-01-09 07:30:00,0.0486294620877529,0.08275467701525699,-0.5316509694525605,0.0850244407106783,0.5153156326352715,-0.020321168302428024,0.2363118269358225,0.4078044153439078,0.5379746846712306,0.2593427912777215,0.455428803403386
2021-01-09 07:40:00,0.0485962459511791,0.08267751573272608,-0.5314014034680663,0.0849357420807156,-0.2501770727334929,-0.023223648499519613,0.2392797632647466,0.4164221018078324,0.5383039508431733,0.2593427912777215,0.455428803403386
2021-01-09 07:50:00,0.0484968571538686,0.08261118010321625,-0.5326460288142084,0.0849617095477495,0.416354354679882,-0.024419591342331192,0.2358972528372486,0.4130117593213846,0.5379837890673811,0.2593427912777215,0.455428803403386
2021-01-09 08:00:00,0.0489012030581377,0.08254634960391602,-0.5235579503692868,0.0845757980432148,0.1098597044546068,-0.030363686816858405,0.2325486698775389,0.4021151862174479,0.5372253440888024,0.2593427912777215,0.455428803403386
2021-01-09 08:10:00,0.0488985041995721,0.0824518646379526,-0.5224678570811581,0.0842394340970047,0.0951795998554771,-0.03600613249261633,0.2504576439073691,0.4404844410064169,0.5369722524522187,0.2593427912777215,0.455428803403386
2021-01-09 08:20:00,0.0486951321295097,0.08233832630472622,-0.5252576206786924,0.0843443710223634,-0.4911597886319896,-0.035092311967908955,0.2580511327722314,0.4562480441475751,0.5371533421636585,0.2593427912777215,0.455428803403386
2021-01-09 08:30:00,0.0475324659824914,0.08224102537259073,-0.5482412977481196,0.0848916790974702,1.06381842649661,-0.02885072923754742,0.2361009502942114,0.4004863786290701,0.538009949968745,0.2593427912777215,0.455428803403386
2021-01-09 08:40:00,0.0473518621298851,0.08221417465640485,-0.5517215824878501,0.084972568518867,0.4707703550471009,-0.028173601404096887,0.2413213149488259,0.4174040365010465,0.5361333410245503,0.2593427912777215,0.455428803403386
2021-01-09 08:50:00,0.0473466374635843,0.08222931958317128,-0.5520161217776868,0.0848920751115659,0.0720711249027061,-0.029118038429260584,0.2375642348794216,0.4136498251163493,0.5362911377107633,0.2593427912777215,0.455428803403386
2021-01-09 09:00:00,0.0461558687634861,0.08221336741131166,-0.577293789413143,0.0852907563562112,1.0579515109798263,-0.024543019128421755,0.2237058350419033,0.3862079598695724,0.5365717961093865,0.2593427912777215,0.455428803403386
2021-01-09 09:10:00,0.0462653636513839,0.08223409773314953,-0.5751764344688927,0.0851467052035228,0.1178972522195564,-0.02641936698536119,0.2555815235892971,0.4517488805814866,0.5365936181833524,0.2593427912777215,0.455428803403386
2021-01-09 09:20:00,0.0462052473093212,0.08225705770790837,-0.5767558242010496,0.0850668418052514,-0.2575666190795189,-0.027581074822687145,0.2583844350604776,0.4554767218708788,0.5366532335211116,0.2593427912777215,0.455428803403386
2021-01-09 09:30:00,0.0461084952489723,0.08225297405310275,-0.5788023359471708,0.0850906316295679,-0.3064680734564007,-0.02784292899282791,0.2670874058083118,0.4818235387277323,0.5365297326177594,0.2593427912777215,0.455428803403386
2021-01-09 09:40:00,0.0461266476619731,0.08226442559560111,-0.5785479380560272,0.0850969782071114,0.1072398348153313,-0.028195406723172653,0.2464540838202751,0.4354197222662198,0.5356547825162821,0.2593427912777215,0.455428803403386
2021-01-09 09:50:00,0.0461559553705601,0.08225559850053026,-0.5778054577989051,0.0841970610679138,-0.223156500086219,-0.039050566875218226,0.2599703271698497,0.4641122758764714,0.5342073044256055,0.2593427912777215,0.455428803403386
2021-01-09 10:00:00,0.0461181980022794,0.08217106286717396,-0.577595584136996,0.0837047213695375,-0.2077840468052372,-0.04580450313688678,0.2559975492097968,0.4530078487491371,0.5337680153439879,0.2593427912777215,0.455428803403386
2021-01-09 10:10:00,0.0462789462830202,0.08205395283008979,-0.5726898584800789,0.083708784582856,-0.1322075702237413,-0.04684952137981347,0.214677789042531,0.3516206603780885,0.534955208308312,0.2593427912777215,0.455428803403386
2021-01-09 10:20:00,0.0457728990410294,0.08193503915134644,-0.5822345358448759,0.0839770402368511,0.9820362421510964,-0.04465318717259984,0.2326819445034814,0.3957481432674956,0.5357833284934992,0.2593427912777215,0.455428803403386
2021-01-09 10:30:00,0.0457453544578763,0.08187530014092324,-0.5821071151305751,0.0824135210616967,-0.1616212077518497,-0.06455123048366905,0.2319127635537483,0.3994717485866664,0.5372343035113007,0.2593427912777215,0.455428803403386
2021-01-09 10:40:00,0.0456408250391357,0.08166330975192099,-0.5818022140163847,0.0821021813775879,-0.3748885142199398,-0.0709494045606876,0.2326720788842461,0.3976483101696969,0.5382716673100814,0.2593427912777215,0.455428803403386
2021-01-09 10:50:00,0.0456450760589799,0.08146487938882227,-0.5792762612949109,0.082000223217455,-0.0292724850128323,-0.07461490321525496,0.2723252729290427,0.4754283186841666,0.5390081290272914,0.2593427912777215,0.455428803403386
2021-01-09 11:00:00,0.045974089475029,0.08121494891020359,-0.5690213645929947,0.0809059520909685,-0.2267066655733174,-0.09103239465566877,0.2819902333239628,0.49762747781408,0.5401172621163052,0.2593427912777215,0.455428803403386
2021-01-09 11:10:00,0.0452837798068056,0.08094244963996033,-0.5807894971671427,0.0812363473224813,0.8316245065433492,-0.08983899507552094,0.2857265219373768,0.5118162772950405,0.541091069113985,0.2593427912777215,0.455428803403386
2021-01-09 11:20:00,0.0482467734469355,0.080739585523991,-0.514900027963174,0.0820862424937172,1.179756123869602,-0.082096807852933,0.2640846451865865,0.4686927773353251,0.539205943862658,0.2593427912777215,0.455428803403386
2021-01-09 11:30:00,0.0483947819441335,0.08062203945783944,-0.510380057700045,0.0818153456739677,-0.0705619447224137,-0.08782527877187897,0.2652235632731377,0.4718994325558091,0.5376985499217701,0.2593427912777215,0.455428803403386
2021-01-09 11:40:00,0.0461552563730946,0.08050233311504609,-0.5562753147619225,0.0830427683783673,-1.4579718792674612,-0.07472973165871287,0.2583738454380067,0.4533182671749401,0.537237436388146,0.2593427912777215,0.455428803403386
2021-01-09 11:50:00,0.0467021665360093,0.08051327777309193,-0.5446315558710666,0.0827844787759299,0.2308326838383223,-0.07939428939073331,0.2294433977203934,0.3845877286966847,0.5370731003161401,0.2593427912777215,0.455428803403386
2021-01-09 12:00:00,0.0466394926024218,0.08054541227063262,-0.5463734899886382,0.0827179817333529,0.3094689170895393,-0.08157757982789458,0.244338877067249,0.4169738822951302,0.5371189348391998,0.2593427912777215,0.455428803403386
2021-01-09 12:10:00,0.0482955906819953,0.08058035360388262,-0.5119146017239304,0.0827360430973847,-0.1942275036041607,-0.0827377122062713,0.2544923001552823,0.4460607386220667,0.538665733280388,0.2593427912777215,0.455428803403386
2021-01-09 12:20:00,0.0482722895923628,0.08057447362687625,-0.5123242133923827,0.0827281929407436,0.1596330253720523,-0.08397071971196607,0.2354683941320076,0.4049736354925796,0.5393664025829286,0.2593427912777215,0.455428803403386
2021-01-09 12:30:00,0.0483545986121695,0.08055775390806567,-0.5104130387595784,0.0826568820460492,-0.1104634580578078,-0.08572807017349315,0.2694912139696527,0.4708173458617894,0.5379357378141884,0.2593427912777215,0.455428803403386
2021-01-09 12:40:00,0.0483779641696517,0.08054802518178361,-0.5098091683493226,0.0825638921997649,0.1134572121545218,-0.08767415405354603,0.2657318856016106,0.4631745498887287,0.537521468396827,0.2593427912777215,0.455428803403386
2021-01-09 12:50:00,0.0481329349560098,0.08051392394251602,-0.514463476478078,0.082709284853326,0.5239961797608217,-0.08675213125995061,0.2530798795065645,0.4396627301602818,0.5377369270625836,0.2593427912777215,0.455428803403386
2021-01-09 13:00:00,0.0484028438884734,0.0805095223056193,-0.5088168969169531,0.081748497902598,0.0246270161563089,-0.09916416312657327,0.2483459730965698,0.4312265606417882,0.5369603799282487,0.2593427912777215,0.455428803403386
2021-01-09 13:10:00,0.048566795736062,0.08040408051316404,-0.5041248454471978,0.0811754703714337,-0.2355839743209742,-0.10687496783019042,0.2560250890837954,0.4477648546888987,0.5354481436334138,0.2593427912777215,0.455428803403386
2021-01-09 13:20:00,0.0484955060976225,0.08026893034764923,-0.5039114905050232,0.0811736687319264,0.2646209285630974,-0.10833691824629768,0.2644444062600659,0.4586720298990132,0.5348744990644423,0.2593427912777215,0.455428803403386
2021-01-09 13:30:00,0.0482087806953239,0.08012852530844784,-0.5080907353149133,0.0813620221130426,0.5859610792821712,-0.10739725530304528,0.2459523608199635,0.4073131251474629,0.5356065931586583,0.2593427912777215,0.455428803403386
2021-01-09 13:40:00,0.0482114480597917,0.0800408371113657,-0.5069404638545086,0.0811367691711389,0.0454915042277903,-0.11128275732772604,0.2678506803908109,0.4603220302458551,0.5368649737833996,0.2593427912777215,0.455428803403386
2021-01-09 13:50:00,0.0481411453851134,0.07994370566604157,-0.5071854829349093,0.0810410063289964,-0.2702212584974717,-0.11350012520307279,0.2751692181434089,0.4822457975842691,0.5392120811641037,0.2593427912777215,0.455428803403386
2021-01-09 14:00:00,0.0476986831608562,0.07983523064096357,-0.5150611029354598,0.0813624276805263,0.7329308532613155,-0.1105834579799024,0.2565945724761275,0.4471947200670479,0.5382768362109093,0.2593427912777215,0.455428803403386
2021-01-09 14:10:00,0.0477777170043775,0.07979220249525527,-0.5128664272403101,0.0813991133462741,-0.3850387468096627,-0.11065373757976857,0.2816260739940949,0.4945405282434799,0.5370432015712787,0.2593427912777215,0.455428803403386
2021-01-09 14:20:00,0.048241659858796,0.07975868531866764,-0.5027826823753758,0.0814003616901295,-0.2091094914925761,-0.11115791214603263,0.2755006710057024,0.4813187968513893,0.5366151931688028,0.2593427912777215,0.455428803403386
2021-01-09 14:30:00,0.0485451469853565,0.07973733683938995,-0.4962437127100721,0.0812364601215739,-0.0726832019550371,-0.11355341225228259,0.2734068329602426,0.485491978328024,0.5362262876456945,0.2593427912777215,0.455428803403386
2021-01-09 14:40:00,0.048286352917635,0.07970474390135501,-0.5011801335540402,0.0812815008327959,-0.5318055650606723,-0.11334792916135432,0.2651284379277833,0.465529105386202,0.5356518071072377,0.2593427912777215,0.455428803403386
2021-01-09 14:50:00,0.0482832595875448,0.0796766037594863,-0.5008910806763869,0.0810508279813352,-0.0855651087316999,-0.11674048706746627,0.2802222742828436,0.5002102169318577,0.5353266108987744,0.2593427912777215,0.455428803403386
2021-01-09 15:00:00,0.0487898194636259,0.07963265333447114,-0.48990255295698504,0.0803268971854118,0.0755268497677263,-0.1262813967186598,0.2651803412274425,0.4638646906154253,0.5350529636937871,0.2593427912777215,0.455428803403386
2021-01-09 15:10:00,0.049088676160738,0.07950142459704311,-0.48214656084854524,0.0781111257381452,-0.8863999117362908,-0.1552610529285848,0.2372298187569563,0.3937584448627125,0.5345875030311762,0.2593427912777215,0.455428803403386
2021-01-09 15:20:00,0.0492524028541615,0.07920488977015203,-0.47507988109175375,0.0766391566615901,0.0804260034866999,-0.17743097852132428,0.2433682232452429,0.4099473185640462,0.5345556025349836,0.2593427912777215,0.455428803403386
2021-01-09 15:30:00,0.0492530659644052,0.07881592213623187,-0.4701434152545225,0.0766123477569772,0.0820589708879993,-0.1818080595216189,0.2298635816561294,0.3837406449681289,0.5366618826938325,0.2593427912777215,0.455428803403386
2021-01-09 15:40:00,0.0493871937565046,0.07847106218155371,-0.46303876730781834,0.075840836279794,0.1117075272601297,-0.19506229591262034,0.2243639672360367,0.3756293546561521,0.5374510399823869,0.2593427912777215,0.455428803403386
2021-01-09 15:50:00,0.0495172256287567,0.07794461940386725,-0.4536779653326333,0.0758738586377009,-0.2249192806329958,-0.19928615678033698,0.2511484567668967,0.4276170330353365,0.5369435967871998,0.2593427912777215,0.455428803403386
2021-01-09 16:00:00,0.0497332634213275,0.07761452440037311,-0.44508058641975473,0.0758729722226018,-0.0845431167864063,-0.202019867602032,0.260860113650953,0.4434150228851579,0.5371771590654073,0.2593427912777215,0.455428803403386
2021-01-09 16:10:00,0.0497139073162263,0.07732602237282132,-0.4417458210117167,0.0756057836464415,-0.146808037580115,-0.2073872382055726,0.2685823778388999,0.4651973239351676,0.5372613174111489,0.2593427912777215,0.455428803403386
2021-01-09 16:20:00,0.0493017522249992,0.07703167649372693,-0.4462570977880248,0.0746031882456181,-0.684156910232403,-0.2225119092674498,0.270156951391121,0.4695854698252226,0.5375608474238148,0.2593427912777215,0.455428803403386
2021-01-09 16:30:00,0.0491986225930897,0.07670103364526826,-0.4440495577217024,0.0743244075487004,0.4053171757812279,-0.2287445117193692,0.285319384930017,0.5050314115158816,0.5372464181726889,0.2593427912777215,0.455428803403386
2021-01-09 16:40:00,0.049120768824655,0.07637061306514062,-0.4413160407489642,0.074307619084828,-0.2990847831991772,-0.23128637756096748,0.2724093684076469,0.4788038590640497,0.5350848872997002,0.2593427912777215,0.455428803403386
2021-01-09 16:50:00,0.0488693411174507,0.07609427521380406,-0.4428228060478412,0.0744709226691771,-0.5014443431166526,-0.23047134742899242,0.2383199009897165,0.3951777443848412,0.5344551243892908,0.2593427912777215,0.455428803403386
2021-01-09 17:00:00,0.0487911100961064,0.07587654734822735,-0.44155951645622343,0.0748310470152486,0.8133521844694513,-0.227117399594106,0.2455482572019718,0.4145634560338035,0.5343102360326349,0.2593427912777215,0.455428803403386
2021-01-09 17:10:00,0.0487703409762855,0.07570202883438663,-0.4396825998523639,0.0746521326080052,0.4168428071302799,-0.23076112105753788,0.2458241216679385,0.4232788303540962,0.5353447272529153,0.2593427912777215,0.455428803403386
2021-01-09 17:20:00,0.0513859687882889,0.07553328994652693,-0.385208331097048,0.0745431364002964,-0.1141470983629489,-0.23342920352815238,0.2375095172677867,0.4075169988322881,0.5360350114195451,0.2593427912777215,0.455428803403386
2021-01-09 17:30:00,0.0560305158476185,0.07542704313094772,-0.2972694047568505,0.0745234405278188,-0.0392712631104075,-0.23440132991753101,0.2765163311700099,0.4904310858833075,0.5355497268950977,0.2593427912777215,0.455428803403386
2021-01-09 17:40:00,0.0616329428743043,0.07530557143079739,-0.20035760734112937,0.0742016365425203,0.082770062397941,-0.23926871916896114,0.2675044253957639,0.4681884332130132,0.5351653891368768,0.2593427912777215,0.455428803403386
2021-01-09 17:50:00,0.0619883835146153,0.07515107380361682,-0.19255340007783012,0.0741545766848761,-0.1115853790119913,-0.24088938635950788,0.2708896412466366,0.4789728223712584,0.5331306579604888,0.2593427912777215,0.455428803403386
2021-01-09 18:00:00,0.0617133439232492,0.0750008957516871,-0.19499987825136916,0.0737664229380548,0.6561955455133273,-0.24690987384133728,0.2583270038492873,0.4511120205848815,0.5320172713544538,0.2593427912777215,0.455428803403386
2021-01-09 18:10:00,0.0620996307948134,0.07485192475031638,-0.18677178171346243,0.0736946856814786,-0.1618333308202935,-0.24866746034660367,0.2543984677212325,0.4396843440774452,0.5318959555226987,0.2593427912777215,0.455428803403386
2021-01-09 18:20:00,0.0626458083307947,0.07470816366265276,-0.17609259917558584,0.0735041810464973,0.1039658276237531,-0.25053559684359733,0.2535343683878559,0.4394856029652026,0.5320115411515722,0.2593427912777215,0.455428803403386
2021-01-09 18:30:00,0.0629489003019155,0.07458340321001039,-0.16959471443239157,0.0733228579586034,0.1413703095614948,-0.2512602226527942,0.2214617916750506,0.3603522457385595,0.5322336912437993,0.2593427912777215,0.455428803403386
2021-01-09 18:40:00,0.0638970016882785,0.07444860476700171,-0.1528365800707147,0.0733271335421442,-0.2929956305543157,-0.2498605908442453,0.2424581503971292,0.4035454622428173,0.5322669956913636,0.2593427912777215,0.455428803403386
2021-01-09 18:50:00,0.0642212186951687,0.07433924161222032,-0.14630529784552937,0.0713984225361171,0.1550619858376123,-0.27084048056132004,0.2518297500338308,0.4278964498324021,0.5335642907810182,0.2593427912777215,0.455428803403386
2021-01-09 19:00:00,0.0648120872736751,0.07406249770893479,-0.13341718243077869,0.0694163494586814,0.0506770924257438,-0.28941788309215616,0.2530153038851677,0.4353597599601597,0.5349630949145041,0.2593427912777215,0.455428803403386
2021-01-09 19:10:00,0.0646692652709114,0.07362023119586038,-0.12963381415111733,0.0691541964465682,0.430784209454238,-0.28338937673063386,0.2908553417170972,0.5123981969240358,0.5354457903099052,0.2593427912777215,0.455428803403386
2021-01-09 19:20:00,0.0649139642939968,0.07321968142227155,-0.12040148983419854,0.0691483626358016,-0.0463286507979887,-0.27340003321950646,0.2848987454103514,0.5014657280377208,0.5338350185193151,0.2593427912777215,0.455428803403386
2021-01-09 19:30:00,0.0652750946628256,0.07285856101633079,-0.10990947660387276,0.0687398883203401,-0.1640576284229311,-0.2701607444929733,0.279935331044557,0.4938920189988307,0.532554166056592,0.2593427912777215,0.455428803403386
2021-01-09 19:40:00,0.0655627470739769,0.07250271783860932,-0.10061639391180885,0.0686790563977144,-0.0496592547946761,-0.26119143944216267,0.2639425719922639,0.4590377686575967,0.5320274036735215,0.2593427912777215,0.455428803403386
2021-01-09 19:50:00,0.0659549807686933,0.07218655002748602,-0.0902813411185207,0.0686808758359009,-0.1439993758440394,-0.2540848513254617,0.2716960353388045,0.4798241724975799,0.531354980387082,0.2593427912777215,0.455428803403386
2021-01-09 20:00:00,0.066234917746723,0.07192293255447679,-0.0823873822657925,0.0665501254675502,-0.7273980368092126,-0.2797793541234166,0.2687376239083839,0.4700826942884163,0.5309868054296019,0.2593427912777215,0.455428803403386
2021-01-09 20:10:00,0.0663171690643458,0.07142016388794209,-0.07413141295628083,0.0641860758427731,-0.319554830740465,-0.3131279731303434,0.2469533671637251,0.4167550818720612,0.5315909121515694,0.2593427912777215,0.455428803403386
2021-01-09 20:20:00,0.0710039712545817,0.07086084646465994,0.0020177636821062895,0.0617348195811502,0.5565868822976938,-0.3503178093699755,0.247313954300362,0.4188684349903629,0.5314447086403762,0.2593427912777215,0.455428803403386
2021-01-09 20:30:00,0.0721543471142725,0.07014745681361809,0.02820798212548452,0.0615677512492456,0.0791158677197145,-0.35364042118470135,0.2497538613705045,0.4295598626288078,0.5312973873256498,0.2593427912777215,0.455428803403386
2021-01-09 20:40:00,0.075260384198956,0.06950256457785324,0.07959023781711887,0.0610506591204627,-0.4062217146850955,-0.3615412602136414,0.2378287150174219,0.4068511121467829,0.5324131630778159,0.2593427912777215,0.455428803403386
2021-01-09 20:50:00,0.0759375898511128,0.06876300610509531,0.0992459183937653,0.0614033078632911,0.6589186364992727,-0.35834752230555267,0.2567751914920357,0.4401964214410059,0.5333056287190328,0.2593427912777215,0.455428803403386
2021-01-09 21:00:00,0.0766966821221083,0.06819722947667972,0.11745450906201076,0.0612937742722073,0.1366471245946243,-0.3605550224530843,0.2648768934093915,0.4582938488081088,0.5336934042831145,0.2593427912777215,0.455428803403386
2021-01-09 21:10:00,0.077434437942059,0.06773752641769759,0.13379128540030694,0.0603074081828269,-0.0498400821008715,-0.37670888177402845,0.2634728882611001,0.4608036037141589,0.5328296471498499,0.2593427912777215,0.455428803403386
2021-01-09 21:20:00,0.0775470110142681,0.06725170158486049,0.14244202564922448,0.060318793585068,0.1488820753916542,-0.3768186561350519,0.262463558051414,0.4535616567688461,0.5322747092804658,0.2593427912777215,0.455428803403386
2021-01-09 21:30:00,0.078536442102511,0.0668318208301709,0.1613834208194896,0.0598482915950882,-0.1206583974038721,-0.38488354821423054,0.28001188375134,0.4904477205187011,0.5323498564088238,0.2593427912777215,0.455428803403386
2021-01-09 21:40:00,0.0788591896131129,0.06646612785447338,0.17097138979933724,0.0591124412388602,0.0854323651736876,-0.39847519604503123,0.284924521262108,0.5034811121010875,0.5330191047943447,0.2593427912777215,0.455428803403386
2021-01-09 21:50:00,0.0791968780598597,0.06601475163891717,0.1820586528749169,0.0579665373332064,0.1612223356332265,-0.4184941008968918,0.2605180811929131,0.4430786422688743,0.5343109617803808,0.2593427912777215,0.455428803403386
2021-01-09 22:00:00,0.0796976753142975,0.06554416427874003,0.19551623819462008,0.0580724443573154,-0.3538979509311701,-0.4174965346767318,0.2610825743463593,0.4530582521351318,0.5330049642139735,0.2593427912777215,0.455428803403386
2021-01-09 22:10:00,0.0803468015780719,0.06515668136746869,0.20955743334974833,0.0577051442354856,-0.4501617535604296,-0.42393640326698284,0.2545491859819256,0.4455870124720412,0.5327441226621724,0.2593427912777215,0.455428803403386
2021-01-09 22:20:00,0.0803654361434639,0.06476448425824906,0.21582681436712065,0.0571596008431047,-0.0482285876520549,-0.4343236425349745,0.2396599557851688,0.4150707398615721,0.5333140644252858,0.2593427912777215,0.455428803403386
2021-01-09 22:30:00,0.0802097038666824,0.06437954931763099,0.21984847789827558,0.0559348910502435,-0.5287543648931248,-0.4569639896082654,0.2691353026124227,0.4757090216762549,0.5324198348619171,0.2593427912777215,0.455428803403386
2021-01-09 22:40:00,0.0804148851598579,0.0639383518430559,0.22927993117140813,0.055896690586118,0.0296044654531257,-0.4599744690424806,0.2711672709916899,0.4778844144108224,0.5320829862667216,0.2593427912777215,0.455428803403386
2021-01-09 22:50:00,0.0804242138346001,0.06354944502935247,0.2354970331618996,0.055884431389102,0.0577196298106486,-0.46187108991341314,0.2787542415221002,0.5016709756393404,0.531688926433749,0.2593427912777215,0.455428803403386
2021-01-09 23:00:00,0.0804496271993373,0.06321428950047614,0.24110086419809074,0.0557418223730691,-0.0179299490023154,-0.46664850864259394,0.2529515834972359,0.4441188062922199,0.5310902190158393,0.2593427912777215,0.455428803403386
2021-01-09 23:10:00,0.0804121175831775,0.06289775323931564,0.24565443753434243,0.0554529229602679,-0.2629696003735304,-0.47205270563619134,0.2613511044327544,0.4632056532865484,0.5291153596064712,0.2593427912777215,0.455428803403386
2021-01-09 23:20:00,0.080387063160251,0.06262335897653468,0.2497149021769507,0.0554780316256652,0.2206739296909177,-0.4716369461921228,0.2505758583293854,0.4393016272915789,0.5285035351070135,0.2593427912777215,0.455428803403386
2021-01-09 23:30:00,0.0803841658393698,0.062439125181772186,0.25262512948552684,0.0554459799347362,0.1702891843812892,-0.47138575076426326,0.208238690383379,0.3345358859133288,0.529373697131174,0.2593427912777215,0.455428803403386
2021-01-09 23:40:00,0.0804002735750582,0.06220971225362469,0.2565064457416326,0.0551499841515571,-0.2075638924594613,-0.4764944632265948,0.2234201844767932,0.3747893515020061,0.5290143812155428,0.2593427912777215,0.455428803403386
2021-01-09 23:50:00,0.080652104434424,0.06200213958386442,0.26297600378521935,0.0552505474656712,-0.3776740150659208,-0.47443808264622434,0.223799667262184,0.3800459903639291,0.5293441314599143,0.2593427912777215,0.455428803403386
2021-01-10 00:00:00,0.0810509415934904,0.06175604601230156,0.2718859837084424,0.0554063521230595,0.9808219882536662,-0.47135579726867777,0.2278326470467584,0.3859846633669133,0.5298686803238617,0.2534104171009579,0.4403696875036467
2021-01-10 00:10:00,0.081053118965309,0.06157675393772674,0.2748203012552463,0.0554107668327946,-0.070463617713834,-0.4714547625289052,0.2682103400844259,0.4655984318453479,0.529890255136983,0.2534104171009579,0.4403696875036467
2021-01-10 00:20:00,0.0810714049093179,0.06146859610668676,0.2768038964490112,0.055256339537543,0.21680996589577,-0.47390446804534364,0.2790265040069895,0.4918412176498646,0.5309881114426154,0.2534104171009579,0.4403696875036467
2021-01-10 00:30:00,0.081057247177031,0.06133424713645164,0.27881729251675935,0.0552360301763197,0.2410681191076236,-0.4747464371008125,0.2841372327444659,0.5116282078186563,0.5314525958528791,0.2534104171009579,0.4403696875036467
2021-01-10 00:40:00,0.0827071311727294,0.06120975341072569,0.3009992814518002,0.0542054015145095,0.0251142182197128,-0.49377385726896705,0.2625858612430897,0.4683167862035802,0.5292418000936217,0.2534104171009579,0.4403696875036467
2021-01-10 00:50:00,0.0830911004558311,0.0609942086960712,0.309158681474446,0.0541869566070072,-0.1209354536786833,-0.4950008099640203,0.2646267157724287,0.4740126426641841,0.5277971767798724,0.2534104171009579,0.4403696875036467
2021-01-10 01:00:00,0.0832769304985022,0.06080446897045883,0.31450827694609135,0.053703603261257,-0.141551551468666,-0.5041626465101919,0.2535429943312763,0.4492534924826167,0.5274243560751706,0.2534104171009579,0.4403696875036467
2021-01-10 01:10:00,0.0823508084272678,0.060592372242521696,0.3068192589754412,0.0552385576361397,1.315689307558543,-0.47634234208860327,0.221260907869461,0.3745666040363845,0.5278003123708253,0.2534104171009579,0.4403696875036467
2021-01-10 01:20:00,0.0822682516704109,0.06055149598817459,0.30649109348324177,0.0549947846740079,0.4364387853954099,-0.48103967246328455,0.2343418832559421,0.405439734490374,0.5282893589326281,0.2534104171009579,0.4403696875036467
2021-01-10 01:30:00,0.0824780097915381,0.06049276823508968,0.31000788524123374,0.0548438013366493,-0.1214729254481739,-0.4839413519899968,0.243884765827153,0.4347368117894366,0.5294468350155619,0.2534104171009579,0.4403696875036467
2021-01-10 01:40:00,0.0838978711937608,0.060480455625027595,0.3272799746882216,0.0548455006923687,0.0682028692235547,-0.483577290124188,0.2266753381865799,0.3964014482687596,0.5301042041936782,0.2534104171009579,0.4403696875036467
2021-01-10 01:50:00,0.0844010736369992,0.06044160268051414,0.3339024684008086,0.0545779488778416,-0.0891455162616239,-0.48767130555776467,0.2609556589219559,0.4653609706674091,0.5280193126122538,0.2534104171009579,0.4403696875036467
2021-01-10 02:00:00,0.0861281957885449,0.06036559215679952,0.35541755870246394,0.0541266803446685,-0.2213291763666802,-0.4954673988645412,0.2572062801066708,0.4570814224522753,0.527414860628334,0.2534104171009579,0.4403696875036467
2021-01-10 02:10:00,0.0863292155955015,0.060255195311155495,0.3595792782049104,0.0539528181779107,0.0702134227797302,-0.49793640078531154,0.2444412344185036,0.4309453560872082,0.5279263957857958,0.2534104171009579,0.4403696875036467
2021-01-10 02:20:00,0.0865020449327921,0.06014350807335687,0.36343454685897936,0.0541909566768936,-0.5235961980309511,-0.4911660979236317,0.2360486094264613,0.4144247206302652,0.5276431715588572,0.2534104171009579,0.4403696875036467
2021-01-10 02:30:00,0.0869046015116472,0.06009288614129754,0.36891951517015065,0.0539156489037647,0.2884509591471129,-0.49380853726825974,0.240968815714115,0.4247105566334063,0.526812722882424,0.2534104171009579,0.4403696875036467
2021-01-10 02:40:00,0.0877861501787164,0.05998739061979486,0.38076936155972874,0.0533939989883623,0.0677028578438765,-0.5002456604976205,0.2438210537874821,0.4264191664097803,0.5266214239757966,0.2534104171009579,0.4403696875036467
2021-01-10 02:50:00,0.0879051794484592,0.05987250625943546,0.384041321531474,0.053037074361768,-0.1147058119112642,-0.5029908700819891,0.2224835652060036,0.3708305991107602,0.5276957627866785,0.2534104171009579,0.4403696875036467
2021-01-10 03:00:00,0.0879070010155641,0.05972727147473107,0.38649072430778797,0.0537398251417798,-0.8726425024670803,-0.4874811756860835,0.2451528398138638,0.424032186971063,0.5292110142600308,0.2534104171009579,0.4403696875036467
2021-01-10 03:10:00,0.0886817658726866,0.059655126017919606,0.39647421764205193,0.0537143193359828,-0.2210417840201373,-0.48216910012964675,0.2531091712946622,0.4463255263602882,0.530638790977753,0.2534104171009579,0.4403696875036467
2021-01-10 03:20:00,0.0889871887871439,0.05959290476525634,0.4009558937372558,0.0531241294820341,-0.2226662556376268,-0.4880095634262597,0.2378043549284099,0.4184568636914661,0.529803711807254,0.2534104171009579,0.4403696875036467
2021-01-10 03:30:00,0.0933774888924898,0.05947325891558301,0.45112351636607473,0.0530821116711714,0.024247259013066,-0.48434375357411497,0.264238218691476,0.4679297591471233,0.5284976620116342,0.2534104171009579,0.4403696875036467
2021-01-10 03:40:00,0.0961621614983234,0.05937413792870744,0.48217720552428145,0.0531148114809802,0.2472918700524573,-0.4791618856044201,0.2584737063937716,0.4557548740362676,0.5286644571377808,0.2534104171009579,0.4403696875036467
2021-01-10 03:50:00,0.0962360549019,0.059283220071407114,0.4844777793293965,0.0533558160507889,-0.6230811154198435,-0.4709142333467132,0.2571032331981939,0.4612077940665801,0.5283868536417169,0.2534104171009579,0.4403696875036467
2021-01-10 04:00:00,0.0964219621432265,0.05924120602012018,0.4871166513329649,0.053086426811855,0.4932915694327633,-0.47315976461767423,0.2463731824157927,0.4353311663077233,0.5279262172496237,0.2534104171009579,0.4403696875036467
2021-01-10 04:10:00,0.0966022067026384,0.05917394064771458,0.49012033145462436,0.0530269038309423,0.0166269979722244,-0.47144576896043144,0.2627729267206738,0.4742515406333278,0.5272904618056098,0.2534104171009579,0.4403696875036467
2021-01-10 04:20:00,0.0992732410534391,0.05912007115241998,0.5183055787752241,0.0523517291757575,-0.4644760365730249,-0.4816802771543851,0.246943039531066,0.4380304683933286,0.5264906213548903,0.2534104171009579,0.4403696875036467
2021-01-10 04:30:00,0.0997690978859553,0.05902350712046252,0.5249227046218359,0.0520915857770994,0.2434190777334421,-0.48480851654318,0.2215127241475576,0.3742739402153406,0.5257941315406384,0.2534104171009579,0.4403696875036467
2021-01-10 04:40:00,0.1001387928203566,0.058881777658979055,0.5310254867256423,0.0521723530798382,-0.3421021642678212,-0.4816674103324308,0.2328913454770921,0.4028708317232506,0.5262025651386953,0.2534104171009579,0.4403696875036467
2021-01-10 04:50:00,0.1002372931636543,0.05877134648126601,0.5338858752756197,0.0520327799088049,0.062573304982294,-0.48353072783428497,0.2231093056313087,0.3829175740427643,0.5280376158187196,0.2534104171009579,0.4403696875036467
2021-01-10 05:00:00,0.1005863359920584,0.058672586465542444,0.5390438163698632,0.0517827392006296,0.3562945762453751,-0.48706628394154095,0.2187883038483775,0.379881062364367,0.5293366297506654,0.2534104171009579,0.4403696875036467
2021-01-10 05:10:00,0.1007155634995996,0.05854511617206865,0.5425026672868942,0.051761097800861,0.1100489266661952,-0.48666165382531595,0.248084320924608,0.438366651443665,0.5291028234009821,0.2534104171009579,0.4403696875036467
2021-01-10 05:20:00,0.1007163733013892,0.05845975950418394,0.5439697355351925,0.051557192884772,0.0605688987254993,-0.4901162968877836,0.257719955219387,0.4534421913401721,0.5294956683180629,0.2534104171009579,0.4403696875036467
2021-01-10 05:30:00,0.1017928339397191,0.058355898512876155,0.5563792660145866,0.0516124416051438,-0.2508641949225065,-0.48830108908620645,0.2651510998490916,0.4746519704253608,0.5300557148333849,0.2534104171009579,0.4403696875036467
2021-01-10 05:40:00,0.1025767548509848,0.058266571903833955,0.5655827979736919,0.0516587330016478,0.3280062316548537,-0.4869839155548938,0.2628163590521647,0.470975575429451,0.5309360691154156,0.2534104171009579,0.4403696875036467
2021-01-10 05:50:00,0.1027978204247014,0.05820576039657529,0.5687798249761772,0.0509469059408912,-0.2849139208921158,-0.49890234303659053,0.2748456537555114,0.5001529396981718,0.5317541572672142,0.2534104171009579,0.4403696875036467
2021-01-10 06:00:00,0.1045360825892736,0.05806670661403536,0.5879398360353005,0.0509533875908028,0.5289442712690828,-0.49778672321635753,0.2592802197458419,0.4701312154598439,0.5306779183737762,0.2534104171009579,0.4403696875036467
2021-01-10 06:10:00,0.1053938450990904,0.05795744104129298,0.5979952727063205,0.0502600028357439,-0.0315454279482096,-0.5103196821365443,0.221958967124565,0.3807182589572376,0.5305431400521471,0.2534104171009579,0.4403696875036467
2021-01-10 06:20:00,0.1067261213821515,0.05779671815264108,0.6133339451001132,0.0502597732207062,-0.0217316277439039,-0.5081372345497986,0.2295955684953833,0.3987497541646629,0.531188221449996,0.2534104171009579,0.4403696875036467
2021-01-10 06:30:00,0.1074541221865381,0.05766975779182046,0.6223310783981166,0.0502822564230383,0.2098503311657396,-0.5052712264336079,0.2303505620040288,0.4078095317187836,0.5320339178336175,0.2534104171009579,0.4403696875036467
2021-01-10 06:40:00,0.1132033957042642,0.05754582691241776,0.6766045425498887,0.0505620034218835,0.6551677494888608,-0.49771261459085037,0.222376819630145,0.3906460666743656,0.5327579989227584,0.2534104171009579,0.4403696875036467
2021-01-10 06:50:00,0.1133190480116285,0.057474378707493626,0.6788680132374487,0.0494930896287286,-0.2569192403274911,-0.5171795044222546,0.2612483396151608,0.4706313549276548,0.5327357250414273,0.2534104171009579,0.4403696875036467
2021-01-10 07:00:00,0.113848683494145,0.05733031775334394,0.6860406394941102,0.049481024004043,-0.1588108649068331,-0.5165346151411762,0.2495622407741566,0.4421244742435029,0.5330305650286775,0.2534104171009579,0.4403696875036467
2021-01-10 07:10:00,0.1138499688716588,0.0571749108264213,0.6887663388470193,0.0488569398823452,0.1309315640328989,-0.5286055176014258,0.2511894672442155,0.4504523186835475,0.5317566623824361,0.2534104171009579,0.4403696875036467
2021-01-10 07:20:00,0.1149514037045187,0.05700117858220784,0.7014375180685753,0.0488564349030623,0.0032961193324965,-0.5282978834092937,0.2350176069329415,0.4152803306698561,0.5313097304081489,0.2534104171009579,0.4403696875036467
2021-01-10 07:30:00,0.1162065817492423,0.05683388534486631,0.7152367635522929,0.0486294620877529,-0.2104369651666715,-0.5316509694525605,0.2309217519591085,0.4046786471769084,0.5316966732117459,0.2534104171009579,0.4403696875036467
2021-01-10 07:40:00,0.1163445331276905,0.05668190915279525,0.7191008049427826,0.0485962459511791,0.174051554875021,-0.5314014034680663,0.2327277238716535,0.408221593016132,0.5317903311094722,0.2534104171009579,0.4403696875036467
2021-01-10 07:50:00,0.1165254682127531,0.05651542337805,0.7235962793394874,0.0484968571538686,0.2772206363411911,-0.5326460288142084,0.2033987717297233,0.3333543188167217,0.5318009508841748,0.2534104171009579,0.4403696875036467
2021-01-10 08:00:00,0.1194005128822131,0.05636877744249295,0.7505680826746649,0.0489012030581377,-0.6370982828164173,-0.5235579503692868,0.2291276761464561,0.3855817456879979,0.5322205847198249,0.2534104171009579,0.4403696875036467
2021-01-10 08:10:00,0.1194157725295746,0.056284873108676824,0.7521854751106958,0.0488985041995721,0.0801229084109067,-0.5224678570811581,0.2403046491185594,0.4124475480622294,0.5338652990693795,0.2534104171009579,0.4403696875036467
2021-01-10 08:20:00,0.1194364202531826,0.05621546014329696,0.7535923711065836,0.0486951321295097,-0.2067842825685062,-0.5252576206786924,0.2409075868116158,0.4200766887452619,0.5359691160173001,0.2534104171009579,0.4403696875036467
2021-01-10 08:30:00,0.1195259133539668,0.05615671640601314,0.7553869065594473,0.0475324659824914,0.1135954982235176,-0.5482412977481196,0.2782364576862475,0.4961627291674179,0.5364550669790796,0.2534104171009579,0.4403696875036467
2021-01-10 08:40:00,0.1197333029401689,0.055992377588055975,0.7600512269477128,0.0473518621298851,0.2241873660594251,-0.5517215824878501,0.2694636116443343,0.4801905304949517,0.5350427095150798,0.2534104171009579,0.4403696875036467
2021-01-10 08:50:00,0.1199855158085072,0.05578465380521124,0.7658722237512925,0.0473466374635843,0.0157024344966671,-0.5520161217776868,0.2637089129746802,0.4723845403542527,0.5337182500034723,0.2534104171009579,0.4403696875036467
2021-01-10 09:00:00,0.1206039868669488,0.055649999115221865,0.773430280522335,0.0461558687634861,0.0765690644131567,-0.577293789413143,0.2469719801638271,0.4356780386140614,0.5331341934159346,0.2534104171009579,0.4403696875036467
2021-01-10 09:10:00,0.1210435771563431,0.05541912737939706,0.7812258288284366,0.0462653636513839,0.3392584367519546,-0.5751764344688927,0.2560854995642643,0.4586999025330642,0.5324741597691243,0.2534104171009579,0.4403696875036467
2021-01-10 09:20:00,0.12113936154267,0.055234109118994255,0.785360949857864,0.0462052473093212,-0.1036851699687702,-0.5767558242010496,0.2562607151825998,0.4559211625506276,0.5323738721687646,0.2534104171009579,0.4403696875036467
2021-01-10 09:30:00,0.1214568273874559,0.05506127168744102,0.7911122736499784,0.0461084952489723,0.0678765949183812,-0.5788023359471708,0.2368370073387612,0.4059962521421867,0.5329254197587443,0.2534104171009579,0.4403696875036467
2021-01-10 09:40:00,0.1214598822060357,0.05489250462305852,0.7942072092704562,0.0461266476619731,-0.1680573897344217,-0.5785479380560272,0.238517965739718,0.4107091086295019,0.5334228901143377,0.2534104171009579,0.4403696875036467
2021-01-10 09:50:00,0.1221249563738684,0.05477346332643437,0.8018389223365611,0.0461559553705601,-0.2772088380696758,-0.5778054577989051,0.2423807772909576,0.4247522220919667,0.5332459888606618,0.2534104171009579,0.4403696875036467
2021-01-10 10:00:00,0.1227018279320929,0.054671030505790016,0.8084232868824031,0.0461181980022794,0.0912902962527439,-0.577595584136996,0.2284484732440425,0.3971291344415626,0.534122712838516,0.2534104171009579,0.4403696875036467
2021-01-10 10:10:00,0.1228354180959219,0.05456045928746887,0.8115359635790397,0.0462789462830202,-0.4074379247402504,-0.5726898584800789,0.2459995371762707,0.4258019055844736,0.5348327446689727,0.2534104171009579,0.4403696875036467
2021-01-10 10:20:00,0.1228392881736107,0.054472711585177976,0.8131770293959945,0.0457728990410294,-0.7060944387504264,-0.5822345358448759,0.2488705295301312,0.4333031624837116,0.5350683363360305,0.2534104171009579,0.4403696875036467
2021-01-10 10:30:00,0.122940903690024,0.05436107546484255,0.8160554089022011,0.0457453544578763,-0.0302174347005745,-0.5821071151305751,0.2440564365220505,0.4285218697529698,0.5348156599174174,0.2534104171009579,0.4403696875036467
2021-01-10 10:40:00,0.1229733098701972,0.054265616395653804,0.8180765280762224,0.0456408250391357,0.2121696393375671,-0.5818022140163847,0.2419612011679174,0.4180043006119676,0.5351486068766653,0.2534104171009579,0.4403696875036467
2021-01-10 10:50:00,0.122972653896757,0.05415780083145905,0.8200599818642248,0.0456450760589799,-0.0688292100013754,-0.5792762612949109,0.2579756439056445,0.4521101629326035,0.5354511051157304,0.2534104171009579,0.4403696875036467
2021-01-10 11:00:00,0.1229561745513461,0.05405725015508995,0.8217843144012619,0.045974089475029,-0.5939993758367734,-0.5690213645929947,0.2662975859179847,0.4692696189856252,0.5365273689239214,0.2534104171009579,0.4403696875036467
2021-01-10 11:10:00,0.1237089815339795,0.05400469222031717,0.828860948393196,0.0452837798068056,-0.2482688567186031,-0.5807894971671427,0.2446016732539772,0.4140195653631294,0.5377454641554473,0.2534104171009579,0.4403696875036467
2021-01-10 11:20:00,0.122036147618381,0.05390608594362363,0.8170739095049672,0.0482467734469355,-2.0403746852709403,-0.514900027963174,0.2469178136661998,0.4253054307238821,0.5362450171851867,0.2534104171009579,0.4403696875036467
2021-01-10 11:30:00,0.1225422845203007,0.05403809663105567,0.8187668591928603,0.0483947819441335,0.3847293878118663,-0.510380057700045,0.2425854729980241,0.4191193433959722,0.5358450103001547,0.2534104171009579,0.4403696875036467
2021-01-10 11:40:00,0.1229670539992192,0.05420701522879302,0.8191061334928117,0.0461552563730946,0.0906074786829691,-0.5562753147619225,0.2274739414936083,0.3884976415518238,0.5367760706706428,0.2534104171009579,0.4403696875036467
2021-01-10 11:50:00,0.123494039137573,0.0541613738029404,0.8242248948905957,0.0467021665360093,-0.7490863840963868,-0.5446315558710666,0.2568625495881913,0.4488670770287928,0.5362709108476291,0.2534104171009579,0.4403696875036467
2021-01-10 12:00:00,0.1236513994687448,0.05409690602695344,0.8266893175604881,0.0466394926024218,-0.1930547103457414,-0.5463734899886382,0.2563216055152805,0.4467852926657341,0.5363045242932929,0.2534104171009579,0.4403696875036467
2021-01-10 12:10:00,0.1230571892241388,0.05406005105234035,0.8225537151447518,0.0482955906819953,1.268835061885909,-0.5119146017239304,0.2639750921903465,0.4731380184876177,0.5359375266948542,0.2534104171009579,0.4403696875036467
2021-01-10 12:20:00,0.1266285674030194,0.054247455439990315,0.84770204815892,0.0482722895923628,0.0546015975080749,-0.5123242133923827,0.2425979411784802,0.4223974646802554,0.5354201848690828,0.2534104171009579,0.4403696875036467
2021-01-10 12:30:00,0.1265933048150138,0.0543524014792191,0.8454908257128018,0.0483545986121695,-0.3028775662160754,-0.5104130387595784,0.2545631765824031,0.4484426421396716,0.5332407849234113,0.2534104171009579,0.4403696875036467
2021-01-10 12:40:00,0.1266232414941176,0.05444753088293603,0.8439785731147451,0.0483779641696517,-0.1883471304552131,-0.5098091683493226,0.2485645349834014,0.4347502718595858,0.5323502887114411,0.2534104171009579,0.4403696875036467
2021-01-10 12:50:00,0.1272983964612509,0.054558474827066626,0.8472608498551328,0.0481329349560098,0.1951719733915169,-0.514463476478078,0.2077450677699651,0.3325671391012165,0.5336561808944826,0.2534104171009579,0.4403696875036467
2021-01-10 13:00:00,0.1271960438946379,0.054611627705568,0.8454827272469244,0.0484028438884734,0.5110432271827392,-0.5088168969169531,0.2225778605248282,0.3725672311104797,0.5344788763091997,0.2534104171009579,0.4403696875036467
2021-01-10 13:10:00,0.1286571087500594,0.05471299624454086,0.8550495211960735,0.048566795736062,0.4631234443658982,-0.5041248454471978,0.2220706136557319,0.3748156739807363,0.5352682050292039,0.2534104171009579,0.4403696875036467
2021-01-10 13:20:00,0.1288290226822351,0.05477558627113762,0.8552415309852136,0.0484955060976225,-0.0287901336449181,-0.5039114905050232,0.2230300550556497,0.3734671103851279,0.5365041732372181,0.2534104171009579,0.4403696875036467
2021-01-10 13:30:00,0.1290963960327409,0.05487501405984601,0.8555012537614496,0.0482087806953239,-0.2570498610902305,-0.5080907353149133,0.2624384207887942,0.4511860200543434,0.536476982374554,0.2534104171009579,0.4403696875036467
2021-01-10 13:40:00,0.1305005573539365,0.05488205255140038,0.8661911142288413,0.0482114480597917,-0.0681274972269108,-0.5069404638545086,0.2724280208204027,0.4753395649331046,0.5374791705832138,0.2534104171009579,0.4403696875036467
2021-01-10 13:50:00,0.1333739983521735,0.054863814221784254,0.8883031900258537,0.0481411453851134,0.0726710274477682,-0.5071854829349093,0.2777514598927659,0.4939788904791066,0.5381151978592227,0.2534104171009579,0.4403696875036467
2021-01-10 14:00:00,0.1361307449107749,0.05489683614731608,0.9081600660839654,0.0476986831608562,-0.3363518969079493,-0.5150611029354598,0.2582877950109003,0.454456821648275,0.5366573869471722,0.2534104171009579,0.4403696875036467
2021-01-10 14:10:00,0.1374405660465602,0.0548718723451382,0.9181907029442511,0.0477777170043775,-0.472983620489309,-0.5128664272403101,0.2598139361584803,0.4572393253875334,0.5350634164028307,0.2534104171009579,0.4403696875036467
2021-01-10 14:20:00,0.1381520041908563,0.05481804821576341,0.9243350718833471,0.048241659858796,0.6994296370944397,-0.5027826823753758,0.2492970306842737,0.4331490875235688,0.5351901448194342,0.2534104171009579,0.4403696875036467
2021-01-10 14:30:00,0.1380673486895651,0.05482993457181633,0.9235053039661592,0.0485451469853565,-0.5468257005915689,-0.4962437127100721,0.2188863135721883,0.36083306874261,0.5356935202549339,0.2534104171009579,0.4403696875036467
2021-01-10 14:40:00,0.1396980968395432,0.05488085583184586,0.9343190650746538,0.048286352917635,-0.1795076087379499,-0.5011801335540402,0.2300658467356473,0.3865486850230179,0.5364147523623292,0.2534104171009579,0.4403696875036467
2021-01-10 14:50:00,0.140219196662711,0.05488573269061234,0.9379534520314318,0.0482832595875448,-0.0658344207129957,-0.5008910806763869,0.2382419651992895,0.4116845815611397,0.5377967800930645,0.2534104171009579,0.4403696875036467
2021-01-10 15:00:00,0.1402828465896847,0.054879222545803096,0.9385259003873208,0.0487898194636259,-0.7052925449666958,-0.48990255295698504,0.2170614075882069,0.3654132845586341,0.5387460089389318,0.2534104171009579,0.4403696875036467
2021-01-10 15:10:00,0.1398993165903775,0.054969749527721476,0.9341399713375421,0.049088676160738,1.0383743268841172,-0.48214656084854524,0.2484684891668109,0.4281319692763644,0.5371841452503201,0.2534104171009579,0.4403696875036467
2021-01-10 15:20:00,0.1402319244060357,0.05505397618384428,0.9349835657068278,0.0492524028541615,0.4092419076597409,-0.47507988109175375,0.2434327152478396,0.4182043283428605,0.53706139841585,0.2534104171009579,0.4403696875036467
2021-01-10 15:30:00,0.1404584610885966,0.0551114309941029,0.9355546407452274,0.0492530659644052,-0.0859469287266989,-0.4701434152545225,0.2300445382351649,0.3919169904382713,0.5373600620382253,0.2534104171009579,0.4403696875036467
2021-01-10 15:40:00,0.1433182281188924,0.055188488564046186,0.9543131382200114,0.0493871937565046,0.3805030540368292,-0.46303876730781834,0.2252037897744099,0.3816548569614877,0.5373394400774949,0.2534104171009579,0.4403696875036467
2021-01-10 15:50:00,0.1433001447532574,0.055262437421180324,0.9528479182153817,0.0495172256287567,-0.4233154273908468,-0.4536779653326333,0.2319902548021314,0.3975782961706791,0.5363421771352659,0.2534104171009579,0.4403696875036467
2021-01-10 16:00:00,0.1440761301262501,0.0553316075183467,0.9569975315309373,0.0497332634213275,-0.4707080881560799,-0.44508058641975473,0.2368715779218387,0.4028567392838175,0.5360150643325624,0.2534104171009579,0.4403696875036467
2021-01-10 16:10:00,0.1441255544616569,0.05539885987861055,0.9561258119375122,0.0497139073162263,0.0479948019060927,-0.4417458210117167,0.2165730301187164,0.3482115999892077,0.5367153061924212,0.2534104171009579,0.4403696875036467
2021-01-10 16:20:00,0.1442122148512372,0.05545991045291385,0.955625503407952,0.0493017522249992,-0.2448930295200213,-0.4462570977880248,0.2382554754896745,0.4018304225869028,0.5382602506463219,0.2534104171009579,0.4403696875036467
2021-01-10 16:30:00,0.144985417995648,0.05546977179880017,0.9607949517146755,0.0491986225930897,-0.2503975618967757,-0.4440495577217024,0.2456735490598439,0.424375181294957,0.5402391249196785,0.2534104171009579,0.4403696875036467
2021-01-10 16:40:00,0.1450343197184212,0.05548462170499199,0.9608645061673864,0.049120768824655,-0.1136061451704861,-0.4413160407489642,0.2262641421074724,0.3905236658890789,0.5399046495196718,0.2534104171009579,0.4403696875036467
2021-01-10 16:50:00,0.1485216405317554,0.055473754713787,0.9848206542464001,0.0488693411174507,-0.0712189759074277,-0.4428228060478412,0.250557274500608,0.4394999609670053,0.5381782779517124,0.2534104171009579,0.4403696875036467
2021-01-10 17:00:00,0.1487369750914372,0.05544928758975099,0.9867106122628722,0.0487911100961064,-0.7649451010022901,-0.44155951645622343,0.2472375541094497,0.4303725883418373,0.5382097371437031,0.2534104171009579,0.4403696875036467
2021-01-10 17:10:00,0.1514545068200991,0.05542727660059691,1.0052134648424083,0.0487703409762855,-0.3917847255625162,-0.4396825998523639,0.2475321572481779,0.4392210526978999,0.5374030199343751,0.2534104171009579,0.4403696875036467
2021-01-10 17:20:00,0.1507984007863686,0.0554154958957824,1.0010845867006604,0.0513859687882889,-1.6225738361452358,-0.385208331097048,0.2401221331119938,0.4202267603356137,0.536988553075451,0.2534104171009579,0.4403696875036467
2021-01-10 17:30:00,0.1510260416375617,0.055622255697459,0.9988688796277736,0.0560305158476185,-2.233954209579636,-0.2972694047568505,0.2573759704405574,0.4605081796738284,0.5363495789249608,0.2534104171009579,0.4403696875036467
2021-01-10 17:40:00,0.1502975112457458,0.05626441038661748,0.9825545451181391,0.0616329428743043,2.5688246914103985,-0.20035760734112937,0.2399031001364134,0.4206392834001723,0.5357799057556202,0.2534104171009579,0.4403696875036467
2021-01-10 17:50:00,0.1501784522339235,0.05805544889675443,0.95042569922944,0.0619883835146153,0.6721991750120893,-0.19255340007783012,0.213944332452937,0.3521380296907482,0.5348023918583802,0.2534104171009579,0.4403696875036467
2021-01-10 18:00:00,0.150421095171041,0.05949369826370634,0.9275682667176999,0.0617133439232492,0.3006058354284135,-0.19499987825136916,0.221303846986109,0.3698893003739054,0.5348796878074873,0.2534104171009579,0.4403696875036467
2021-01-10 18:10:00,0.1503733612445734,0.06024440935933179,0.9147114990948088,0.0620996307948134,-0.710255794480652,-0.18677178171346243,0.2104195340193487,0.347120426250779,0.5362207202082023,0.2534104171009579,0.4403696875036467
2021-01-10 18:20:00,0.1503728583715697,0.060982952425799375,0.9025235755901383,0.0626458083307947,-0.8319497935445952,-0.17609259917558584,0.2027337562483508,0.3363830703520031,0.536735835272883,0.2534104171009579,0.4403696875036467
2021-01-10 18:30:00,0.1502396196251457,0.06164390334494661,0.8908571503589081,0.0629489003019155,0.6329715968696803,-0.16959471443239157,0.2311966560617035,0.3919934597290865,0.535739432018516,0.2534104171009579,0.4403696875036467
2021-01-10 18:40:00,0.1498644582785675,0.0622596416196783,0.8784178653091028,0.0638970016882785,-1.1351097721531644,-0.1528365800707147,0.244096911057175,0.41292733585795,0.5361677953804284,0.2534104171009579,0.4403696875036467
2021-01-10 18:50:00,0.1507829075764278,0.06293360125036143,0.8737608819755311,0.0642212186951687,0.6628916041556465,-0.14630529784552937,0.2529215616626122,0.4348729468043344,0.5360014455288096,0.2534104171009579,0.4403696875036467
2021-01-10 19:00:00,0.1506242972810723,0.06350267508332356,0.8637066065724093,0.0648120872736751,0.8746344542005957,-0.13341718243077869,0.2518688643282115,0.4361054484514938,0.536880359705407,0.2534104171009579,0.4403696875036467
2021-01-10 19:10:00,0.1521713722788358,0.06405803590646147,0.8652178514622105,0.0646692652709114,0.0254396188127614,-0.12963381415111733,0.2658382490537976,0.4685252423740473,0.5372164368798744,0.2534104171009579,0.4403696875036467
2021-01-10 19:20:00,0.1523505007656022,0.06451697039420477,0.8592554962861649,0.0649139642939968,-0.5650090625048065,-0.12040148983419854,0.2510259571611928,0.4404796397133564,0.5356847511105268,0.2534104171009579,0.4403696875036467
2021-01-10 19:30:00,0.1527738970091218,0.06488907320694687,0.8562797850410021,0.0652750946628256,-0.7050298817988576,-0.10990947660387276,0.217188140882178,0.3552654040835292,0.5347171554004929,0.2534104171009579,0.4403696875036467
2021-01-10 19:40:00,0.1536709230721867,0.06529318638527348,0.8559257653156845,0.0655627470739769,-0.6154870007083701,-0.10061639391180885,0.2241391491967521,0.3717580382582065,0.5351544147663414,0.2534104171009579,0.4403696875036467
2021-01-10 19:50:00,0.1535456708480154,0.06560507224693841,0.850345038930073,0.0659549807686933,-0.7325248551195429,-0.0902813411185207,0.2225699897614498,0.3771862198588551,0.5362335979528694,0.2534104171009579,0.4403696875036467
2021-01-10 20:00:00,0.1553589497281154,0.06595666647448782,0.856740286451214,0.066234917746723,-0.9482385307075348,-0.0823873822657925,0.2131555618534844,0.3594045073430877,0.5376905633799408,0.2534104171009579,0.4403696875036467
2021-01-10 20:10:00,0.1562167059848085,0.06629481692476767,0.8571324661752671,0.0663171690643458,-0.4595009551549012,-0.07413141295628083,0.2519295544542418,0.4411981701359824,0.5378343488712961,0.2534104171009579,0.4403696875036467
2021-01-10 20:20:00,0.1541670688268224,0.0665873587775228,0.8395221255021892,0.0710039712545817,-2.597259934944951,0.0020177636821062895,0.2442440544174081,0.4208222776456232,0.5382802180533717,0.2534104171009579,0.4403696875036467
2021-01-10 20:30:00,0.1536464713150678,0.06730284913694017,0.8254517519520105,0.0721543471142725,1.2857363867370353,0.02820798212548452,0.2484156582071267,0.4344796836425524,0.5362532799858113,0.2534104171009579,0.4403696875036467
2021-01-10 20:40:00,0.1566397284775848,0.06830866987220142,0.8299117487434821,0.075260384198956,2.1780202717966546,0.07959023781711887,0.2327403775963873,0.4012241658793428,0.5353619497055532,0.2534104171009579,0.4403696875036467
2021-01-10 20:50:00,0.1570304209673831,0.06923302757583179,0.8189615248313958,0.0759375898511128,1.2075160436779695,0.0992459183937653,0.2329582567819172,0.3951149377510572,0.5353104135408182,0.2534104171009579,0.4403696875036467
2021-01-10 21:00:00,0.1566599837481915,0.07015702257106886,0.8033418387348643,0.0766966821221083,1.0850379708097435,0.11745450906201076,0.2354928720541158,0.402992703953725,0.5351759434270629,0.2534104171009579,0.4403696875036467
2021-01-10 21:10:00,0.1572000378370046,0.07099931329544037,0.7948489155891543,0.077434437942059,-1.067518310106408,0.13379128540030694,0.2097187657774169,0.3374192576926763,0.5349301590697069,0.2534104171009579,0.4403696875036467
2021-01-10 21:20:00,0.1576617166483276,0.07192989899708761,0.7847596841709494,0.0775470110142681,-0.4434334795854866,0.14244202564922448,0.2317014768453502,0.3810013915638331,0.5356955424656098,0.2534104171009579,0.4403696875036467
2021-01-10 21:30:00,0.1571748085697114,0.07261946008508093,0.7721256851626728,0.078536442102511,1.2485578311013157,0.1613834208194896,0.2424333879910655,0.4069799952569715,0.5371704992045863,0.2534104171009579,0.4403696875036467
2021-01-10 21:40:00,0.1574403669586426,0.07332951444640552,0.7640835834878582,0.0788591896131129,-0.7178364522490099,0.17097138979933724,0.2388610598909321,0.4009101968145888,0.5389970268993994,0.2534104171009579,0.4403696875036467
2021-01-10 21:50:00,0.1572629973420367,0.07399185419195636,0.7539645375102967,0.0791968780598597,0.7481508680880822,0.1820586528749169,0.2714986201441531,0.466213366521812,0.5390291833914835,0.2534104171009579,0.4403696875036467
2021-01-10 22:00:00,0.1570156377084578,0.0745797077795914,0.7444769470979347,0.0796976753142975,0.95967875897216,0.19551623819462008,0.2635955262669369,0.4536379834218073,0.5377848643717773,0.2534104171009579,0.4403696875036467
2021-01-10 22:10:00,0.1576939499702068,0.07515398098169804,0.7411170404576232,0.0803468015780719,1.1142424949701637,0.20955743334974833,0.2590006224271174,0.4450590994951489,0.5360157098628167,0.2534104171009579,0.4403696875036467
2021-01-10 22:20:00,0.1577144706796949,0.07568974771007965,0.7341435324536025,0.0803654361434639,-0.1796497250154516,0.21582681436712065,0.2402271472642741,0.4056018556730317,0.535609506883376,0.2534104171009579,0.4403696875036467
2021-01-10 22:30:00,0.1577064964429129,0.07611099529915773,0.7285429487581097,0.0802097038666824,-0.1717959746635244,0.21984847789827558,0.2474029439384714,0.4218859697162148,0.5352576207478725,0.2534104171009579,0.4403696875036467
2021-01-10 22:40:00,0.158057676322929,0.0765221576328494,0.7253796652808691,0.0804148851598579,-0.5748460953135748,0.22927993117140813,0.241934800238301,0.4095718007235805,0.5350358554767407,0.2534104171009579,0.4403696875036467
2021-01-10 22:50:00,0.1581030246881293,0.07690854543403243,0.720629881202239,0.0804242138346001,-0.1354094238555703,0.2354970331618996,0.2233944482308684,0.3621025836042317,0.5351580436269319,0.2534104171009579,0.4403696875036467
2021-01-10 23:00:00,0.1583534359359133,0.07722974710876371,0.7180447630580008,0.0804496271993373,-0.2029899974381521,0.24110086419809074,0.2264376503281277,0.3688003555475366,0.534821881082709,0.2534104171009579,0.4403696875036467
2021-01-10 23:10:00,0.1591592612230274,0.07740092620116065,0.7209065968754708,0.0804121175831775,-0.093884970600655,0.24565443753434243,0.2366001486404934,0.3954263996344798,0.5338576682204049,0.2534104171009579,0.4403696875036467
2021-01-10 23:20:00,0.1592547544953539,0.07766738947631396,0.7180696781341609,0.080387063160251,-0.091704288010419,0.2497149021769507,0.2234100162369235,0.366162604349489,0.5341005255151704,0.2534104171009579,0.4403696875036467
2021-01-10 23:30:00,0.1593601103936568,0.07788682454183354,0.715909680962696,0.0803841658393698,0.1560139350456069,0.25262512948552684,0.2414043841762878,0.3952052956296881,0.5337615426458926,0.2534104171009579,0.4403696875036467
2021-01-10 23:40:00,0.1604295833120727,0.07807971573172787,0.7201248116730958,0.0804002735750582,0.262643297995524,0.2565064457416326,0.248427623618054,0.4161474766330817,0.5341472411625839,0.2534104171009579,0.4403696875036467
2021-01-10 23:50:00,0.1602913252206218,0.07824987964630735,0.7170856508946748,0.080652104434424,-0.740416942827693,0.26297600378521935,0.2487861720851398,0.4239943804160256,0.533541039262458,0.2534104171009579,0.4403696875036467
2021-01-11 00:00:00,0.1601046737134459,0.07843733724315803,0.7135277577040008,0.0810509415934904,-1.2676527945551186,0.2718859837084424,0.2447607374570117,0.4116573691332771,0.5332930584564644,0.2426504434709049,0.4199185164316097
2021-01-11 00:10:00,0.1606738876987559,0.07862672245976102,0.7146651464966559,0.081053118965309,0.0921668571276512,0.2748203012552463,0.2581843883040956,0.4363791467147476,0.5332816622714457,0.2426504434709049,0.4199185164316097
2021-01-11 00:20:00,0.1606507235567137,0.07879622048193613,0.7123675571976157,0.0810714049093179,-0.2768619890344936,0.2768038964490112,0.2627044256729903,0.4492535119260155,0.5343782610981659,0.2426504434709049,0.4199185164316097
2021-01-11 00:30:00,0.1608879494018606,0.07892896571643827,0.7121598764128144,0.081057247177031,-0.1875102597923117,0.27881729251675935,0.2416700277165746,0.3957013171597285,0.5357461704424362,0.2426504434709049,0.4199185164316097
2021-01-11 00:40:00,0.1601590157405368,0.07905355166691934,0.7060416780528774,0.0827071311727294,-1.643944339995862,0.3009992814518002,0.246756929060727,0.4127913883404664,0.5351300537845296,0.2426504434709049,0.4199185164316097
2021-01-11 00:50:00,0.1600211533484388,0.07941071808399039,0.7006726673164833,0.0830911004558311,0.8069942164203425,0.309158681474446,0.2485255870813967,0.4211189312232945,0.5349031676088455,0.2426504434709049,0.4199185164316097
2021-01-11 01:00:00,0.1604054018692988,0.07969373771946535,0.6995133628016151,0.0832769304985022,0.5737583329562312,0.31450827694609135,0.2341176090444764,0.3881408856905637,0.5358999850794455,0.2426504434709049,0.4199185164316097
2021-01-11 01:10:00,0.1603445894797958,0.0799647207709923,0.695739636582672,0.0823508084272678,0.4439857066909525,0.3068192589754412,0.260695364591325,0.4441352951346876,0.5349083433705752,0.2426504434709049,0.4199185164316097
2021-01-11 01:20:00,0.1607683427337362,0.08011510473619615,0.6965000540341452,0.0822682516704109,0.2336121919174871,0.30649109348324177,0.2606773774915419,0.4463427028575711,0.5350038372486868,0.2426504434709049,0.4199185164316097
2021-01-11 01:30:00,0.1613762387226457,0.08022388499617852,0.6989172367468409,0.0824780097915381,-0.600270217724308,0.31000788524123374,0.269208826924297,0.4720219880443452,0.5347800020774952,0.2426504434709049,0.4199185164316097
2021-01-11 01:40:00,0.1613202614986491,0.08030891578576739,0.6975109452519723,0.0838978711937608,-1.538492297052052,0.3272799746882216,0.2436642835912275,0.4170331390856789,0.5343353780874827,0.2426504434709049,0.4199185164316097
2021-01-11 01:50:00,0.161390780222963,0.08054953670257707,0.6949562724993384,0.0844010736369992,0.9245708871700842,0.3339024684008086,0.2547989215716905,0.4379375715855281,0.5323312682550099,0.2426504434709049,0.4199185164316097
2021-01-11 02:00:00,0.1604635807056925,0.08081858641003145,0.6858600364293831,0.0861281957885449,-1.7303859082380413,0.35541755870246394,0.244784282926314,0.4177497965027657,0.5316730710822435,0.2426504434709049,0.4199185164316097
2021-01-11 02:10:00,0.1612604833277099,0.08121652960756509,0.6859021734012649,0.0863292155955015,-0.5929616178008246,0.3595792782049104,0.2094231965674219,0.3279354657157289,0.5321109027265585,0.2426504434709049,0.4199185164316097
2021-01-11 02:20:00,0.1611487379502218,0.0815896033471613,0.6806259328172672,0.0865020449327921,0.756872578968526,0.36343454685897936,0.2321882381447536,0.3801357218593998,0.5323876473107558,0.2426504434709049,0.4199185164316097
2021-01-11 02:30:00,0.1614285347089467,0.08199821744737315,0.6773650266030444,0.0869046015116472,0.8838912938065491,0.36891951517015065,0.2413868019059778,0.4036836619687451,0.5327189193859494,0.2426504434709049,0.4199185164316097
2021-01-11 02:40:00,0.1610770290336318,0.08233701251186747,0.6710619584302275,0.0877861501787164,-1.2428063686591884,0.38076936155972874,0.2404799852309323,0.3950105892208692,0.5334230286677308,0.2426504434709049,0.4199185164316097
2021-01-11 02:50:00,0.1610765475584334,0.08276679629409657,0.6658527326431418,0.0879051794484592,-0.4714674219316705,0.384041321531474,0.2725072954250585,0.4558601666496418,0.5332241841065586,0.2426504434709049,0.4199185164316097
2021-01-11 03:00:00,0.1608771216047264,0.0831252563771974,0.660292270529275,0.0879070010155641,-0.8744755422295469,0.38649072430778797,0.2793399257737743,0.4768603938491331,0.5345282925061265,0.2426504434709049,0.4199185164316097
2021-01-11 03:10:00,0.1606919560061537,0.08345615960567404,0.6551677562086782,0.0886817658726866,-1.190381106099636,0.39647421764205193,0.2874377696294214,0.4983276229597603,0.535409749851288,0.2426504434709049,0.4199185164316097
2021-01-11 03:20:00,0.1608899236921464,0.08379551779809974,0.6523409082155834,0.0889871887871439,-0.7695595888607798,0.4009558937372558,0.2669893618082677,0.4582023885592181,0.5337879543303169,0.2426504434709049,0.4199185164316097
2021-01-11 03:30:00,0.1585064365598081,0.08413334206977573,0.6333922558635658,0.0933774888924898,-2.8296544958443803,0.45112351636607473,0.2718395529330176,0.4654040338298144,0.5317497004956979,0.2426504434709049,0.4199185164316097
2021-01-11 03:40:00,0.1568580977891782,0.08484202026653598,0.6145506188263767,0.0961621614983234,2.3106734928630246,0.48217720552428145,0.2625127097182496,0.4467646208164564,0.5312266161168875,0.2426504434709049,0.4199185164316097
2021-01-11 03:50:00,0.1570359954655947,0.0857507325157961,0.6050304210835166,0.0962360549019,0.7282854295615593,0.4844777793293965,0.239535964221225,0.3887392577766941,0.5308817733250917,0.2426504434709049,0.4199185164316097
2021-01-11 04:00:00,0.1569396825131038,0.0865535258587307,0.5950985250974473,0.0964219621432265,0.7755654563970538,0.4871166513329649,0.2591983457218759,0.4306624821731641,0.531434139989647,0.2426504434709049,0.4199185164316097
2021-01-11 04:10:00,0.1570254215632144,0.08727940018951448,0.5872932437799483,0.0966022067026384,-0.5900779776911946,0.49012033145462436,0.2766045174576079,0.4744166060409709,0.5324894916776368,0.2426504434709049,0.4199185164316097
2021-01-11 04:20:00,0.1552813443971727,0.08800716440474984,0.5678203718587315,0.0992732410534391,-2.334017669791777,0.5183055787752241,0.253720174009874,0.4239600420549259,0.5332805974079289,0.2426504434709049,0.4199185164316097
2021-01-11 04:30:00,0.1550790870169983,0.08899872409474834,0.5553131919957117,0.0997690978859553,1.02284792840166,0.5249227046218359,0.2838312760764025,0.4839069695772656,0.5315635291711562,0.2426504434709049,0.4199185164316097
2021-01-11 04:40:00,0.1548028950307051,0.08993445715165324,0.543071511575411,0.1001387928203566,0.925247662091877,0.5310254867256423,0.2805992981923,0.4794026403805598,0.5316358130789898,0.2426504434709049,0.4199185164316097
2021-01-11 04:50:00,0.1557122159160128,0.09065717426773687,0.5409244572265548,0.1002372931636543,0.4486496975115273,0.5338858752756197,0.2726180094181732,0.4622079276322811,0.5321856471278528,0.2426504434709049,0.4199185164316097
2021-01-11 05:00:00,0.1554610417542559,0.09128970910037003,0.532357098860058,0.1005863359920584,0.9098935654078488,0.5390438163698632,0.2660296784625537,0.4500672542492598,0.5318835899703704,0.2426504434709049,0.4199185164316097
2021-01-11 05:10:00,0.1554193249222923,0.09185439703626874,0.5259221037614399,0.1007155634995996,-0.5217740829197126,0.5425026672868942,0.272943652631236,0.4655261437189531,0.5311607650877024,0.2426504434709049,0.4199185164316097
2021-01-11 05:20:00,0.1554743244784188,0.09237191479774197,0.5206576220523924,0.1007163733013892,-0.0727996629230176,0.5439697355351925,0.2727704932899502,0.465754489034109,0.5318162123411614,0.2426504434709049,0.4199185164316097
2021-01-11 05:30:00,0.1549067319093123,0.09273434537838401,0.5130843019302719,0.1017928339397191,-1.4976196944614273,0.5563792660145866,0.2551977502175038,0.4104877927262588,0.5329102266521443,0.2426504434709049,0.4199185164316097
2021-01-11 05:40:00,0.1546422368888605,0.09326718853901432,0.5056459308991088,0.1025767548509848,-1.3075488636385302,0.5655827979736919,0.2801647911161188,0.4652163728551271,0.5347679711639892,0.2426504434709049,0.4199185164316097
2021-01-11 05:50:00,0.1546053053760014,0.09380409224919432,0.49966696990558007,0.1027978204247014,0.7315657355421834,0.5687798249761772,0.2913788295279036,0.4951482923541881,0.536649999829583,0.2426504434709049,0.4199185164316097
2021-01-11 06:00:00,0.1533522176182063,0.09428585113959495,0.48640621416660973,0.1045360825892736,-1.97073306983242,0.5879398360353005,0.2673283281206962,0.4496619333116711,0.5365096073123212,0.2426504434709049,0.4199185164316097
2021-01-11 06:10:00,0.1527645643238412,0.09490188894242056,0.4760543309876329,0.1053938450990904,-1.3422724502204275,0.5979952727063205,0.2887924798239205,0.4888249069285663,0.5347888892202544,0.2426504434709049,0.4199185164316097
2021-01-11 06:20:00,0.1522107288057368,0.09549373916109714,0.4662052476243886,0.1067261213821515,1.681218685570407,0.6133339451001132,0.2813093885581164,0.4743478223710703,0.5353421605932533,0.2426504434709049,0.4199185164316097
2021-01-11 06:30:00,0.1516902088329242,0.09624684193380456,0.45492417975896804,0.1074541221865381,-1.2662034028968705,0.6223310783981166,0.2800742015004234,0.4777440436245551,0.5352221714331376,0.2426504434709049,0.4199185164316097
2021-01-11 06:40:00,0.1473074298366851,0.0969818292576526,0.4179981286493571,0.1132033957042642,-3.621525786314095,0.6766045425498887,0.2674829539183311,0.4529526643715658,0.5352729649783794,0.2426504434709049,0.4199185164316097
2021-01-11 06:50:00,0.1472427468997868,0.09813625679533566,0.4057256758150237,0.1133190480116285,0.5727005578012978,0.6788680132374487,0.2850812564269172,0.4919908117187004,0.5347051034520812,0.2426504434709049,0.4199185164316097
2021-01-11 07:00:00,0.1471201433863738,0.09916912417945363,0.39442283726542565,0.113848683494145,1.1083238703983866,0.6860406394941102,0.2646283049828192,0.4509774140001893,0.5346049098688843,0.2426504434709049,0.4199185164316097
2021-01-11 07:10:00,0.1472022894306441,0.10010286837319393,0.38560941838364804,0.1138499688716588,-0.1416681394552199,0.6887663388470193,0.24993391768182,0.4040038119332494,0.5328169963652754,0.2426504434709049,0.4199185164316097
2021-01-11 07:20:00,0.1463449364847263,0.10102386608571298,0.37060962706423967,0.1149514037045187,1.5874850802505946,0.7014375180685753,0.2633493904558041,0.4318957137061358,0.5323600893546713,0.2426504434709049,0.4199185164316097
2021-01-11 07:30:00,0.1458703767694469,0.10193952049753884,0.35833869587790235,0.1162065817492423,1.7163123254086088,0.7152367635522929,0.2610432744131766,0.4279493907202967,0.5334344162491738,0.2426504434709049,0.4199185164316097
2021-01-11 07:40:00,0.1458494536304683,0.10279717391765708,0.349817088631105,0.1163445331276905,-0.5925381104400884,0.7191008049427826,0.2508148293641088,0.410904655692516,0.5340083093411401,0.2426504434709049,0.4199185164316097
2021-01-11 07:50:00,0.1456846702963823,0.10362256149537251,0.34068941233459354,0.1165254682127531,0.7058291692924712,0.7235962793394874,0.2760093560366778,0.4608773777226184,0.5330321175022849,0.2426504434709049,0.4199185164316097
2021-01-11 08:00:00,0.1435068292283492,0.10430931109530608,0.3190219942400847,0.1194005128822131,2.681207109738004,0.7505680826746649,0.2848395843638555,0.4768018699746451,0.5333102375274823,0.2426504434709049,0.4199185164316097
2021-01-11 08:10:00,0.1436461931562366,0.10520599466393431,0.31143300206980423,0.1194157725295746,0.2070318899297873,0.7521854751106958,0.2933340916048016,0.4950130389721243,0.5329696703445311,0.2426504434709049,0.4199185164316097
2021-01-11 08:20:00,0.1438367742352917,0.10603645529021252,0.30489619159210923,0.1194364202531826,-0.3034423835174493,0.7535923711065836,0.2898694289457881,0.493235733542993,0.5331833729386343,0.2426504434709049,0.4199185164316097
2021-01-11 08:30:00,0.1438090448852776,0.10672898983036168,0.2981935262116082,0.1195259133539668,0.4761919143245308,0.7553869065594473,0.3055249565987049,0.5237680132262927,0.5324885479197896,0.2426504434709049,0.4199185164316097
2021-01-11 08:40:00,0.1445514636669171,0.10732169192447553,0.2978048034271345,0.1197333029401689,0.7392284313548103,0.7600512269477128,0.2904186839849216,0.4984034478529765,0.530750716534985,0.2426504434709049,0.4199185164316097
2021-01-11 08:50:00,0.1443730987715715,0.10787929300275265,0.29138796781007353,0.1199855158085072,-0.7777199207696484,0.7658722237512925,0.2680691782320066,0.435200648538483,0.5292948745443714,0.2426504434709049,0.4199185164316097
2021-01-11 09:00:00,0.1438564150157717,0.10837668707857141,0.28320268215198247,0.1206039868669488,-1.2222271741871182,0.773430280522335,0.2790416672885398,0.4571083551635637,0.5289973690050914,0.2426504434709049,0.4199185164316097
2021-01-11 09:10:00,0.1434680840395859,0.10887948100569307,0.2758710079202563,0.1210435771563431,1.0850601425319797,0.7812258288284366,0.2816605192330662,0.4715516629138134,0.5296207679855849,0.2426504434709049,0.4199185164316097
2021-01-11 09:20:00,0.1433936225142561,0.10935782473631911,0.27096815241036887,0.12113936154267,0.4926703320608183,0.785360949857864,0.2666571753003066,0.443254721740663,0.5306424657659783,0.2426504434709049,0.4199185164316097
2021-01-11 09:30:00,0.1432264907480946,0.10979710511470497,0.2657930650230974,0.1214568273874559,-0.8802086529584585,0.7911122736499784,0.3020306946202042,0.5170240332374015,0.530113675720127,0.2426504434709049,0.4199185164316097
2021-01-11 09:40:00,0.1432159985238803,0.11020937749201974,0.2619719815143235,0.1214598822060357,0.1888490164722256,0.7942072092704562,0.2879100150500523,0.4867443314365854,0.5305917244638223,0.2426504434709049,0.4199185164316097
2021-01-11 09:50:00,0.1426336539966611,0.11053067264655704,0.254986419966261,0.1221249563738684,1.302637546693575,0.8018389223365611,0.2899517449073047,0.4955329272399847,0.5287849590266491,0.2426504434709049,0.4199185164316097
2021-01-11 10:00:00,0.1424682276406859,0.11091072321243034,0.2503934286137861,0.1227018279320929,1.1919186229633283,0.8084232868824031,0.2739863135505351,0.4650127866053885,0.5284500957591753,0.2426504434709049,0.4199185164316097
2021-01-11 10:10:00,0.1424791675463037,0.11132127795177466,0.2467753797886009,0.1228354180959219,-0.7028650451875507,0.8115359635790397,0.2744184022962896,0.4586750363736045,0.5279585679262486,0.2426504434709049,0.4199185164316097
2021-01-11 10:20:00,0.1428583325060053,0.11169937885618386,0.24604231219648223,0.1228392881736107,-0.7127953131361053,0.8131770293959945,0.2725243100824636,0.4587849686808738,0.5280378033097233,0.2426504434709049,0.4199185164316097
2021-01-11 10:30:00,0.1427855575513439,0.11201062745140047,0.24275015244265183,0.122940903690024,-0.5006634643786256,0.8160554089022011,0.2546016929028073,0.4071640258870938,0.5277173989596801,0.2426504434709049,0.4199185164316097
2021-01-11 10:40:00,0.1427684427776533,0.1122947611648166,0.2400968262334061,0.1229733098701972,-0.3531392911792608,0.8180765280762224,0.2780597303540909,0.4515349866994637,0.5282303620865824,0.2426504434709049,0.4199185164316097
2021-01-11 10:50:00,0.1427725864402781,0.11254604125819498,0.23789066621918967,0.122972653896757,-0.0558938274751952,0.8200599818642248,0.2882892110562878,0.4729428205221239,0.5296190425274956,0.2426504434709049,0.4199185164316097
2021-01-11 11:00:00,0.1432245774520271,0.11276672940340039,0.23909252659182542,0.1229561745513461,-0.5588450566923697,0.8217843144012619,0.2840713535748412,0.4670739238647988,0.5318036265951154,0.2426504434709049,0.4199185164316097
2021-01-11 11:10:00,0.1426022549531518,0.11292250964427858,0.2333574928766591,0.1237089815339795,-1.3851173033177844,0.828860948393196,0.3160679263220695,0.5325617340734025,0.5321153037565094,0.2426504434709049,0.4199185164316097
2021-01-11 11:20:00,0.1426049412387485,0.11316301475365846,0.23124877083107284,0.122036147618381,-0.2285191237122674,0.8170739095049672,0.3072605974039641,0.5207424002689296,0.5317005497965874,0.2426504434709049,0.4199185164316097
2021-01-11 11:30:00,0.1421697103781281,0.11321511980923636,0.2277317634245499,0.1225422845203007,1.1772503561420675,0.8187668591928603,0.3029255606730202,0.5158057748722412,0.5301550078426928,0.2426504434709049,0.4199185164316097
2021-01-11 11:40:00,0.1418046965718518,0.11329675180760783,0.22444023597878554,0.1229670539992192,-1.0252114187419892,0.8191061334928117,0.287721630455747,0.4842100250162761,0.5296236533320244,0.2426504434709049,0.4199185164316097
2021-01-11 11:50:00,0.1411473790360874,0.11341737333837147,0.2187300022832435,0.123494039137573,-1.3637975449068307,0.8242248948905957,0.2965176760516797,0.5021321277731334,0.5280360468852923,0.2426504434709049,0.4199185164316097
2021-01-11 12:00:00,0.1410750901887609,0.11358144848974544,0.21677211574831776,0.1236513994687448,-0.6528238674048836,0.8266893175604881,0.2880348329052141,0.4892341578057683,0.5279737991264768,0.2426504434709049,0.4199185164316097
2021-01-11 12:10:00,0.1410788841680541,0.1137340882709148,0.2154560314084698,0.1230571892241388,-0.3794399898998435,0.8225537151447518,0.270042859735677,0.4342570952184661,0.5278538354647498,0.2426504434709049,0.4199185164316097
2021-01-11 12:20:00,0.1379091962288582,0.11377729418235592,0.1923524923358655,0.1266285674030194,2.9866710502506777,0.84770204815892,0.2854053782760657,0.4685465893614755,0.5285568627028268,0.2426504434709049,0.4199185164316097
2021-01-11 12:30:00,0.138035581850184,0.1142417272207663,0.1891948737100253,0.1265933048150138,-0.0494189698061475,0.8454908257128018,0.2958596937776283,0.4924252231025742,0.5280983711467877,0.2426504434709049,0.4199185164316097
2021-01-11 12:40:00,0.1381253157705934,0.11462030080507411,0.1865364249030778,0.1266232414941176,-0.3335854709920482,0.8439785731147451,0.2799004330799013,0.4599905401207865,0.5287125341226788,0.2426504434709049,0.4199185164316097
2021-01-11 12:50:00,0.13750914729674,0.11495304062071889,0.17916673814811016,0.1272983964612509,-1.3238038564981736,0.8472608498551328,0.2986245186001058,0.4926908792536286,0.5280343316767735,0.2426504434709049,0.4199185164316097
2021-01-11 13:00:00,0.1378740165822156,0.11533049089572975,0.17853850419847847,0.1271960438946379,0.0261455246224784,0.8454827272469244,0.3014320535490988,0.5020762266406685,0.5281273026361153,0.2426504434709049,0.4199185164316097
2021-01-11 13:10:00,0.1369822526632994,0.11566401918606946,0.16916177269755175,0.1286571087500594,-1.9881307350123836,0.8550495211960735,0.3006337659820295,0.5060262309845449,0.5276108692462049,0.2426504434709049,0.4199185164316097
2021-01-11 13:20:00,0.1372321850883598,0.11616598377221178,0.1666542100328522,0.1288290226822351,-0.6659454971298828,0.8552415309852136,0.2977931399374594,0.4967277571869154,0.5279673280482402,0.2426504434709049,0.4199185164316097
2021-01-11 13:30:00,0.1373835669264917,0.11655649628135399,0.1644006703134869,0.1290963960327409,-0.8693091883277049,0.8555012537614496,0.3069591361949702,0.5127682210853017,0.5277624436368933,0.2426504434709049,0.4199185164316097
2021-01-11 13:40:00,0.1366798617590216,0.11694040296597649,0.1559769871635293,0.1305005573539365,1.9104453319412684,0.8661911142288413,0.3059944107018955,0.5156688590991547,0.5292309727069903,0.2426504434709049,0.4199185164316097
2021-01-11 13:50:00,0.1344812276743016,0.11742382883188171,0.13563475999729102,0.1333739983521735,-2.7545527306271467,0.8883031900258537,0.2981436423252484,0.4848275627826212,0.5307597542285667,0.2426504434709049,0.4199185164316097
2021-01-11 14:00:00,0.1329709108995176,0.11812155649551907,0.1184161552305974,0.1361307449107749,-2.7463967910195564,0.9081600660839654,0.3031177161329206,0.4971251249270453,0.530467798129314,0.2426504434709049,0.4199185164316097
2021-01-11 14:10:00,0.1317284233372859,0.11902448337928744,0.10141318964127992,0.1374405660465602,1.951155646691305,0.9181907029442511,0.3066443540902278,0.5062131021932363,0.5305896559263383,0.2426504434709049,0.4199185164316097
2021-01-11 14:20:00,0.1326800607734181,0.1201804033673225,0.09894669686383954,0.1381520041908563,1.5652068504708794,0.9243350718833471,0.2866486220200583,0.464516339151094,0.5314785259125512,0.2426504434709049,0.4199185164316097
2021-01-11 14:30:00,0.1326851844856612,0.12103731246083725,0.0918804229197313,0.1380673486895651,-0.2553105344146544,0.9235053039661592,0.3063484652842288,0.5056500245290725,0.5306529790720516,0.2426504434709049,0.4199185164316097
2021-01-11 14:40:00,0.1309666555116941,0.12178109444541416,0.07271762751187828,0.1396980968395432,2.1358552960908384,0.9343190650746538,0.3065298733142837,0.5089549699206153,0.5319111067637989,0.2426504434709049,0.4199185164316097
2021-01-11 14:50:00,0.1307340874273858,0.1227549744903406,0.06297510202944537,0.140219196662711,-1.2095382145293598,0.9379534520314318,0.308179239716872,0.5144220219527098,0.5318670037299009,0.2426504434709049,0.4199185164316097
2021-01-11 15:00:00,0.1309670286113246,0.12354224829535666,0.05836241250355455,0.1402828465896847,-0.8221781556789765,0.9385259003873208,0.2944032824608738,0.4877366408796504,0.5324906663785554,0.2426504434709049,0.4199185164316097
2021-01-11 15:10:00,0.1310027281684002,0.12422807547260992,0.05309895423935953,0.1398993165903775,-0.0603207611744593,0.9341399713375421,0.3054670481085709,0.5100984944747019,0.529753531115116,0.2426504434709049,0.4199185164316097
2021-01-11 15:20:00,0.1306586284534016,0.12473585484544555,0.046389692101594444,0.1402319244060357,-1.0484356635670269,0.9349835657068278,0.2953966383107793,0.4911483251708977,0.5290555962995696,0.2426504434709049,0.4199185164316097
2021-01-11 15:30:00,0.1306632591683391,0.12527006526696605,0.04215154412268718,0.1404584610885966,-0.8020308984848512,0.9355546407452274,0.2737329888279871,0.43319335587852,0.5295558410389836,0.2426504434709049,0.4199185164316097
2021-01-11 15:40:00,0.1280183503858203,0.12566276461765574,0.01857176852350302,0.1433182281188924,-2.874045019089344,0.9543131382200114,0.2901349575259161,0.470573515914144,0.5302527919884215,0.2426504434709049,0.4199185164316097
2021-01-11 15:50:00,0.1283983472878142,0.1265184087428552,0.014749698343820396,0.1433001447532574,0.3568833180795039,0.9528479182153817,0.2975556049213591,0.4906937728937724,0.5307389473363712,0.2426504434709049,0.4199185164316097
2021-01-11 16:00:00,0.1289621884250533,0.12712996632123055,0.014309328365573467,0.1440761301262501,-1.5657470941285112,0.9569975315309373,0.2916803759168235,0.476587748079505,0.5319612299377444,0.2426504434709049,0.4199185164316097
2021-01-11 16:10:00,0.1289817690492372,0.1278027780090822,0.009182790307159986,0.1441255544616569,-0.3804540290872182,0.9561258119375122,0.3175076356963247,0.5236599694782229,0.5315523882138441,0.2426504434709049,0.4199185164316097
2021-01-11 16:20:00,0.1289008384682581,0.12833898612620262,0.004368322334156971,0.1442122148512372,0.5566392279575894,0.955625503407952,0.3245023076453489,0.5394272037710324,0.5333554091824957,0.2426504434709049,0.4199185164316097
2021-01-11 16:30:00,0.1280461425843167,0.1288297867882759,-0.006101362917948176,0.144985417995648,-1.5161741752640625,0.9607949517146755,0.3314743974649228,0.5574704752669104,0.5336044885952129,0.2426504434709049,0.4199185164316097
2021-01-11 16:40:00,0.1280134578942096,0.1293141402651728,-0.010109241739913613,0.1450343197184212,0.3933586205294048,0.9608645061673864,0.3113036227151355,0.5193562601626048,0.5322652788775875,0.2426504434709049,0.4199185164316097
2021-01-11 16:50:00,0.124556203110361,0.1297644647552409,-0.04096395292240069,0.1485216405317554,3.200360955129433,0.9848206542464001,0.3136895731907116,0.524058158855667,0.5300899875418313,0.2426504434709049,0.4199185164316097
2021-01-11 17:00:00,0.1241780682716079,0.1306463428787536,-0.05077742988958092,0.1487369750914372,-1.1069062917048456,0.9867106122628722,0.3019397953481393,0.4998467385045387,0.5293158016452575,0.2426504434709049,0.4199185164316097
2021-01-11 17:10:00,0.1210197789837548,0.13135969430855785,-0.08198532366027704,0.1514545068200991,2.882931500898067,1.0052134648424083,0.2822782375676018,0.4517744675082845,0.52919903952185,0.2426504434709049,0.4199185164316097
2021-01-11 17:20:00,0.1210487093385342,0.13224771079276007,-0.08848373978360174,0.1507984007863686,0.8060063832322939,1.0010845867006604,0.2938285869719194,0.4794647009012577,0.5301157673554378,0.2426504434709049,0.4199185164316097
2021-01-11 17:30:00,0.1187128966893762,0.13294470461218366,-0.11322534181531067,0.1510260416375617,2.382777190662466,0.9988688796277736,0.3020913189090604,0.4977583880019792,0.5303586151125634,0.2426504434709049,0.4199185164316097
2021-01-11 17:40:00,0.116967015420999,0.13360095627917248,-0.1329654432828173,0.1502975112457458,-2.098481983421685,0.9825545451181391,0.2855005335786794,0.4673962217165077,0.5310874308481432,0.2426504434709049,0.4199185164316097
2021-01-11 17:50:00,0.1169701843326032,0.13376204898357547,-0.13414340001935185,0.1501784522339235,0.3067703016986556,0.95042569922944,0.3160785856498441,0.5240491567208772,0.5282798638271118,0.2426504434709049,0.4199185164316097
2021-01-11 18:00:00,0.1166484967021411,0.13395749088434528,-0.13835740628260965,0.150421095171041,-0.9053990496344256,0.9275682667176999,0.3184457381516449,0.5271653722936176,0.5283390624375004,0.2426504434709049,0.4199185164316097
2021-01-11 18:10:00,0.11697790077675,0.1343402106317786,-0.1383904330309212,0.1503733612445734,0.6007347908598248,0.9147114990948088,0.3181520289539139,0.528051691197808,0.5282584108144771,0.2426504434709049,0.4199185164316097
2021-01-11 18:20:00,0.1167648866733001,0.13466863374946342,-0.14265479883738577,0.1503728583715697,0.8310403645015896,0.9025235755901383,0.3110770156433496,0.5134732075055289,0.5283239397088213,0.2426504434709049,0.4199185164316097
2021-01-11 18:30:00,0.1169449728306577,0.1349598095232463,-0.14327352040260416,0.1502396196251457,-0.0109884105677693,0.8908571503589081,0.3190884945973537,0.5316718980427508,0.5272726183326288,0.2426504434709049,0.4199185164316097
2021-01-11 18:40:00,0.1169628984772844,0.13519313897069785,-0.14484763758609362,0.1498644582785675,0.4032365249301506,0.8784178653091028,0.3186992042810477,0.5282302473756167,0.5270945344347087,0.2426504434709049,0.4199185164316097
2021-01-11 18:50:00,0.1156257736663621,0.1353245395620999,-0.15731700323850809,0.1507829075764278,-1.789055309259879,0.8737608819755311,0.3059599798840901,0.4882854606759719,0.5282851873729691,0.2426504434709049,0.4199185164316097
2021-01-11 19:00:00,0.1158378696761488,0.13556205205565858,-0.15723794600178873,0.1506242972810723,-0.5356515384345784,0.8637066065724093,0.3267766311953384,0.5322615984394283,0.530355768779678,0.2426504434709049,0.4199185164316097
2021-01-11 19:10:00,0.113844746546197,0.13576689783955723,-0.17610378090512904,0.1521713722788358,-2.164514558111641,0.8652178514622105,0.3386006964871201,0.5626437930198113,0.5322865622463093,0.2426504434709049,0.4199185164316097
2021-01-11 19:20:00,0.113697418692062,0.13610425999478248,-0.17988051194107296,0.1523505007656022,-0.9299035776734854,0.8592554962861649,0.3172304516217127,0.5223558185441934,0.5321533935205061,0.2426504434709049,0.4199185164316097
2021-01-11 19:30:00,0.1130043912179058,0.13643782857189402,-0.1884423642372848,0.1527738970091218,1.3375172419333836,0.8562797850410021,0.3387385610835356,0.5615739225618493,0.5301425523273582,0.2426504434709049,0.4199185164316097
2021-01-11 19:40:00,0.1117341740925312,0.13675607787980595,-0.20207628089896992,0.1536709230721867,1.7685344647709655,0.8559257653156845,0.3375474681740235,0.5545413296436059,0.5304136999727211,0.2426504434709049,0.4199185164316097
2021-01-11 19:50:00,0.111684329087821,0.13716641007233896,-0.2055184591867653,0.1535456708480154,-0.3896114044270149,0.850345038930073,0.3360997522492198,0.5556255189032749,0.529197989777066,0.2426504434709049,0.4199185164316097
2021-01-11 20:00:00,0.1093956543010075,0.1374890129413269,-0.22857284185934706,0.1553589497281154,-2.549599685377757,0.856740286451214,0.3225719670711137,0.5324179787478779,0.5289676007447315,0.2426504434709049,0.4199185164316097
2021-01-11 20:10:00,0.1082064970145352,0.13795586164651244,-0.24289237990053486,0.1562167059848085,1.698146286100943,0.8571324661752671,0.3270324831670949,0.5413352264665837,0.5276720875944996,0.2426504434709049,0.4199185164316097
2021-01-11 20:20:00,0.1080991902615424,0.13857713291509,-0.248377852986897,0.1541670688268224,-0.61969184985049,0.8395221255021892,0.3129936149375032,0.5170101134608951,0.5278727563680987,0.2426504434709049,0.4199185164316097
2021-01-11 20:30:00,0.1087026591151061,0.1387850701672512,-0.24431022194238933,0.1536464713150678,-0.2250520503292108,0.8254517519520105,0.3039178426633742,0.4892405542389501,0.5269840696471229,0.2426504434709049,0.4199185164316097
2021-01-11 20:40:00,0.1024082537265575,0.13880585887074454,-0.30410894591058696,0.1566397284775848,3.745855870685944,0.8299117487434821,0.3155771697499508,0.5160663575093758,0.5274162802204665,0.2426504434709049,0.4199185164316097
2021-01-11 20:50:00,0.101176706255563,0.1392849630259524,-0.3196533732494897,0.1570304209673831,1.638163823419525,0.8189615248313958,0.322567365082613,0.5302967969153772,0.5279307412862044,0.2426504434709049,0.4199185164316097
2021-01-11 21:00:00,0.1011694045239949,0.13967688220586236,-0.3225353865592738,0.1566599837481915,-0.1236179032325424,0.8033418387348643,0.3123398630977106,0.5087034100503307,0.5286212395968547,0.2426504434709049,0.4199185164316097
2021-01-11 21:10:00,0.0997600194357504,0.13998786331821406,-0.3387882320704269,0.1572000378370046,1.6836297758512586,0.7948489155891543,0.3318533327003962,0.5443553338568612,0.527218731495402,0.2426504434709049,0.4199185164316097
2021-01-11 21:20:00,0.0990671540256492,0.14029482570012985,-0.3479481625040536,0.1576617166483276,1.2846335104752526,0.7847596841709494,0.3380515606656113,0.5535252687258346,0.5281820599418166,0.2426504434709049,0.4199185164316097
2021-01-11 21:30:00,0.0991341514526125,0.14065451976939755,-0.3498326712488441,0.1571748085697114,-0.1610347226009167,0.7721256851626728,0.3407697393635236,0.5573483480517555,0.5284828073869288,0.2426504434709049,0.4199185164316097
2021-01-11 21:40:00,0.0999616926535125,0.1409014339733622,-0.34327355696276096,0.1574403669586426,-1.162228963519496,0.7640835834878582,0.3333912758604563,0.5455856767644849,0.5303366047723708,0.2426504434709049,0.4199185164316097
2021-01-11 21:50:00,0.1000486398266265,0.14116189061526582,-0.34425092613701336,0.1572629973420367,-0.0392628414017437,0.7539645375102967,0.3453541009169648,0.5713870923565425,0.5305604792480967,0.2426504434709049,0.4199185164316097
2021-01-11 22:00:00,0.1000561578085901,0.14128072765066751,-0.34501728080961436,0.1570156377084578,0.3789259035018588,0.7444769470979347,0.3287271200287335,0.5421550735138299,0.5294265561637326,0.2426504434709049,0.4199185164316097
2021-01-11 22:10:00,0.0984409501376648,0.14140952782293634,-0.362203255826648,0.1576939499702068,1.8374574987523928,0.7411170404576232,0.3129926784807555,0.5002950583512431,0.5286767615255605,0.2426504434709049,0.4199185164316097
2021-01-11 22:20:00,0.0987936704136535,0.14161664440351596,-0.36009018151183053,0.1577144706796949,-0.3114451306421628,0.7341435324536025,0.3215556006511246,0.5172793508175912,0.5291182306675368,0.2426504434709049,0.4199185164316097
2021-01-11 22:30:00,0.0989333900868524,0.14183518045438945,-0.3602188861615829,0.1577064964429129,0.0660412154063649,0.7285429487581097,0.3249691652498909,0.528525527631913,0.5295412238282897,0.2426504434709049,0.4199185164316097
2021-01-11 22:40:00,0.0986156413119094,0.14199220576844482,-0.3645422841176206,0.158057676322929,-1.1997284177471812,0.7253796652808691,0.3112965260683084,0.5031448551207626,0.5310943154079248,0.2426504434709049,0.4199185164316097
2021-01-11 22:50:00,0.0986703645690638,0.1421353012380112,-0.3649947858767188,0.1581030246881293,0.4021310997462279,0.720629881202239,0.3332738842028512,0.5415177912780154,0.5305517812527067,0.2426504434709049,0.4199185164316097
2021-01-11 23:00:00,0.0991183567842149,0.1422944474496876,-0.3615838251653747,0.1583534359359133,0.9130429950454656,0.7180447630580008,0.3292563630801043,0.5363073722800916,0.531989713828528,0.2426504434709049,0.4199185164316097
2021-01-11 23:10:00,0.0985607216980094,0.14252301071958176,-0.3688306432249391,0.1591592612230274,1.6023145731127286,0.7209065968754708,0.3352280668159137,0.5505525952078185,0.5306569026328154,0.2426504434709049,0.4199185164316097
2021-01-11 23:20:00,0.0986778155958836,0.14273755697324053,-0.3691475229980361,0.1592547544953539,-0.5589934164149213,0.7180696781341609,0.3224051974486205,0.5256910444342604,0.5307043275208345,0.2426504434709049,0.4199185164316097
2021-01-11 23:30:00,0.0985108648294581,0.14290053958446167,-0.37198201595486635,0.1593601103936568,-0.6000165839031624,0.715909680962696,0.3280199882714188,0.5351470748301326,0.5300252504117431,0.2426504434709049,0.4199185164316097
2021-01-11 23:40:00,0.0971248755805809,0.14307133277148917,-0.3873458087917815,0.1604295833120727,1.8678987317438,0.7201248116730958,0.3229682473744396,0.5273253270730481,0.5301018297743348,0.2426504434709049,0.4199185164316097
2021-01-11 23:50:00,0.0972779313300929,0.14335338656532318,-0.3877406636215391,0.1602913252206218,-0.3237200058768152,0.7170856508946748,0.3077144475222745,0.490324700634694,0.531018826570598,0.2426504434709049,0.4199185164316097
2021-01-12 00:00:00,0.0970784935917452,0.14379034875295543,-0.392836463715644,0.1601046737134459,-1.004449922396233,0.7135277577040008,0.3272790839252963,0.527402229074976,0.533001941609105,0.2909510239880306,0.4834318487916366
2021-01-12 00:10:00,0.096265311504747,0.14414571195189269,-0.40371663543196756,0.1606738876987559,-1.3544043572682796,0.7146651464966559,0.3375490496765401,0.5461203101075498,0.5345302556299445,0.2909510239880306,0.4834318487916366
2021-01-12 00:20:00,0.0974900330092211,0.14452502461307196,-0.393702526039775,0.1606507235567137,0.0471218803122397,0.7123675571976157,0.3340492405173246,0.5371735669138007,0.5367407342131001,0.2909510239880306,0.4834318487916366
2021-01-12 00:30:00,0.0972407766142583,0.1448589914843379,-0.3985706607525841,0.1608879494018606,0.8932709174308329,0.7121598764128144,0.359730914207767,0.5873934633519471,0.5367069981480485,0.2909510239880306,0.4834318487916366
2021-01-12 00:40:00,0.097066179022117,0.14520107400836899,-0.4027264952839983,0.1601590157405368,0.6019415215973822,0.7060416780528774,0.3501932878268842,0.5706392869653316,0.5357685323381713,0.2909510239880306,0.4834318487916366
2021-01-12 00:50:00,0.0974147800641548,0.1453880847236009,-0.4004286683108632,0.1600211533484388,-0.4580738206950485,0.7006726673164833,0.346724521928979,0.5655463062182888,0.5339211089998752,0.2909510239880306,0.4834318487916366
2021-01-12 01:00:00,0.0971131277352346,0.14555313590694322,-0.40466465092471654,0.1604054018692988,1.2491728957609638,0.6995133628016151,0.3297557284860636,0.5309689694246926,0.5334895912191939,0.2909510239880306,0.4834318487916366
2021-01-12 01:10:00,0.0971165350417548,0.14574216275756344,-0.4059274023747791,0.1603445894797958,0.0454705803299759,0.695739636582672,0.3328612068375004,0.5400886969160595,0.5321726287179472,0.2909510239880306,0.4834318487916366
2021-01-12 01:20:00,0.0967926709034738,0.14589696993148824,-0.41032940958541714,0.1607683427337362,-1.1896643036129362,0.6965000540341452,0.3235702737582143,0.5303142312252835,0.5327973495390422,0.2909510239880306,0.4834318487916366
2021-01-12 01:30:00,0.0962966360525198,0.14608372337957806,-0.41674651891857806,0.1613762387226457,-1.5227042797107515,0.6989172367468409,0.3118265413254799,0.4968153479071522,0.5330533876209218,0.2909510239880306,0.4834318487916366
2021-01-12 01:40:00,0.095188904631784,0.1463085836085518,-0.4298545905673404,0.1613202614986491,-1.4786216572641564,0.6975109452519723,0.3203462669026323,0.516127665721277,0.5343319619151433,0.2909510239880306,0.4834318487916366
2021-01-12 01:50:00,0.0946313809248345,0.1465174111186553,-0.4371551253216581,0.161390780222963,1.0403860030029577,0.6949562724993384,0.3329354553881818,0.541568729828416,0.532881564100907,0.2909510239880306,0.4834318487916366
2021-01-12 02:00:00,0.0948805083293254,0.14669260729313885,-0.4357209976751121,0.1604635807056925,0.1000165515513629,0.6858600364293831,0.3199598555942534,0.5139165562637011,0.5332111758859751,0.2909510239880306,0.4834318487916366
2021-01-12 02:10:00,0.0933320060926349,0.14676269103661044,-0.4526538416633289,0.1612604833277099,-1.7074633179451126,0.6859021734012649,0.3380406333044453,0.5434233204423321,0.5323477323736665,0.2909510239880306,0.4834318487916366
2021-01-12 02:20:00,0.0947884836779964,0.14691459511840954,-0.4382035106604114,0.1611487379502218,0.4610625764698284,0.6806259328172672,0.3376517836954464,0.543836879851436,0.5328508991855834,0.2909510239880306,0.4834318487916366
2021-01-12 02:30:00,0.0940231396728432,0.1469828885091424,-0.44677525659515205,0.1614285347089467,1.2976226618514275,0.6773650266030444,0.3361640211922115,0.544940804219368,0.532117712160788,0.2909510239880306,0.4834318487916366
2021-01-12 02:40:00,0.0940354637181742,0.1471159821247931,-0.4475492850149551,0.1610770290336318,0.6410478220994165,0.6710619584302275,0.3300130688491888,0.53133896859575,0.5326288199063356,0.2909510239880306,0.4834318487916366
2021-01-12 02:50:00,0.0940845831864808,0.14717949935118455,-0.4474587270772139,0.1610765475584334,-0.4698195827879559,0.6658527326431418,0.3409728280652866,0.5478694740566352,0.5316002476347421,0.2909510239880306,0.4834318487916366
2021-01-12 03:00:00,0.0983971119247799,0.14722150203151663,-0.4029268159411918,0.1608771216047264,-0.3502117912553615,0.660292270529275,0.3404295400903208,0.5500025742601103,0.5320407557772364,0.2909510239880306,0.4834318487916366
2021-01-12 03:10:00,0.0979802135956985,0.1472508919669678,-0.40737232381308686,0.1606919560061537,0.9064060185016488,0.6551677562086782,0.3313449895644104,0.524674793745014,0.5328788949667052,0.2909510239880306,0.4834318487916366
2021-01-12 03:20:00,0.0974001490774676,0.1472707607484109,-0.41344506117921836,0.1608899236921464,1.1085351445119684,0.6523409082155834,0.3352532870208592,0.5354730796246481,0.5323357334260465,0.2909510239880306,0.4834318487916366
2021-01-12 03:30:00,0.0972082880901669,0.14732252279047742,-0.41576823974366167,0.1585064365598081,-0.6278323168571021,0.6333922558635658,0.3388130832930262,0.5438441861236268,0.5316964146253857,0.2909510239880306,0.4834318487916366
2021-01-12 03:40:00,0.0971914982080924,0.14713724733958544,-0.4146825659189942,0.1568580977891782,-0.3754145736769132,0.6145506188263767,0.3218103185756473,0.5073383207646448,0.5320809246840257,0.2909510239880306,0.4834318487916366
2021-01-12 03:50:00,0.0966470455988034,0.14680926902401129,-0.41806861753190194,0.1570359954655947,1.04346057195297,0.6050304210835166,0.3360595094578992,0.5360329064555804,0.5309590333598702,0.2909510239880306,0.4834318487916366
2021-01-12 04:00:00,0.0969370703471054,0.1465354031366731,-0.41320505023832105,0.1569396825131038,0.5469026710409608,0.5950985250974473,0.3323410922659992,0.5328763774551531,0.5315740336612318,0.2909510239880306,0.4834318487916366
2021-01-12 04:10:00,0.096641024174358,0.14629473967833306,-0.4146200196997724,0.1570254215632144,-0.7857370537717401,0.5872932437799483,0.3331164853954136,0.5381082587301584,0.5316091028227243,0.2909510239880306,0.4834318487916366
2021-01-12 04:20:00,0.0969676492061761,0.14603537258990582,-0.40947146083976205,0.1552813443971727,0.027703605938889,0.5678203718587315,0.3164367710423156,0.5088460214874809,0.5328458041958082,0.2909510239880306,0.4834318487916366
2021-01-12 04:30:00,0.0971537263477211,0.1455917621465744,-0.4045120237689698,0.1550790870169983,-0.6469088088433494,0.5553131919957117,0.3264922276084651,0.5304503315706124,0.530598112711957,0.2909510239880306,0.4834318487916366
2021-01-12 04:40:00,0.0973774300900917,0.14516977806836753,-0.39930948082621404,0.1548028950307051,0.0146299290593177,0.543071511575411,0.316643437752072,0.5143334598571672,0.5306094664678267,0.2909510239880306,0.4834318487916366
2021-01-12 04:50:00,0.0958120512179542,0.14486345020226524,-0.4134031033184065,0.1557122159160128,1.739213991132793,0.5409244572265548,0.2987481578663351,0.4672024860336766,0.5314663769018775,0.2909510239880306,0.4834318487916366
2021-01-12 05:00:00,0.0959255602832045,0.14468336325351558,-0.4109751760048977,0.1554610417542559,0.2152196059975963,0.532357098860058,0.3119382022588525,0.4940456679082594,0.5324702677112847,0.2909510239880306,0.4834318487916366
2021-01-12 05:10:00,0.0958662692387349,0.14452146903878355,-0.4104738796411495,0.1554193249222923,-0.377569534566291,0.5259221037614399,0.3149651703024975,0.5053417419753402,0.5328791641816665,0.2909510239880306,0.4834318487916366
2021-01-12 05:20:00,0.096111486403132,0.14436195462243875,-0.4068148852395589,0.1554743244784188,-0.4198689296881497,0.5206576220523924,0.3007370159328371,0.4727517466055629,0.5339897600951593,0.2909510239880306,0.4834318487916366
2021-01-12 05:30:00,0.0959542338328292,0.1442772202754791,-0.4078652427817555,0.1549067319093123,0.6936605346043123,0.5130843019302719,0.3223403934682136,0.5112108428448728,0.5340374201546536,0.2909510239880306,0.4834318487916366
2021-01-12 05:40:00,0.0958460159441969,0.144083597751665,-0.407650767969633,0.1546422368888605,0.9438974639607522,0.5056459308991088,0.3290072671287538,0.524718481703467,0.5358249663070069,0.2909510239880306,0.4834318487916366
2021-01-12 05:50:00,0.0964281184141259,0.14389912295320598,-0.4003146751608899,0.1546053053760014,0.6488286596484372,0.49966696990558007,0.3351444065045952,0.5439844823053459,0.5366878292180375,0.2909510239880306,0.4834318487916366
2021-01-12 06:00:00,0.0965872784572521,0.14374213629673407,-0.39757393460134016,0.1533522176182063,-0.1575144840378683,0.48640621416660973,0.3138133884934728,0.5077799063291192,0.535985009578233,0.2909510239880306,0.4834318487916366
2021-01-12 06:10:00,0.0967781862176926,0.14346683853852257,-0.3936822982734547,0.1527645643238412,-0.0528202322405135,0.4760543309876329,0.3164272435023902,0.5145082329128353,0.5334812302820845,0.2909510239880306,0.4834318487916366
2021-01-12 06:20:00,0.0962386486239308,0.14319863040813466,-0.3974016604536966,0.1522107288057368,1.0665058714870668,0.4662052476243886,0.3000522638061236,0.4824958777471547,0.5323214998474685,0.2909510239880306,0.4834318487916366
2021-01-12 06:30:00,0.0962764556323634,0.1428356940243033,-0.39447117771188367,0.1516902088329242,-0.1463078245805604,0.45492417975896804,0.2772694795696369,0.4282004824740655,0.5314853526827521,0.2909510239880306,0.4834318487916366
2021-01-12 06:40:00,0.0972031065550671,0.14247598714624857,-0.38237080285594605,0.1473074298366851,-0.1050871736966385,0.4179981286493571,0.2855029824317102,0.4488608927856519,0.5319845304840123,0.2909510239880306,0.4834318487916366
2021-01-12 06:50:00,0.0977946416285841,0.14176252365103714,-0.3712835025110597,0.1472427468997868,-0.370758983645203,0.4057256758150237,0.2901307048188736,0.460957311083582,0.5321423316891207,0.2909510239880306,0.4834318487916366
2021-01-12 07:00:00,0.0973667159443153,0.14112717598410562,-0.3711770143638118,0.1471201433863738,-0.9313874360437068,0.39442283726542565,0.2641190911995976,0.4109731546012239,0.5332364244892267,0.2909510239880306,0.4834318487916366
2021-01-12 07:10:00,0.0972477315507194,0.14058680349085706,-0.36856346017293373,0.1472022894306441,0.5117070428438453,0.38560941838364804,0.2892313008349713,0.4596921917433975,0.5307332930002499,0.2909510239880306,0.4834318487916366
2021-01-12 07:20:00,0.0994787341553364,0.14003618057640782,-0.3419569276703434,0.1463449364847263,-0.0580783175788468,0.37060962706423967,0.291870832648066,0.4638858175055584,0.5309580097237848,0.2909510239880306,0.4834318487916366
2021-01-12 07:30:00,0.0987211679286074,0.13946085141765646,-0.3454845360707958,0.1458703767694469,1.2485959473615085,0.35833869587790235,0.2937084505510112,0.4677282730091748,0.5299941134565438,0.2909510239880306,0.4834318487916366
2021-01-12 07:40:00,0.0988996372640745,0.13896202923240383,-0.34009515390485867,0.1458494536304683,0.5385763332911964,0.349817088631105,0.2851192860000408,0.4524079078318115,0.5292461661760774,0.2909510239880306,0.4834318487916366
2021-01-12 07:50:00,0.0988907168728991,0.13848926354633506,-0.336777432650873,0.1456846702963823,-0.1333985263000769,0.34068941233459354,0.2912555284439626,0.4675347760187961,0.5275324979379636,0.2909510239880306,0.4834318487916366
2021-01-12 08:00:00,0.0985889382783505,0.13810741874372826,-0.3370727115885815,0.1435068292283492,-0.9437904022606248,0.3190219942400847,0.2900316785149422,0.4647790779760555,0.5276948995106925,0.2909510239880306,0.4834318487916366
2021-01-12 08:10:00,0.0984197923057424,0.13754489690824329,-0.33470846162811974,0.1436461931562366,-0.6656199625089343,0.31143300206980423,0.2775859727109073,0.4238924485003297,0.5283788636952331,0.2909510239880306,0.4834318487916366
2021-01-12 08:20:00,0.098094810324358,0.13703737826145246,-0.3343192593613032,0.1438367742352917,0.799978388126199,0.30489619159210923,0.2972172390174769,0.4637800817452986,0.5302322868863827,0.2909510239880306,0.4834318487916366
2021-01-12 08:30:00,0.0981121258682033,0.13663176823239723,-0.3311785178728927,0.1438090448852776,0.3834011258241787,0.2981935262116082,0.3093726309488792,0.4950432499029664,0.5320896869455216,0.2909510239880306,0.4834318487916366
2021-01-12 08:40:00,0.0969209886466139,0.13629621111179624,-0.3409344436211433,0.1445514636669171,-1.639299011177009,0.2978048034271345,0.2830600784689541,0.4437160088116328,0.5314560323303109,0.2909510239880306,0.4834318487916366
2021-01-12 08:50:00,0.0970661501839427,0.1360900851814023,-0.33792435075857796,0.1443730987715715,0.2991793471164072,0.29138796781007353,0.3027519833647316,0.4827335021008607,0.5296946001551943,0.2909510239880306,0.4834318487916366
2021-01-12 09:00:00,0.0973877126021645,0.13587203130368455,-0.3330134477632315,0.1438564150157717,0.0678541683425848,0.28320268215198247,0.3001240054577041,0.4750705274643668,0.529837379838868,0.2909510239880306,0.4834318487916366
2021-01-12 09:10:00,0.0975008098001153,0.13563731775669846,-0.33012385872832767,0.1434680840395859,0.2481642216531909,0.2758710079202563,0.2970265801655606,0.4749466616524683,0.5292835379065151,0.2909510239880306,0.4834318487916366
2021-01-12 09:20:00,0.0977740909357684,0.1353940265573805,-0.3255296194125398,0.1433936225142561,-0.1706530216720736,0.27096815241036887,0.2849163392218418,0.4542804620501311,0.530133504818046,0.2909510239880306,0.4834318487916366
2021-01-12 09:30:00,0.0977311111080918,0.13517068757978415,-0.32431838881382713,0.1432264907480946,0.5438143205852342,0.2657930650230974,0.2923841762587936,0.4699670645842766,0.5294245336370844,0.2909510239880306,0.4834318487916366
2021-01-12 09:40:00,0.0978275147976591,0.13495330160065028,-0.3217229296548961,0.1432159985238803,-0.0748983498013444,0.2619719815143235,0.2794472284298248,0.4485543341398499,0.5304519532260289,0.2909510239880306,0.4834318487916366
2021-01-12 09:50:00,0.0978218190335325,0.13480099376106927,-0.32065191990541103,0.1426336539966611,-0.1795404425953606,0.254986419966261,0.2680974750490099,0.4145288880198982,0.529526398641557,0.2909510239880306,0.4834318487916366
2021-01-12 10:00:00,0.0982750312058633,0.13456803584034294,-0.31429992498173875,0.1424682276406859,-0.9741849671174307,0.2503934286137861,0.2784809069348355,0.4354311394410911,0.5303727126127578,0.2909510239880306,0.4834318487916366
2021-01-12 10:10:00,0.0980984349734202,0.13434945492667666,-0.3144728648748,0.1424791675463037,-0.724701488780255,0.2467753797886009,0.282489926544345,0.444763028946782,0.5314422328364199,0.2909510239880306,0.4834318487916366
2021-01-12 10:20:00,0.0974465624277176,0.1341721153175567,-0.31981926833853397,0.1428583325060053,-1.2609428914569063,0.24604231219648223,0.2646707950561523,0.408846839707801,0.5320733952909663,0.2909510239880306,0.4834318487916366
2021-01-12 10:30:00,0.0975444017718743,0.13410284238769288,-0.3182993089656437,0.1427855575513439,0.2068494454457337,0.24275015244265183,0.2875103768491626,0.4564756834433129,0.5312053265496548,0.2909510239880306,0.4834318487916366
2021-01-12 10:40:00,0.0975056153285992,0.1339948135705077,-0.3178911250449417,0.1427684427776533,0.2753823488426121,0.2400968262334061,0.2986527537486772,0.4768796176790311,0.5323832150091209,0.2909510239880306,0.4834318487916366
2021-01-12 10:50:00,0.0979464907871699,0.13391104568548123,-0.31275442416902777,0.1427725864402781,0.1222946313452766,0.23789066621918967,0.3045529609770864,0.487471838463995,0.5322607199135161,0.2909510239880306,0.4834318487916366
2021-01-12 11:00:00,0.0974518238260938,0.13384617118266368,-0.3173330229878909,0.1432245774520271,1.2668817119367404,0.23909252659182542,0.3006937286584788,0.4785138716548673,0.5332694083879923,0.2909510239880306,0.4834318487916366
2021-01-12 11:10:00,0.0974144472464735,0.13386767467119562,-0.3178772809273068,0.1426022549531518,0.3738786675784311,0.2333574928766591,0.314481077639557,0.5076455113151308,0.5325134176813616,0.2909510239880306,0.4834318487916366
2021-01-12 11:20:00,0.0974523013482401,0.1337940503350175,-0.3169386384950429,0.1426049412387485,-0.244708949027661,0.23124877083107284,0.2975358468424857,0.4790865252196512,0.5313014057489551,0.2909510239880306,0.4834318487916366
2021-01-12 11:30:00,0.0975570261324534,0.13372551830307935,-0.31535223786153455,0.1421697103781281,-0.3827417327336491,0.2277317634245499,0.2794865261112649,0.4307404584785023,0.5304183988483407,0.2909510239880306,0.4834318487916366
2021-01-12 11:40:00,0.0986419031506331,0.13362187843871848,-0.3035178558906838,0.1418046965718518,-0.120468508167626,0.22444023597878554,0.2843905307753799,0.4399572487588352,0.5306148780495494,0.2909510239880306,0.4834318487916366
2021-01-12 11:50:00,0.0987820383978661,0.13351261466826383,-0.3012801746391451,0.1411473790360874,0.0070804458568218,0.2187300022832435,0.2857399949897573,0.4478873205830762,0.5308457226786841,0.2909510239880306,0.4834318487916366
2021-01-12 12:00:00,0.0987614019692261,0.13333874584165606,-0.30018599133298696,0.1410750901887609,0.4713423723309518,0.21677211574831776,0.2659069843736061,0.4113061038297899,0.5321151774297486,0.2909510239880306,0.4834318487916366
2021-01-12 12:10:00,0.0987286680227018,0.13318384415280465,-0.2993551001836627,0.1410788841680541,-0.3932932357631813,0.2154560314084698,0.2918457188914127,0.4611745534897579,0.5312949866556531,0.2909510239880306,0.4834318487916366
2021-01-12 12:20:00,0.0986928525183868,0.13303608999279964,-0.2986079171512482,0.1379091962288582,-0.2777632557959819,0.1923524923358655,0.2924257118499597,0.4646222814315964,0.5319244695261727,0.2909510239880306,0.4834318487916366
2021-01-12 12:30:00,0.098628574802392,0.13259730721551632,-0.2959557450490298,0.138035581850184,-0.5926185593349231,0.1891948737100253,0.3004217849382908,0.4824382049275512,0.529548345657662,0.2909510239880306,0.4834318487916366
2021-01-12 12:40:00,0.0984682421327655,0.13223308575202405,-0.2948320852486706,0.1381253157705934,-0.5992405748360241,0.1865364249030778,0.2909918367498296,0.4616443814034421,0.5299185099436776,0.2909510239880306,0.4834318487916366
2021-01-12 12:50:00,0.098440936813146,0.13192718022273825,-0.29279336331616296,0.13750914729674,0.2325596396270057,0.17916673814811016,0.2967241065124991,0.4708158619409658,0.5289869254784403,0.2909510239880306,0.4834318487916366
2021-01-12 13:00:00,0.0981568163572824,0.13159547576777483,-0.2931662729572631,0.1378740165822156,1.002732352536384,0.17853850419847847,0.2899232845555768,0.4621201223763527,0.5292772609708339,0.2909510239880306,0.4834318487916366
2021-01-12 13:10:00,0.0973950415531169,0.1313198025775905,-0.2988602879895722,0.1369822526632994,-1.2253957652490044,0.16916177269755175,0.2736873351107746,0.4223259217747533,0.5295201118801219,0.2909510239880306,0.4834318487916366
2021-01-12 13:20:00,0.0968137995669897,0.1309564890354034,-0.30207558162854886,0.1372321850883598,-1.062466093240566,0.1666542100328522,0.2938112468081604,0.4593163994486811,0.5310983473321462,0.2909510239880306,0.4834318487916366
2021-01-12 13:30:00,0.0962808114092906,0.13071218772621168,-0.30572882543044455,0.1373835669264917,-1.0823201181308306,0.1644006703134869,0.303641272837307,0.4787804475777546,0.5323452201966943,0.2909510239880306,0.4834318487916366
2021-01-12 13:40:00,0.0955817611761589,0.13058045586610004,-0.3120075376592204,0.1366798617590216,-1.3119462094653755,0.1559769871635293,0.2926666737009261,0.4563277300033462,0.5345970601675777,0.2909510239880306,0.4834318487916366
2021-01-12 13:50:00,0.0948025059614653,0.130385340816006,-0.3186983830138421,0.1344812276743016,-1.2750374931846054,0.13563475999729102,0.3202301879655279,0.5151007496655586,0.5350183781815323,0.2909510239880306,0.4834318487916366
2021-01-12 14:00:00,0.0930126523045619,0.12996987805545093,-0.3345671861561333,0.1329709108995176,1.8717160095279797,0.1184161552305974,0.3149410927308342,0.5078198563483821,0.5345015039482778,0.2909510239880306,0.4834318487916366
2021-01-12 14:10:00,0.0943301895857042,0.12945801303685578,-0.316555322440909,0.1317284233372859,-0.7198277935819064,0.10141318964127992,0.3137932929440248,0.5063871095768995,0.5325725031071314,0.2909510239880306,0.4834318487916366
2021-01-12 14:20:00,0.0917453093088561,0.12870485861025738,-0.33850550440031296,0.1326800607734181,-2.228470911604674,0.09894669686383954,0.2968551670321577,0.4684095549810469,0.5322942572441534,0.2909510239880306,0.4834318487916366
2021-01-12 14:30:00,0.0917264600450995,0.12832051565776262,-0.33572027489009654,0.1326851844856612,0.2806777877630395,0.0918804229197313,0.2973275147881427,0.4725622217922974,0.5302081162227392,0.2909510239880306,0.4834318487916366
2021-01-12 14:40:00,0.0917138598964713,0.12806212515178914,-0.33384198717191815,0.1309666555116941,0.1759107304492246,0.07271762751187828,0.2832296915988689,0.4531798915084633,0.5300718067796333,0.2909510239880306,0.4834318487916366
2021-01-12 14:50:00,0.0926285265708303,0.12747001736971392,-0.31928402252927146,0.1307340874273858,0.9243107096279956,0.06297510202944537,0.2666589444309409,0.4091169925725265,0.5303052975676421,0.2909510239880306,0.4834318487916366
2021-01-12 15:00:00,0.091932444101099,0.12708141300039918,-0.3237739242553772,0.1309670286113246,1.1338371125329871,0.05836241250355455,0.2729780168588978,0.42396769876121,0.5312969198033186,0.2909510239880306,0.4834318487916366
2021-01-12 15:10:00,0.0921915141620844,0.12672998058007806,-0.31819059681613787,0.1310027281684002,0.3117060106431424,0.05309895423935953,0.2869461989149182,0.4547486410768905,0.5298358783458456,0.2909510239880306,0.4834318487916366
2021-01-12 15:20:00,0.0921494858376896,0.12647698193125112,-0.31664822611616944,0.1306586284534016,0.4459163130476895,0.046389692101594444,0.2702306076714639,0.4222085156047828,0.5304342183605859,0.2909510239880306,0.4834318487916366
2021-01-12 15:30:00,0.0918072422530801,0.12617404352446948,-0.3179710654900769,0.1306632591683391,-0.8095397666634696,0.04215154412268718,0.2942053224610901,0.4676355333912964,0.5300790780056024,0.2909510239880306,0.4834318487916366
2021-01-12 15:40:00,0.0910605201649465,0.12600002391690268,-0.3247577545458866,0.1280183503858203,1.1908997278920808,0.01857176852350302,0.2993141501335188,0.4779185070727736,0.5302894342812692,0.2909510239880306,0.4834318487916366
2021-01-12 15:50:00,0.090475499840702,0.12538874745778786,-0.32633979691870696,0.1283983472878142,-1.0496386092738064,0.014749698343820396,0.3019072770256061,0.4847743657064495,0.5287818518134773,0.2909510239880306,0.4834318487916366
2021-01-12 16:00:00,0.0882970810472126,0.12502715691788746,-0.3478239192083245,0.1289621884250533,1.9755172826730671,0.014309328365573467,0.2992720518217147,0.4741335742378856,0.5294322099458157,0.2909510239880306,0.4834318487916366
2021-01-12 16:10:00,0.0882453076349603,0.1247044350084907,-0.34582589435397515,0.1289817690492372,0.4418736303138715,0.009182790307159986,0.3078954948222535,0.4869512683891515,0.5287269568802058,0.2909510239880306,0.4834318487916366
2021-01-12 16:20:00,0.0882220083052917,0.12451886020830591,-0.34460073289171184,0.1289008384682581,-0.3180272591986721,0.004368322334156971,0.3031702878850669,0.4825236354531701,0.5302919025757081,0.2909510239880306,0.4834318487916366
2021-01-12 16:30:00,0.0882641602476367,0.12430836949639697,-0.3424311902804959,0.1280461425843167,0.3204198164432625,-0.006101362917948176,0.2934553085051949,0.4546238548504945,0.531681667827517,0.2909510239880306,0.4834318487916366
2021-01-12 16:40:00,0.0882979029042404,0.124070259057919,-0.340131652791623,0.1280134578942096,-0.2665308939670652,-0.010109241739913613,0.29840730102522,0.4679117859908648,0.5313377742456905,0.2909510239880306,0.4834318487916366
2021-01-12 16:50:00,0.0874623042599192,0.12383868501188755,-0.34777189926010244,0.124556203110361,1.2289562870526185,-0.04096395292240069,0.3042215093837949,0.4819183214994729,0.5303346468920662,0.2909510239880306,0.4834318487916366
2021-01-12 17:00:00,0.0872994931154997,0.1231779022208374,-0.3442850133293889,0.1241780682716079,0.5335640566999089,-0.05077742988958092,0.2818250137331758,0.4360792736423824,0.5303007845628391,0.2909510239880306,0.4834318487916366
2021-01-12 17:10:00,0.0869836244075408,0.12264242546212134,-0.34355313571907725,0.1210197789837548,-0.7531511766954324,-0.08198532366027704,0.3008498608923659,0.4759366736671001,0.5289086964144356,0.2909510239880306,0.4834318487916366
2021-01-12 17:20:00,0.0865863658457675,0.12190797377674624,-0.34212408188736954,0.1210487093385342,-0.8483381179058114,-0.08848373978360174,0.3019617861234184,0.4818208002941188,0.5295799411207467,0.2909510239880306,0.4834318487916366
2021-01-12 17:30:00,0.0865630468956758,0.12126528774126225,-0.33710759204354873,0.1187128966893762,0.2779302410985451,-0.11322534181531067,0.3041826768333108,0.4868575454684001,0.5289532438250562,0.2909510239880306,0.4834318487916366
2021-01-12 17:40:00,0.0864216829340233,0.12043561487491433,-0.33187668953271143,0.116967015420999,0.5375269257278603,-0.1329654432828173,0.2893935218595003,0.4585517915532473,0.5304090691475984,0.2909510239880306,0.4834318487916366
2021-01-12 17:50:00,0.0863908417571338,0.11958428092533055,-0.3251397304781041,0.1169701843326032,0.3186240434647658,-0.13414340001935185,0.3005954122527266,0.4826341341598146,0.5279257406168647,0.2909510239880306,0.4834318487916366
2021-01-12 18:00:00,0.0863513592786515,0.11879079851678162,-0.31893940439616186,0.1166484967021411,0.2611992338071189,-0.13835740628260965,0.2905171560993818,0.4675306151102322,0.5279935900911534,0.2909510239880306,0.4834318487916366
2021-01-12 18:10:00,0.0857199598740823,0.11812348339485444,-0.32064484424535994,0.11697790077675,1.0632295902611943,-0.1383904330309212,0.2742446048153932,0.4227287385598196,0.52927678623517,0.2909510239880306,0.4834318487916366
2021-01-12 18:20:00,0.0859224627357717,0.1175358124947718,-0.31329778085997156,0.1167648866733001,-0.4390022600912147,-0.14265479883738577,0.2896026746208821,0.4553496090798964,0.5303005114745959,0.2909510239880306,0.4834318487916366
2021-01-12 18:30:00,0.0869811860546448,0.11700771722933148,-0.29654804882436414,0.1169449728306577,-0.6488450127060119,-0.14327352040260416,0.2960620027958231,0.4742635043706917,0.5308900390170448,0.2909510239880306,0.4834318487916366
2021-01-12 18:40:00,0.0869999119366108,0.11657580473281219,-0.2926346393730605,0.1169628984772844,-0.4522490392256273,-0.14484763758609362,0.2867589134715489,0.4511232458766425,0.5325436718408566,0.2909510239880306,0.4834318487916366
2021-01-12 18:50:00,0.087007634266161,0.11620140589878547,-0.2893290783109448,0.1156257736663621,0.3011943840173003,-0.15731700323850809,0.3118392159181056,0.4970954391741566,0.5324671981408914,0.2909510239880306,0.4834318487916366
2021-01-12 19:00:00,0.0866317407782668,0.11572143051395757,-0.28951957178264887,0.1158378696761488,-0.8819567575928389,-0.15723794600178873,0.3230649570211479,0.518635882712451,0.5346091993239424,0.2909510239880306,0.4834318487916366
2021-01-12 19:10:00,0.0866596610841861,0.11531853846116007,-0.28570969348643643,0.113844746546197,0.3275147674091982,-0.17610378090512904,0.3307336763576196,0.5380622588806826,0.5350263002230236,0.2909510239880306,0.4834318487916366
2021-01-12 19:20:00,0.0863940297697265,0.11479849746066823,-0.2842598219430299,0.113697418692062,-0.7276590372367053,-0.17988051194107296,0.3099305243912376,0.4996068239855084,0.5343788812167625,0.2909510239880306,0.4834318487916366
2021-01-12 19:30:00,0.0866310709751222,0.11434829221252296,-0.2775904471563987,0.1130043912179058,-0.4667403404287285,-0.1884423642372848,0.3116557807263629,0.5048905030126394,0.5320172224336617,0.2909510239880306,0.4834318487916366
2021-01-12 19:40:00,0.0864963765530114,0.11387404659046192,-0.27499045962334456,0.1117341740925312,0.5225384284321066,-0.20207628089896992,0.2935927214858458,0.473133412779985,0.5315961633101391,0.2909510239880306,0.4834318487916366
2021-01-12 19:50:00,0.0864783779426438,0.1133349446055898,-0.27045312923904635,0.111684329087821,0.2010822792440691,-0.2055184591867653,0.2746060988193518,0.4277846590651782,0.5316390885893529,0.2909510239880306,0.4834318487916366
2021-01-12 20:00:00,0.0858043171085687,0.11286549376367849,-0.2741274678638019,0.1093956543010075,-1.2002736009621984,-0.22857284185934706,0.2861505465654413,0.4571398093058508,0.5327541454089818,0.2909510239880306,0.4834318487916366
2021-01-12 20:10:00,0.0857746068079474,0.11226818729372921,-0.26916753364581664,0.1082064970145352,-0.5441222023673475,-0.24289237990053486,0.2945709877341084,0.4784107171160082,0.5332514185369321,0.2909510239880306,0.4834318487916366
2021-01-12 20:20:00,0.0864325072656386,0.11146529826564502,-0.25434946959275556,0.1080991902615424,0.3897529720431336,-0.248377852986897,0.2732881370719802,0.435306974970606,0.5346044972653412,0.2909510239880306,0.4834318487916366
2021-01-12 20:30:00,0.0857085211823821,0.1108886152470719,-0.2575739802333749,0.1087026591151061,-1.1657530014096196,-0.24431022194238933,0.300718368525349,0.4881986469388943,0.531811229117093,0.2909510239880306,0.4834318487916366
2021-01-12 20:40:00,0.0855258709723834,0.11045166125593026,-0.25575905590353765,0.1024082537265575,0.8621250084718923,-0.30410894591058696,0.3024695978626577,0.4915267103710152,0.5319259897088482,0.2909510239880306,0.4834318487916366
2021-01-12 20:50:00,0.0855281597749665,0.10944881078948009,-0.2466112827677239,0.101176706255563,0.4199229529037396,-0.3196533732494897,0.3010766804073713,0.4883426732329468,0.531832293945726,0.2909510239880306,0.4834318487916366
2021-01-12 21:00:00,0.0855886099234503,0.10850116850741696,-0.23720872992385955,0.1011694045239949,0.0225081352406064,-0.3225353865592738,0.288896384756083,0.4652567914640624,0.5325615589352594,0.2909510239880306,0.4834318487916366
2021-01-12 21:10:00,0.0855874647575305,0.10768286087086483,-0.2296516011334458,0.0997600194357504,0.052343891226414,-0.3387882320704269,0.2943704593822029,0.4786727582219487,0.5314304250135145,0.2909510239880306,0.4834318487916366
2021-01-12 21:20:00,0.0854858651786283,0.10677760432472104,-0.222397164474737,0.0990671540256492,-0.5221863129573734,-0.3479481625040536,0.2927411274850004,0.4761399045513354,0.5322790254321584,0.2909510239880306,0.4834318487916366
2021-01-12 21:30:00,0.0854988802629976,0.10595116849384918,-0.21447503386485456,0.0991341514526125,-0.3983992429226646,-0.3498326712488441,0.2818945083174127,0.4388389821524115,0.5329729334889687,0.2909510239880306,0.4834318487916366
2021-01-12 21:40:00,0.0860909030598174,0.10522460487037845,-0.20069340922417225,0.0999616926535125,1.7315820231514678,-0.34327355696276096,0.3017481278597625,0.4809207742863119,0.5345429652241274,0.2909510239880306,0.4834318487916366
2021-01-12 21:50:00,0.0861310312529737,0.10466256486185559,-0.19487175131027978,0.1000486398266265,0.4188614338206164,-0.34425092613701336,0.3152783891326664,0.5142184981104843,0.535742730738554,0.2909510239880306,0.4834318487916366
2021-01-12 22:00:00,0.0862190658029918,0.1043088408119285,-0.19046478749009446,0.1000561578085901,0.3982821649776369,-0.34501728080961436,0.2893307333782074,0.4635012061510101,0.535231003398946,0.2909510239880306,0.4834318487916366
2021-01-12 22:10:00,0.0861543374176141,0.10393395350450399,-0.18761532596702188,0.0984409501376648,-0.4124433847312758,-0.362203255826648,0.3064862366548869,0.4976491221918873,0.5330139968284728,0.2909510239880306,0.4834318487916366
2021-01-12 22:20:00,0.0857284533498922,0.10343262040588835,-0.1877356085507273,0.0987936704136535,-0.8903283480574231,-0.36009018151183053,0.3026951134294171,0.4893255169762643,0.533149213665205,0.2909510239880306,0.4834318487916366
2021-01-12 22:30:00,0.0856155858312781,0.10302076490957679,-0.18506322493291638,0.0989333900868524,-0.5297405448796866,-0.3602188861615829,0.3019700300771836,0.4906568029377946,0.5327596902114416,0.2909510239880306,0.4834318487916366
2021-01-12 22:40:00,0.0851436484711549,0.10268212492762213,-0.18729823835700998,0.0986156413119094,-0.9009099006942024,-0.3645422841176206,0.2905184445075437,0.4700205786892972,0.5338111079491588,0.2909510239880306,0.4834318487916366
2021-01-12 22:50:00,0.0849871002454595,0.10240669045429623,-0.18645256378360717,0.0986703645690638,-0.519298324386952,-0.3649947858767188,0.299000431502162,0.488898192216334,0.5332406743875349,0.2909510239880306,0.4834318487916366
2021-01-12 23:00:00,0.0841038828333414,0.10212951339582832,-0.19418901186580076,0.0991183567842149,-1.3113830809153626,-0.3615838251653747,0.2878742028964647,0.4730117656935982,0.5342567846801651,0.2909510239880306,0.4834318487916366
2021-01-12 23:10:00,0.0832740714603672,0.10194948433699486,-0.20234020527181454,0.0985607216980094,1.2104065810730091,-0.3688306432249391,0.279043188559818,0.4444404565587283,0.5329837958053079,0.2909510239880306,0.4834318487916366
2021-01-12 23:20:00,0.083252128475779,0.10171960113826276,-0.20034632356269708,0.0986778155958836,-0.7371756446211464,-0.3691475229980361,0.2938201767727725,0.4730406497393443,0.533787197669803,0.2909510239880306,0.4834318487916366
2021-01-12 23:30:00,0.0833526842232762,0.10158916994521555,-0.19785612151859747,0.0985108648294581,0.1755331526647197,-0.37198201595486635,0.3000872723850041,0.4870531098229254,0.5350093459001569,0.2909510239880306,0.4834318487916366
2021-01-12 23:40:00,0.0829857317391119,0.10146924589882005,-0.20108707023726985,0.0971248755805809,0.8817909860084683,-0.3873458087917815,0.286196613526473,0.4568172539643261,0.5361885990601645,0.2909510239880306,0.4834318487916366
2021-01-12 23:50:00,0.0828495443935036,0.10120384165285987,-0.20011047244521346,0.0972779313300929,0.6343022271710907,-0.3877406636215391,0.3074242068184669,0.5005905787674321,0.5347256571790184,0.2909510239880306,0.4834318487916366
2021-01-13 00:00:00,0.0839825776477136,0.10069479554264835,-0.18148474721964516,0.0970784935917452,-0.7882255948675976,-0.392836463715644,0.3157574285185808,0.5135269144848147,0.5352506811414458,0.3026152668069381,0.4829830850953102
2021-01-13 00:10:00,0.0840001316390841,0.10024010953349594,-0.1767500373256261,0.096265311504747,-0.5120292702784468,-0.40371663543196756,0.3190558577000742,0.5163315959113552,0.5349909458031377,0.3026152668069381,0.4829830850953102
2021-01-13 00:20:00,0.0826305026251832,0.09975962384601063,-0.18838463723939192,0.0974900330092211,-1.5411631457878272,-0.393702526039775,0.3126322215616143,0.5034491090563238,0.5367514442549397,0.3026152668069381,0.4829830850953102
2021-01-13 00:30:00,0.0824652843305889,0.09943308197381638,-0.18710746614105297,0.0972407766142583,-0.5590652340991653,-0.3985706607525841,0.3264872838943556,0.5351967281798835,0.5365695613467373,0.3026152668069381,0.4829830850953102
2021-01-13 00:40:00,0.0824520494253538,0.09909693138097578,-0.183881570701687,0.097066179022117,-0.1519155341590305,-0.4027264952839983,0.3084941254851737,0.509379053054064,0.5358070264746986,0.3026152668069381,0.4829830850953102
2021-01-13 00:50:00,0.0819122750001104,0.09878806247338552,-0.18732791475603158,0.0974147800641548,-0.9422283561567824,-0.4004286683108632,0.2910566568236438,0.4640232971789353,0.5347162256837561,0.3026152668069381,0.4829830850953102
2021-01-13 01:00:00,0.0814119148192111,0.09856466232855822,-0.1911911671390461,0.0971131277352346,0.9867294255403892,-0.40466465092471654,0.2978315992674947,0.4756432143293745,0.5346716530310784,0.3026152668069381,0.4829830850953102
2021-01-13 01:10:00,0.0815170719334768,0.09838137496984267,-0.1880390374938486,0.0971165350417548,0.0931964250362682,-0.4059274023747791,0.2995278202001779,0.483170023963702,0.5340517500290702,0.3026152668069381,0.4829830850953102
2021-01-13 01:20:00,0.0814428511533013,0.0982062789815538,-0.18716859262614458,0.0967926709034738,-0.8872985835719049,-0.41032940958541714,0.2787188384095321,0.4436192870712013,0.5350463163139898,0.3026152668069381,0.4829830850953102
2021-01-13 01:30:00,0.0810758375478796,0.09801808922603739,-0.18976706290421594,0.0962966360525198,1.1665496420993904,-0.41674651891857806,0.3002178823490535,0.4858930893418253,0.5345698217286099,0.3026152668069381,0.4829830850953102
2021-01-13 01:40:00,0.0810609063901094,0.09781009079794721,-0.187826946755176,0.095188904631784,0.2552968957994395,-0.4298545905673404,0.2961141936190963,0.4794630225883516,0.5355932490178597,0.3026152668069381,0.4829830850953102
2021-01-13 01:50:00,0.0810605907993042,0.0975064514973301,-0.18472163542475906,0.0946313809248345,0.1552737668347958,-0.4371551253216581,0.3040506917617461,0.4939164290708527,0.5335012603312863,0.3026152668069381,0.4829830850953102
2021-01-13 02:00:00,0.0807627894873644,0.09721423781107302,-0.18540084697126602,0.0948805083293254,0.6943553567769101,-0.4357209976751121,0.293286506519039,0.4701712349194803,0.5338501659742747,0.3026152668069381,0.4829830850953102
2021-01-13 02:10:00,0.0808973036402372,0.09695109238563643,-0.18102615517148127,0.0933320060926349,0.0309190325285868,-0.4526538416633289,0.3011800266250423,0.4850792785583184,0.5330241488469565,0.3026152668069381,0.4829830850953102
2021-01-13 02:20:00,0.0790545954559515,0.09658691992932779,-0.2003046320912407,0.0947884836779964,-1.7182873643260876,-0.4382035106604114,0.296111796457881,0.4819325725341554,0.5328712745752827,0.3026152668069381,0.4829830850953102
2021-01-13 02:30:00,0.0791904972662781,0.09641984221127353,-0.1968557048930566,0.0940231396728432,-0.4886370147689334,-0.44677525659515205,0.2828910878832136,0.4453834438913746,0.5319203770072062,0.3026152668069381,0.4829830850953102
2021-01-13 02:40:00,0.0789163306564259,0.09623176426823146,-0.19837130746593723,0.0940354637181742,0.6588768760163788,-0.4475492850149551,0.3059222989600549,0.4846285327493928,0.5328772406063846,0.3026152668069381,0.4829830850953102
2021-01-13 02:50:00,0.0787905683821491,0.09600801231233391,-0.19763835045344347,0.0940845831864808,0.5595837803124226,-0.4474587270772139,0.3167368994210182,0.5036529274293833,0.5337160411312426,0.3026152668069381,0.4829830850953102
2021-01-13 03:00:00,0.0733536501671167,0.09588682832749937,-0.2678763574165609,0.0983971119247799,2.902322641673827,-0.4029268159411918,0.3063688458641707,0.4834953024947934,0.5361142861756196,0.3026152668069381,0.4829830850953102
2021-01-13 03:10:00,0.0734031862600721,0.0962998596892921,-0.2714995175702515,0.0979802135956985,0.0536477547207425,-0.40737232381308686,0.3360351252678524,0.5445043132503826,0.5366050551032444,0.3026152668069381,0.4829830850953102
2021-01-13 03:20:00,0.0734411250249427,0.0965123647861784,-0.27318706747394533,0.0974001490774676,-0.3090598763348495,-0.41344506117921836,0.3305506292013714,0.5371956920419507,0.5357183297581553,0.3026152668069381,0.4829830850953102
2021-01-13 03:30:00,0.0734388193467814,0.09671245986484298,-0.27528957513067925,0.0972082880901669,-0.1442073131640242,-0.41576823974366167,0.3304485722713968,0.5376820754412209,0.5340671758428672,0.3026152668069381,0.4829830850953102
2021-01-13 03:40:00,0.0734609471209068,0.09677618645326008,-0.2756470229796686,0.0971914982080924,-0.3290844986571173,-0.4146825659189942,0.3146205578736329,0.5035050099101662,0.5342598939967198,0.3026152668069381,0.4829830850953102
2021-01-13 03:50:00,0.0736630474341179,0.09682916663485243,-0.2734469753204847,0.0966470455988034,0.1828960241669008,-0.41806861753190194,0.3176626939592759,0.5129397574859353,0.5332449881768129,0.3026152668069381,0.4829830850953102
2021-01-13 04:00:00,0.0732116226182293,0.09683108014931918,-0.2796138313706233,0.0969370703471054,-0.9276553113179986,-0.41320505023832105,0.3072639806593316,0.5021378429975888,0.5344408897528548,0.3026152668069381,0.4829830850953102
2021-01-13 04:10:00,0.0733409784945666,0.09683845393257545,-0.2779246623196731,0.096641024174358,-0.2104808246889078,-0.4146200196997724,0.2940968179876839,0.4641027698573949,0.5350797905674769,0.3026152668069381,0.4829830850953102
2021-01-13 04:20:00,0.0730614650202237,0.0968447727956027,-0.28180834277426764,0.0969676492061761,0.7957021307083423,-0.40947146083976205,0.3055542175076549,0.4855738167005264,0.5368767961156392,0.3026152668069381,0.4829830850953102
2021-01-13 04:30:00,0.0725875083098599,0.09686356046989904,-0.28851055005011017,0.0971537263477211,-0.8830099171117212,-0.4045120237689698,0.3174731305688744,0.5116255611420444,0.5355652383208969,0.3026152668069381,0.4829830850953102
2021-01-13 04:40:00,0.0723302905454168,0.09689408894393657,-0.2923755176303366,0.0973774300900917,-0.6598390044946001,-0.39930948082621404,0.2969619677870743,0.4715090071636665,0.5364134642856816,0.3026152668069381,0.4829830850953102
2021-01-13 04:50:00,0.0723425672902058,0.09692985999349242,-0.2925749089804064,0.0958120512179542,0.0267952115850178,-0.4134031033184065,0.3155786550623093,0.5087264468699569,0.5364309196894645,0.3026152668069381,0.4829830850953102
2021-01-13 05:00:00,0.072195619319831,0.0968460029209418,-0.29374274836242664,0.0959255602832045,0.5137694515578772,-0.4109751760048977,0.3171206797232804,0.5157612315665157,0.5371970270630768,0.3026152668069381,0.4829830850953102
2021-01-13 05:10:00,0.0723460923062681,0.09673585570144567,-0.2905226862740362,0.0958662692387349,-0.1698333727558676,-0.4104738796411495,0.3206040469698861,0.5246830828092075,0.5360277050734042,0.3026152668069381,0.4829830850953102
2021-01-13 05:20:00,0.0720590507252463,0.096659301764516,-0.2937065109275438,0.096111486403132,-0.8043956282673292,-0.4068148852395589,0.3191150152072499,0.5166959375517179,0.5372396100205035,0.3026152668069381,0.4829830850953102
2021-01-13 05:30:00,0.0721651384833767,0.09663814387702749,-0.29201644463131354,0.0959542338328292,0.4232453845299133,-0.4078652427817555,0.3286330531640583,0.534760685132859,0.5365894459786762,0.3026152668069381,0.4829830850953102
2021-01-13 05:40:00,0.0717017456135922,0.09657463981658299,-0.29780108558895974,0.0958460159441969,-0.8266681569841339,-0.407650767969633,0.3243918837511408,0.534345934157272,0.5386113336170095,0.3026152668069381,0.4829830850953102
2021-01-13 05:50:00,0.0707689470130533,0.09653272825805691,-0.31046180080346597,0.0964281184141259,1.241052422227007,-0.4003146751608899,0.3150635941752048,0.5048476734559639,0.5389612141751666,0.3026152668069381,0.4829830850953102
2021-01-13 06:00:00,0.0705340055149094,0.09654925612658348,-0.31395836304885727,0.0965872784572521,0.5762067351067657,-0.39757393460134016,0.3184555924950911,0.5134708534216804,0.5377712169228533,0.3026152668069381,0.4829830850953102
2021-01-13 06:10:00,0.0705083336657705,0.09658300658883542,-0.3146718996568081,0.0967781862176926,0.6098685555185668,-0.3936822982734547,0.3214643873168444,0.520648003141936,0.5364611549792595,0.3026152668069381,0.4829830850953102
2021-01-13 06:20:00,0.0708057222799217,0.09660606271902482,-0.3107016797191943,0.0962386486239308,0.309897382461699,-0.3974016604536966,0.2932270493440269,0.4648568250950355,0.5367561670201393,0.3026152668069381,0.4829830850953102
2021-01-13 06:30:00,0.0707791116562279,0.09660437369478453,-0.311060092472335,0.0962764556323634,-0.3069041890130464,-0.39447117771188367,0.3105325999001222,0.5004321566075488,0.5358896089379083,0.3026152668069381,0.4829830850953102
2021-01-13 06:40:00,0.0695023437230014,0.09657849432352723,-0.32899561574790687,0.0972031065550671,1.3431021786626474,-0.38237080285594605,0.3108683785823338,0.5054031369671403,0.5365608639668584,0.3026152668069381,0.4829830850953102
2021-01-13 06:50:00,0.0685739756948159,0.09669472823986874,-0.34364578461623047,0.0977946416285841,-1.1361964165708116,-0.3712835025110597,0.3173616930258805,0.5168643516635493,0.5357434031024888,0.3026152668069381,0.4829830850953102
2021-01-13 07:00:00,0.0688593579804869,0.0968361566597152,-0.3409543094345855,0.0973667159443153,0.1798248625688003,-0.3711770143638118,0.3050108969314507,0.4923238501566285,0.5358299269411293,0.3026152668069381,0.4829830850953102
2021-01-13 07:10:00,0.0690591896871698,0.09692674550050931,-0.3389915337379461,0.0972477315507194,0.1740209110826285,-0.36856346017293373,0.3202200137133195,0.5221997367415743,0.5329782905065619,0.3026152668069381,0.4829830850953102
2021-01-13 07:20:00,0.0661338859160822,0.09699025962667206,-0.3829292955077857,0.0994787341553364,2.0957923715974047,-0.3419569276703434,0.3110691989175614,0.509546442763422,0.5334683908752882,0.3026152668069381,0.4829830850953102
2021-01-13 07:30:00,0.0662931939142153,0.09725651922253906,-0.38326477993095426,0.0987211679286074,0.2397839030663817,-0.3454845360707958,0.2949678925928976,0.4634344671019285,0.5343250008525993,0.3026152668069381,0.4829830850953102
2021-01-13 07:40:00,0.065813456322008,0.09742248106723593,-0.3922326749968631,0.0988996372640745,0.8017212761012971,-0.34009515390485867,0.310299135814944,0.4954292241831132,0.5354034467120423,0.3026152668069381,0.4829830850953102
2021-01-13 07:50:00,0.0660124990253241,0.09758191594528945,-0.3908480855373712,0.0988907168728991,0.0123082705021815,-0.336777432650873,0.3172588742527021,0.5130212815045572,0.5358341662151846,0.3026152668069381,0.4829830850953102
2021-01-13 08:00:00,0.0670402890581274,0.09772459422707001,-0.376859491587962,0.0985889382783505,-0.542944744485574,-0.3370727115885815,0.3071536429654527,0.4879816575220489,0.5377729818099788,0.3026152668069381,0.4829830850953102
2021-01-13 08:10:00,0.0670047004958003,0.09781462390089063,-0.37831132091760344,0.0984197923057424,-0.331387388144222,-0.33470846162811974,0.3328895601658985,0.5364077619565899,0.53800864222208,0.3026152668069381,0.4829830850953102
2021-01-13 08:20:00,0.0672330508037677,0.09786470070393866,-0.37542096563681565,0.098094810324358,-0.0364468398069917,-0.3343192593613032,0.3428288677192471,0.5591777704465757,0.5402423504105804,0.3026152668069381,0.4829830850953102
2021-01-13 08:30:00,0.0672028690492002,0.09788279110749547,-0.37605481297144655,0.0981121258682033,-0.4254065365591586,-0.3311785178728927,0.3514393520667735,0.5793551008710989,0.5411166581305198,0.3026152668069381,0.4829830850953102
2021-01-13 08:40:00,0.0669459732952494,0.09788552189875055,-0.3799127265951953,0.0969209886466139,0.6034809248308903,-0.3409344436211433,0.3330167299640389,0.5440684058560705,0.5407387264343395,0.3026152668069381,0.4829830850953102
2021-01-13 08:50:00,0.0669015081928677,0.09773163125032648,-0.3790037547403191,0.0970661501839427,-0.6091822343828213,-0.33792435075857796,0.3366324839943776,0.553201169561957,0.5384941202447013,0.3026152668069381,0.4829830850953102
2021-01-13 09:00:00,0.0664690996291138,0.09764818692794491,-0.38463391766501864,0.0973877126021645,0.7936590777292807,-0.3330134477632315,0.3199448393224662,0.5255034900361715,0.5389737130810867,0.3026152668069381,0.4829830850953102
2021-01-13 09:10:00,0.0663486963915472,0.09760913139546638,-0.3860469352894067,0.0975008098001153,0.5310357227847007,-0.33012385872832767,0.2989176742635379,0.4742616176509271,0.5386136858388906,0.3026152668069381,0.4829830850953102
2021-01-13 09:20:00,0.0659385521156761,0.09760665657318013,-0.39222241388762924,0.0977740909357684,-0.7501812582185963,-0.3255296194125398,0.3088570675221116,0.4978152650172069,0.5396476136676532,0.3026152668069381,0.4829830850953102
2021-01-13 09:30:00,0.0658227941041829,0.09762770443294796,-0.39419511673360874,0.0977311111080918,-0.4601154380546646,-0.32431838881382713,0.3171002844564609,0.5145270446442816,0.5405489928083118,0.3026152668069381,0.4829830850953102
2021-01-13 09:40:00,0.0657075940214987,0.09764720710481435,-0.39614655070133786,0.0978275147976591,-0.4406080950722923,-0.3217229296548961,0.2935395430965221,0.4698675655693579,0.541777442602549,0.3026152668069381,0.4829830850953102
2021-01-13 09:50:00,0.06611924682168,0.0976635106204968,-0.3900681235546562,0.0978218190335325,-0.1452275661060653,-0.32065191990541103,0.3226216115678549,0.5285870121581577,0.5391379371137729,0.3026152668069381,0.4829830850953102
2021-01-13 10:00:00,0.065458269025095,0.09771485569678494,-0.4006407762273843,0.0982750312058633,1.3556441808232125,-0.31429992498173875,0.326949378200672,0.5399604175718332,0.5395156107213428,0.3026152668069381,0.4829830850953102
2021-01-13 10:10:00,0.0654660275019816,0.09776988213341926,-0.4010852319707154,0.0980984349734202,0.4223791011042976,-0.3144728648748,0.3297875718378459,0.5449238065107965,0.5394585692338376,0.3026152668069381,0.4829830850953102
2021-01-13 10:20:00,0.0652370128209568,0.09779184096196467,-0.4048141586483184,0.0974465624277176,-0.5614916054250685,-0.31981926833853397,0.3224516237629934,0.52857552342446,0.5398547807341553,0.3026152668069381,0.4829830850953102
2021-01-13 10:30:00,0.0651740972707516,0.09771561332216208,-0.4049992462331408,0.0975444017718743,-0.4832851887023537,-0.3182993089656437,0.3279751543706474,0.541442686433961,0.5371115394668815,0.3026152668069381,0.4829830850953102
2021-01-13 10:40:00,0.0651956417518684,0.09770318022353952,-0.4045414870232758,0.0975056153285992,0.0135082868348845,-0.3178911250449417,0.3258856275879396,0.5384413263208413,0.5378609909358842,0.3026152668069381,0.4829830850953102
2021-01-13 10:50:00,0.0652480182901874,0.09767327622258429,-0.40343231798311857,0.0979464907871699,0.9362992822703476,-0.31275442416902777,0.3124334940587833,0.495737875147945,0.53828894376813,0.3026152668069381,0.4829830850953102
2021-01-13 11:00:00,0.0648446377186931,0.09769995511342994,-0.4099068797250121,0.0974518238260938,-0.7990108679788221,-0.3173330229878909,0.3298472639814674,0.5331645137369296,0.540621815681868,0.3026152668069381,0.4829830850953102
2021-01-13 11:10:00,0.0648182810242119,0.09765369190447919,-0.4098397859869823,0.0974144472464735,0.258748741272008,-0.3178772809273068,0.3438214126615763,0.5630393506524756,0.5422623998448464,0.3026152668069381,0.4829830850953102
2021-01-13 11:20:00,0.0648164609281462,0.09761696306669612,-0.4094916824622735,0.0974523013482401,0.3655783459896256,-0.3169386384950429,0.3157587511024673,0.5115970854543116,0.5419101637575889,0.3026152668069381,0.4829830850953102
2021-01-13 11:30:00,0.0645533668915166,0.097599571476689,-0.4133808274345139,0.0975570261324534,0.5922113907852022,-0.31535223786153455,0.336324274228713,0.5519615763084312,0.5396731474867236,0.3026152668069381,0.4829830850953102
2021-01-13 11:40:00,0.0629050284235646,0.09761274925833305,-0.43938200888280976,0.0986419031506331,-1.4639090665635734,-0.3035178558906838,0.3333835908263292,0.5471853654481352,0.5393018078173933,0.3026152668069381,0.4829830850953102
2021-01-13 11:50:00,0.0628055821628191,0.09776919300189828,-0.44256556997043317,0.0987820383978661,-0.5260329469717107,-0.3012801746391451,0.331821724591528,0.5472615588182164,0.5379969877275785,0.3026152668069381,0.4829830850953102
2021-01-13 12:00:00,0.0628671047290039,0.09787201741372939,-0.4426376307989575,0.0987614019692261,-0.4259081131536391,-0.30018599133298696,0.3197502952671499,0.5236764274447973,0.5387683390058817,0.3026152668069381,0.4829830850953102
2021-01-13 12:10:00,0.062897297288978,0.09794908747350897,-0.4429446336946597,0.0987286680227018,-0.3000554538667543,-0.2993551001836627,0.3259270897841318,0.5364107492309009,0.5378823294064868,0.3026152668069381,0.4829830850953102
2021-01-13 12:20:00,0.0629466686498702,0.09804941397102723,-0.44318373727035504,0.0986928525183868,0.0802802158830218,-0.2986079171512482,0.3101557997935129,0.5139268834849013,0.5390710223529669,0.3026152668069381,0.4829830850953102
2021-01-13 12:30:00,0.0630384254477641,0.09810405579641719,-0.4422842410036967,0.098628574802392,0.4736697691621216,-0.2959557450490298,0.2996055905835461,0.4817742459793079,0.5380704835999268,0.3026152668069381,0.4829830850953102
2021-01-13 12:40:00,0.0630064648729781,0.09815636435037627,-0.44332442356321683,0.0984682421327655,-0.2075540367922457,-0.2948320852486706,0.3128222858933631,0.5088180325983076,0.5388876126415292,0.3026152668069381,0.4829830850953102
2021-01-13 12:50:00,0.0631054955176106,0.09819532424149227,-0.4421507416265082,0.098440936813146,0.0178130657705111,-0.29279336331616296,0.3191320104488983,0.5223509898428331,0.5405202148540118,0.3026152668069381,0.4829830850953102
2021-01-13 13:00:00,0.062880538522213,0.09821517581456259,-0.44592403091469274,0.0981568163572824,0.6685041049221851,-0.2931662729572631,0.3026203451674106,0.492157116697602,0.5417922242781674,0.3026152668069381,0.4829830850953102
2021-01-13 13:10:00,0.0628738701950791,0.09821522620435241,-0.4460305971443158,0.0973950415531169,0.1092245341084208,-0.2988602879895722,0.3236040610126683,0.535407683321423,0.5407937231026023,0.3026152668069381,0.4829830850953102
2021-01-13 13:20:00,0.0631845829314339,0.09812120148809826,-0.4401431339679151,0.0968137995669897,-0.0032975634480791,-0.30207558162854886,0.3345212069773947,0.5531965894079057,0.5420458783964575,0.3026152668069381,0.4829830850953102
2021-01-13 13:30:00,0.0630918746225454,0.09796786631047195,-0.44004753870332547,0.0962808114092906,0.3771543827824075,-0.30572882543044455,0.3391214219810362,0.559980599226127,0.5419518373073655,0.3026152668069381,0.4829830850953102
2021-01-13 13:40:00,0.0633061604149703,0.09772596903476691,-0.43418468221869455,0.0955817611761589,-0.6164309333408724,-0.3120075376592204,0.3349697223505156,0.5500512688640913,0.5439319546398111,0.3026152668069381,0.4829830850953102
2021-01-13 13:50:00,0.0632428137919102,0.09746726068719865,-0.4325350285761717,0.0948025059614653,0.3770162853252046,-0.3186983830138421,0.3459240513115595,0.5746531934716661,0.5431751185532839,0.3026152668069381,0.4829830850953102
2021-01-13 14:00:00,0.0633561829580076,0.0972379646938639,-0.42838871650567834,0.0930126523045619,-0.3764363716220131,-0.3345671861561333,0.3242701367999061,0.541901600959487,0.542033762501368,0.3026152668069381,0.4829830850953102
2021-01-13 14:10:00,0.0609782033650024,0.09686058063330347,-0.4627561530859781,0.0943301895857042,1.7281388363985073,-0.316555322440909,0.3038486769151564,0.4902464853183023,0.5401842965627963,0.3026152668069381,0.4829830850953102
2021-01-13 14:20:00,0.060852217620923,0.0966345845702984,-0.46248843264391015,0.0917453093088561,-0.3952894292742925,-0.33850550440031296,0.3080801981316386,0.4984705698877645,0.5399697520023169,0.3026152668069381,0.4829830850953102
2021-01-13 14:30:00,0.0615256157851926,0.09621446237678664,-0.44712607800347137,0.0917264600450995,-0.2102306895272576,-0.33572027489009654,0.3108659781261065,0.5082492347316039,0.5398992878711592,0.3026152668069381,0.4829830850953102
2021-01-13 14:40:00,0.0615374388085695,0.0957379704843639,-0.44196923483246925,0.0917138598964713,-0.0884919890751234,-0.33384198717191815,0.2905747883537982,0.4742482057821462,0.5408804082739396,0.3026152668069381,0.4829830850953102
2021-01-13 14:50:00,0.0594398078006202,0.09539110950408243,-0.4730212154285865,0.0926285265708303,-1.5938847711385762,-0.31928402252927146,0.3145663690155702,0.5213813266451482,0.5398718186847189,0.3026152668069381,0.4829830850953102
2021-01-13 15:00:00,0.0594434216686418,0.09511796885548567,-0.47009293482128256,0.091932444101099,-0.029833453437611,-0.3237739242553772,0.3139467337765245,0.5207262959076719,0.540157468592168,0.3026152668069381,0.4829830850953102
2021-01-13 15:10:00,0.0590150622687804,0.0948675182682188,-0.47468866975799073,0.0921915141620844,0.7577405149733707,-0.31819059681613787,0.3212589707137129,0.5343782939501013,0.5371090616019114,0.3026152668069381,0.4829830850953102
2021-01-13 15:20:00,0.0590508532003216,0.09471897360405605,-0.4725153436544955,0.0921494858376896,0.3483761254299722,-0.31664822611616944,0.3104851081663687,0.509809924142034,0.5369851674235543,0.3026152668069381,0.4829830850953102
2021-01-13 15:30:00,0.0590809932948628,0.0945625909296375,-0.47035268289942905,0.0918072422530801,0.1605444905976583,-0.3179710654900769,0.3146938751966646,0.5168960787684935,0.5360316982663558,0.3026152668069381,0.4829830850953102
2021-01-13 15:40:00,0.0592723960345375,0.0943728190977747,-0.4651093976661225,0.0910605201649465,-0.2296261915427422,-0.3247577545458866,0.302419685895047,0.5008431152652628,0.5367990665275115,0.3026152668069381,0.4829830850953102
2021-01-13 15:50:00,0.0592393495035299,0.09412358123643015,-0.4630226041784686,0.090475499840702,0.1992952513750978,-0.32633979691870696,0.2861378970536766,0.4575120232982074,0.5363001181298267,0.3026152668069381,0.4829830850953102
2021-01-13 16:00:00,0.0596139195254277,0.09386824201294539,-0.45400302239599516,0.0882970810472126,-0.0908462133034859,-0.3478239192083245,0.3084858065471144,0.4967577693105421,0.5371257908177614,0.3026152668069381,0.4829830850953102
2021-01-13 16:10:00,0.059551954679107,0.09342375977682346,-0.45029658078701057,0.0882453076349603,-0.3222581053661244,-0.34582589435397515,0.319832330249876,0.5176301360146901,0.5376148766291668,0.3026152668069381,0.4829830850953102
2021-01-13 16:20:00,0.0596681610711829,0.09299977083450917,-0.4437984662604079,0.0882220083052917,-0.245001297741787,-0.34460073289171184,0.3075398769923105,0.4973926981185253,0.5395788258139906,0.3026152668069381,0.4829830850953102
2021-01-13 16:30:00,0.0595386075840465,0.092662703452309,-0.4423410865204631,0.0882641602476367,0.4207864146867024,-0.3424311902804959,0.3371306966771617,0.5574912019490028,0.5397431849865028,0.3026152668069381,0.4829830850953102
2021-01-13 16:40:00,0.059574738557144,0.09238257964665855,-0.43870679440140775,0.0882979029042404,0.3614075927545812,-0.340131652791623,0.3321348101329973,0.5509947013804881,0.5385255227114132,0.3026152668069381,0.4829830850953102
2021-01-13 16:50:00,0.0597385360366846,0.09212678738430008,-0.4331884451421998,0.0874623042599192,0.2041657345550618,-0.34777189926010244,0.3310096822320783,0.5493364869429069,0.5361213084684404,0.3026152668069381,0.4829830850953102
2021-01-13 17:00:00,0.0600035540787963,0.09180035295118184,-0.4252123472887662,0.0872994931154997,-0.0126063589913627,-0.3442850133293889,0.3131430280685929,0.5116400981040472,0.5360026772205935,0.3026152668069381,0.4829830850953102
2021-01-13 17:10:00,0.0599947284723464,0.09154197419513445,-0.42254090190002025,0.0869836244075408,0.1293478389738922,-0.34355313571907725,0.3146007132296946,0.5178428927622958,0.5350600838892889,0.3026152668069381,0.4829830850953102
2021-01-13 17:20:00,0.0602717955278587,0.09123805886808811,-0.41460786372568087,0.0865863658457675,0.173654586295946,-0.34212408188736954,0.3018036354325797,0.5018299335598655,0.5362040886102128,0.3026152668069381,0.4829830850953102
2021-01-13 17:30:00,0.0602581035871124,0.09093407761450428,-0.41149775948024375,0.0865630468956758,-0.1920119625850702,-0.33710759204354873,0.288284664947146,0.464180070554297,0.5367145157596436,0.3026152668069381,0.4829830850953102
2021-01-13 17:40:00,0.0604683262412513,0.09070528981601172,-0.40549598279443955,0.0864216829340233,0.2107062617515254,-0.33187668953271143,0.2982037786968048,0.4862870587842341,0.5370911380429588,0.3026152668069381,0.4829830850953102
2021-01-13 17:50:00,0.0604645106011164,0.09047309402376934,-0.4029959116133394,0.0863908417571338,-0.2195993275185159,-0.3251397304781041,0.3056905441134602,0.5016365741343244,0.5361051731626729,0.3026152668069381,0.4829830850953102
2021-01-13 18:00:00,0.0604684997801584,0.0903023026982836,-0.40104039597946306,0.0863513592786515,-0.0047050385520108,-0.31893940439616186,0.2878926507267126,0.4677684662616569,0.5373892659052772,0.3026152668069381,0.4829830850953102
2021-01-13 18:10:00,0.0604536662082459,0.09008060353671592,-0.3988276405489151,0.0857199598740823,0.2097614765444788,-0.32064484424535994,0.3089350735142882,0.5090607221700556,0.5376365460199143,0.3026152668069381,0.4829830850953102
2021-01-13 18:20:00,0.0600863078219706,0.08984267090445755,-0.40227804723325467,0.0859224627357717,0.7350536048637224,-0.31329778085997156,0.3126367215250888,0.5187722301548161,0.538022034165738,0.3026152668069381,0.4829830850953102
2021-01-13 18:30:00,0.0581992367063028,0.08967951167469013,-0.4323700939121905,0.0869811860546448,1.5005236084247642,-0.29654804882436414,0.3157212232001884,0.5262398613477556,0.5361304230867223,0.3026152668069381,0.4829830850953102
2021-01-13 18:40:00,0.0579970703539423,0.08971555065151562,-0.4362516188005285,0.0869999119366108,0.4869380746393759,-0.2926346393730605,0.3142590873020294,0.5181975907498528,0.5364812264861001,0.3026152668069381,0.4829830850953102
2021-01-13 18:50:00,0.0579365391844115,0.0896825816741843,-0.43692830644202646,0.087007634266161,-0.3227313017413635,-0.2893290783109448,0.3215227908350877,0.5315023629369819,0.5358622955796035,0.3026152668069381,0.4829830850953102
2021-01-13 19:00:00,0.0580117221172981,0.08967937390767243,-0.4355957017388294,0.0866317407782668,0.3537635072351719,-0.28951957178264887,0.3159109065599032,0.5277072984455022,0.538158428228098,0.3026152668069381,0.4829830850953102
2021-01-13 19:10:00,0.057878112419725,0.08962511214151471,-0.4372962608783114,0.0866596610841861,-0.3945242862018361,-0.28570969348643643,0.305872683690006,0.5003767429316739,0.5391074329986476,0.3026152668069381,0.4829830850953102
2021-01-13 19:20:00,0.0578617324114235,0.08959219003745769,-0.43721191088664296,0.0863940297697265,0.2642023480897038,-0.2842598219430299,0.3116502323018335,0.5167798959286654,0.5382647620655401,0.3026152668069381,0.4829830850953102
2021-01-13 19:30:00,0.057385257013812,0.0895237361359597,-0.44471637445678475,0.0866310709751222,0.7924565160475794,-0.2775904471563987,0.3165427947683416,0.5291924977817086,0.5373388096598826,0.3026152668069381,0.4829830850953102
2021-01-13 19:40:00,0.0574894794895659,0.08949197850278387,-0.44254702993272993,0.0864963765530114,-0.1996331491138647,-0.27499045962334456,0.2882332042682913,0.4729186492060108,0.5377384156830395,0.3026152668069381,0.4829830850953102
2021-01-13 19:50:00,0.0577092856326408,0.08944272310831622,-0.4381803650706215,0.0864783779426438,-0.0964418525848387,-0.27045312923904635,0.3015605064026058,0.5002021201440772,0.53631319773776,0.3026152668069381,0.4829830850953102
2021-01-13 20:00:00,0.0576945939832867,0.08938464547800683,-0.4377854392960714,0.0858043171085687,0.5285513654673224,-0.2741274678638019,0.3025158089759543,0.5069235178134672,0.5368178867438194,0.3026152668069381,0.4829830850953102
2021-01-13 20:10:00,0.0574918347717951,0.08926444691855927,-0.43996034404512785,0.0857746068079474,0.4950680327095114,-0.26916753364581664,0.3054955886381639,0.5120078420534697,0.5364261111550138,0.3026152668069381,0.4829830850953102
2021-01-13 20:20:00,0.0563975548413248,0.0891670216513734,-0.4580854551099379,0.0864325072656386,-1.133516109670829,-0.25434946959275556,0.2846081103635374,0.471954033635561,0.536884936308992,0.3026152668069381,0.4829830850953102
2021-01-13 20:30:00,0.056298222996105,0.08916827950407478,-0.4598623938772597,0.0857085211823821,-0.3357126312149461,-0.2575739802333749,0.2892495334241879,0.4802770279733384,0.5344713195007402,0.3026152668069381,0.4829830850953102
2021-01-13 20:40:00,0.0559244095306219,0.08903582324840308,-0.4650378480724623,0.0855258709723834,0.6561246477399862,-0.25575905590353765,0.2785041600663401,0.4658236143905827,0.5355429495900541,0.3026152668069381,0.4829830850953102
2021-01-13 20:50:00,0.0562968419910087,0.08893176674008822,-0.4572309688015298,0.0855281597749665,0.4245590364716278,-0.2466112827677239,0.2664914249455757,0.4298637980005272,0.5360095405530003,0.3026152668069381,0.4829830850953102
2021-01-13 21:00:00,0.0562423516386577,0.08886338220165702,-0.4574300979509087,0.0855886099234503,0.3224080605621182,-0.23720872992385955,0.2839280442688029,0.4657626284776576,0.536313786007147,0.3026152668069381,0.4829830850953102
2021-01-13 21:10:00,0.0588850100059331,0.08880940957334246,-0.4109060488313481,0.0855874647575305,0.027921906785977,-0.2296516011334458,0.2887291282297909,0.4826859782353845,0.5357023693541966,0.3026152668069381,0.4829830850953102
2021-01-13 21:20:00,0.0590509744390255,0.08877401892651043,-0.4076929830937172,0.0854858651786283,-0.3144340353887997,-0.222397164474737,0.2820412905237991,0.4633341766839551,0.5370765409971787,0.3026152668069381,0.4829830850953102
2021-01-13 21:30:00,0.0589056526165298,0.08871191049326442,-0.4094571029186907,0.0854988802629976,0.4254124653076729,-0.21447503386485456,0.3042573420338273,0.5026512668562131,0.5366118127533717,0.3026152668069381,0.4829830850953102
2021-01-13 21:40:00,0.0555132984844903,0.08869354387871022,-0.4685644962485707,0.0860909030598174,2.003553577318584,-0.20069340922417225,0.3120878768422321,0.5216074572244452,0.5382430976419663,0.3026152668069381,0.4829830850953102
2021-01-13 21:50:00,0.0554875246074205,0.0887111594609287,-0.4692274790495018,0.0861310312529737,0.4945244697696083,-0.19487175131027978,0.3219061837025959,0.5435284270145868,0.5384037512978279,0.3026152668069381,0.4829830850953102
2021-01-13 22:00:00,0.0552075029151152,0.08872250841935997,-0.47441474965804026,0.0862190658029918,0.5570963250088212,-0.19046478749009446,0.3003050106430664,0.5030023520822284,0.5369332528264874,0.3026152668069381,0.4829830850953102
2021-01-13 22:10:00,0.0553342089220854,0.08876836682556886,-0.47263903363520554,0.0861543374176141,-0.241940126649709,-0.18761532596702188,0.3046568365610855,0.5136408761077846,0.5345832941081222,0.3026152668069381,0.4829830850953102
2021-01-13 22:20:00,0.0552918949447226,0.08877597464290696,-0.4734897249765032,0.0857284533498922,-0.2462988963030099,-0.1877356085507273,0.285406378035669,0.481673784135776,0.5346454199018769,0.3026152668069381,0.4829830850953102
2021-01-13 22:30:00,0.0552454229186276,0.08874540695154969,-0.473986180493295,0.0856155858312781,-0.2953528052556109,-0.18506322493291638,0.2640801629822624,0.4315134082569489,0.5340772142521681,0.3026152668069381,0.4829830850953102
2021-01-13 22:40:00,0.0561391344837257,0.08870135990816908,-0.4574420670345464,0.0851436484711549,-0.0759080143021506,-0.18729823835700998,0.2775414709677367,0.4599757969335257,0.5347047340964355,0.3026152668069381,0.4829830850953102
2021-01-13 22:50:00,0.0562266896914403,0.0885994540162316,-0.4547341455376912,0.0849871002454595,0.0577415035571959,-0.18645256378360717,0.2823498541689827,0.473952815528791,0.5351877906125245,0.3026152668069381,0.4829830850953102
2021-01-13 23:00:00,0.0560782413746183,0.08852742139457298,-0.4565644672789594,0.0841038828333414,0.4756937881005285,-0.19418901186580076,0.2573520034583892,0.4236628252160189,0.5365633202563691,0.3026152668069381,0.4829830850953102
2021-01-13 23:10:00,0.0562116048308886,0.08836740855150617,-0.4523799928837999,0.0832740714603672,0.2759760694770463,-0.20234020527181454,0.2765311574179713,0.4582301157023065,0.5340104495266011,0.3026152668069381,0.4829830850953102
2021-01-13 23:20:00,0.0560704795606386,0.08818263077526287,-0.4528005506430853,0.083252128475779,-0.7119600498871392,-0.20034632356269708,0.2782176549092773,0.4636525620632203,0.5339048658047175,0.3026152668069381,0.4829830850953102
2021-01-13 23:30:00,0.0559796657308256,0.0880026190949405,-0.4523780636333202,0.0833526842232762,-0.445356713725431,-0.19785612151859747,0.2840412109042105,0.4736330810745814,0.5336357408269647,0.3026152668069381,0.4829830850953102
2021-01-13 23:40:00,0.0560102064986376,0.08781887363058148,-0.4497425061318105,0.0829857317391119,0.4088672076754562,-0.20108707023726985,0.2707332676052007,0.4483911410208754,0.5335255694161012,0.3026152668069381,0.4829830850953102
2021-01-13 23:50:00,0.0558628271398047,0.0876428028106177,-0.4503703247640916,0.0828495443935036,0.4201102887897434,-0.20011047244521346,0.2781946187307079,0.465297365240972,0.5316029861163363,0.3026152668069381,0.4829830850953102
2021-01-14 00:00:00,0.0546886870901379,0.08744756447870566,-0.4693824799598258,0.0839825776477136,1.5847911565362691,-0.18148474721964516,0.2786626598480532,0.4705331047324974,0.5324294422316309,0.309603179022153,0.5058477642807717
2021-01-14 00:10:00,0.0544228932292861,0.08740069982274089,-0.47371839299672475,0.0840001316390841,-0.5400570746818545,-0.1767500373256261,0.2650499372775691,0.4303375286659398,0.5324780992133223,0.309603179022153,0.5058477642807717
2021-01-14 00:20:00,0.054471740492592,0.08736165263855064,-0.4723743852655722,0.0826305026251832,0.3048972433528973,-0.18838463723939192,0.2851601001304761,0.4707293861068223,0.5344297274697106,0.309603179022153,0.5058477642807717
2021-01-14 00:30:00,0.0548537191020808,0.08725104430136815,-0.464119540697991,0.0824652843305889,-0.1994630099115824,-0.18710746614105297,0.2955163158484934,0.4968895863112552,0.535192018466887,0.309603179022153,0.5058477642807717
2021-01-14 00:40:00,0.054902517243819,0.08710758327692736,-0.4615847451975983,0.0824520494253538,-0.0353790429498346,-0.183881570701687,0.2699665289777559,0.4459142069103085,0.5352358882389253,0.309603179022153,0.5058477642807717
2021-01-14 00:50:00,0.0549655327037601,0.08697000481521051,-0.4588569762937981,0.0819122750001104,-0.0244476516870761,-0.18732791475603158,0.2880260985682969,0.4796557622613294,0.5335402970923279,0.309603179022153,0.5058477642807717
2021-01-14 01:00:00,0.054833589453189,0.08681907387159529,-0.45952339018512106,0.0814119148192111,-0.3955069501223818,-0.1911911671390461,0.2799045104209752,0.4655626759118637,0.5337643041932467,0.309603179022153,0.5058477642807717
2021-01-14 01:10:00,0.0547314003424743,0.08659901251282416,-0.4588508214425347,0.0815170719334768,-0.424284096344607,-0.1880390374938486,0.2802721990257125,0.4664456689419256,0.5332249343209015,0.309603179022153,0.5058477642807717
2021-01-14 01:20:00,0.0542534032393358,0.08642789729503585,-0.4656447860776762,0.0814428511533013,0.8163018131305932,-0.18716859262614458,0.2677305991187542,0.4429134142467841,0.5338116250280656,0.309603179022153,0.5058477642807717
2021-01-14 01:30:00,0.0536588473966666,0.08628266313840756,-0.4749823222578205,0.0810758375478796,-0.8742839176125727,-0.18976706290421594,0.2763052943317084,0.4597744273915072,0.5326296320527966,0.309603179022153,0.5058477642807717
2021-01-14 01:40:00,0.0546858790576151,0.08611620410311942,-0.4540920711022542,0.0810609063901094,0.2024045749580594,-0.187826946755176,0.2622986816035594,0.4410804113500464,0.5329503414960126,0.309603179022153,0.5058477642807717
2021-01-14 01:50:00,0.054666474650814,0.0859565122207654,-0.45259086984200464,0.0810605907993042,-0.1536173887577874,-0.18472163542475906,0.2466015903477918,0.3969535298981376,0.5306543992879647,0.309603179022153,0.5058477642807717
2021-01-14 02:00:00,0.0546812618828188,0.08581550106969661,-0.4506785661408343,0.0807627894873644,0.014738112692747,-0.18540084697126602,0.2624980286085999,0.4280969390149479,0.5309217812836928,0.309603179022153,0.5058477642807717
2021-01-14 02:10:00,0.0545006258156372,0.08568615207339005,-0.45247904201350325,0.0808973036402372,-0.4673453662725535,-0.18102615517148127,0.2688578570093561,0.4432539707210824,0.5317231969503755,0.309603179022153,0.5058477642807717
2021-01-14 02:20:00,0.0545653523239246,0.08556317430790929,-0.4498558753965347,0.0790545954559515,0.0711669223500521,-0.2003046320912407,0.2531815305860205,0.4116937029794233,0.5332560418218977,0.309603179022153,0.5058477642807717
2021-01-14 02:30:00,0.0541997492620824,0.0852933200728443,-0.4534198581705245,0.0791904972662781,0.6736646628441534,-0.1968557048930566,0.2755268654846909,0.4560801769941826,0.5325442551338905,0.309603179022153,0.5058477642807717
2021-01-14 02:40:00,0.0542291312712194,0.08503810120327056,-0.4498811641216181,0.0789163306564259,0.0253497078569253,-0.19837130746593723,0.2906155666963078,0.483840327236189,0.5332023160160249,0.309603179022153,0.5058477642807717
2021-01-14 02:50:00,0.0541262573596523,0.08482605463479327,-0.44928332694250006,0.0787905683821491,-0.3388188664558811,-0.19763835045344347,0.298949645942743,0.4981770311428268,0.532914540919053,0.309603179022153,0.5058477642807717
2021-01-14 03:00:00,0.0542119996462868,0.08462523213592711,-0.4453301947124123,0.0733536501671167,-0.38925568068926,-0.2678763574165609,0.2933728120580391,0.4889730748629336,0.5345672551573459,0.309603179022153,0.5058477642807717
2021-01-14 03:10:00,0.0544091584756553,0.08380608827589216,-0.43197316328212676,0.0734031862600721,-0.2749103208275372,-0.2714995175702515,0.3059205336239379,0.51862212001094,0.5343130168494963,0.309603179022153,0.5058477642807717
2021-01-14 03:20:00,0.0543003922921962,0.08323287560676582,-0.4271109578367118,0.0734411250249427,0.3888816338481149,-0.27318706747394533,0.2887436954988691,0.4920333801845308,0.5342090440923484,0.309603179022153,0.5058477642807717
2021-01-14 03:30:00,0.0542844313765352,0.08262211420882314,-0.42003990034530214,0.0734388193467814,0.1319438151989871,-0.27528957513067925,0.2694057030697575,0.4433678643054994,0.5328915979703903,0.309603179022153,0.5058477642807717
2021-01-14 03:40:00,0.0544142205589085,0.08219307220743444,-0.4124454917616599,0.0734609471209068,-0.3752362665990105,-0.2756470229796686,0.2737571575486248,0.4505078051315791,0.5329236619881257,0.309603179022153,0.5058477642807717
2021-01-14 03:50:00,0.0542116403750373,0.0818157642377233,-0.41157428943021496,0.0736630474341179,-0.5751425992398751,-0.2734469753204847,0.2717649136570468,0.4538324799382509,0.5328775044158217,0.309603179022153,0.5058477642807717
2021-01-14 04:00:00,0.0541132025198951,0.08151431699163067,-0.409700478163389,0.0732116226182293,-0.4444273481073679,-0.2796138313706233,0.2501902879747286,0.4114228990978258,0.5345023272161442,0.309603179022153,0.5058477642807717
2021-01-14 04:10:00,0.0541236983619391,0.08119549091052237,-0.40558757767383363,0.0733409784945666,0.4836078773410079,-0.2779246623196731,0.271246792729141,0.4513460673782716,0.5347048559886143,0.309603179022153,0.5058477642807717
2021-01-14 04:20:00,0.0539759200459357,0.08093304983469335,-0.40508424561001527,0.0730614650202237,0.4732095988277507,-0.28180834277426764,0.2668641166101657,0.4477540152066607,0.5352078270907523,0.309603179022153,0.5058477642807717
2021-01-14 04:30:00,0.0539925237506832,0.0806787104326495,-0.40162914131019906,0.0725875083098599,0.2989873426145095,-0.28851055005011017,0.2709776116723656,0.4544283365137372,0.5331209817775746,0.309603179022153,0.5058477642807717
2021-01-14 04:40:00,0.0539426913404038,0.08041147968371841,-0.39923473658537595,0.0723302905454168,0.2502662369494146,-0.2923755176303366,0.2587022762912953,0.4341496696601717,0.5330326973855862,0.309603179022153,0.5058477642807717
2021-01-14 04:50:00,0.0540784220833218,0.0801724014999198,-0.3937440808449678,0.0723425672902058,0.1359378567556746,-0.2925749089804064,0.2683031784949266,0.4530283260584758,0.5325281863994327,0.309603179022153,0.5058477642807717
2021-01-14 05:00:00,0.0542901358482912,0.07990818855811459,-0.38653578241857406,0.072195619319831,-0.2270751367147383,-0.29374274836242664,0.2604038345741588,0.4430485651759178,0.5336742460071753,0.309603179022153,0.5058477642807717
2021-01-14 05:10:00,0.0541729421027825,0.07970657521975219,-0.3861705214174243,0.0723460923062681,0.4963261071440072,-0.2905226862740362,0.2444662198271447,0.3980792150877086,0.5328816911966556,0.309603179022153,0.5058477642807717
2021-01-14 05:20:00,0.0539637078791296,0.079534140432113,-0.3878746245678917,0.0720590507252463,-0.4822338863467834,-0.2937065109275438,0.2711015736507965,0.4448224358259398,0.5333692865561203,0.309603179022153,0.5058477642807717
2021-01-14 05:30:00,0.0538156267066866,0.07934520196616407,-0.38824409420450845,0.0721651384833767,0.5763166356604899,-0.29201644463131354,0.2766348558088075,0.456135241106281,0.5341525348740097,0.309603179022153,0.5058477642807717
2021-01-14 05:40:00,0.0547214870840044,0.0792379163749839,-0.3701984771805232,0.0717017456135922,0.1292724212083484,-0.29780108558895974,0.2615989595887046,0.4262702994921792,0.5371860398374707,0.309603179022153,0.5058477642807717
2021-01-14 05:50:00,0.0554330526615728,0.079061970627114,-0.3550559489868311,0.0707689470130533,-0.459615586894202,-0.31046180080346597,0.2893234195004145,0.4816137374070731,0.5378427794185134,0.309603179022153,0.5058477642807717
2021-01-14 06:00:00,0.055640495038693,0.07881884143702414,-0.34824080862523027,0.0705340055149094,0.0059099908412463,-0.31395836304885727,0.2844225256988252,0.4763697594222021,0.5369789159834563,0.309603179022153,0.5058477642807717
2021-01-14 06:10:00,0.0557607019408222,0.07860191885283228,-0.343326757041326,0.0705083336657705,0.579423401731205,-0.3146718996568081,0.2868788896246988,0.4809261733981654,0.5346997651585383,0.309603179022153,0.5058477642807717
2021-01-14 06:20:00,0.0553323408031618,0.07839813052230676,-0.3484425194580145,0.0708057222799217,0.718532045377529,-0.3107016797191943,0.2670517337693513,0.4428739408128294,0.5335722965783644,0.309603179022153,0.5058477642807717
2021-01-14 06:30:00,0.0553058467869898,0.07824680470074177,-0.34698936263478114,0.0707791116562279,-0.237725837610192,-0.311060092472335,0.2702112651900628,0.4506486018380289,0.5314538779467799,0.309603179022153,0.5058477642807717
2021-01-14 06:40:00,0.0553186640957325,0.07811622766794046,-0.3450874580638655,0.0695023437230014,-0.1133791152858165,-0.32899561574790687,0.2607723624575274,0.4385266444003232,0.5323229842810018,0.309603179022153,0.5058477642807717
2021-01-14 06:50:00,0.0553208596437244,0.07789164041748341,-0.3421685892542083,0.0685739756948159,-0.0953199509961422,-0.34364578461623047,0.2458408777962513,0.3950644403714314,0.5323930898253046,0.309603179022153,0.5058477642807717
2021-01-14 07:00:00,0.0551070549508731,0.07759640130408207,-0.3422433041680455,0.0688593579804869,0.6515729967658146,-0.3409543094345855,0.2545679158378822,0.4153860136063834,0.5326902405267363,0.309603179022153,0.5058477642807717
2021-01-14 07:10:00,0.0560947892413541,0.07733323872779967,-0.3210809348336358,0.0690591896871698,0.5530716636481969,-0.3389915337379461,0.2594865636198417,0.4275898188127075,0.5318872602121519,0.309603179022153,0.5058477642807717
2021-01-14 07:20:00,0.0557362347075796,0.07713349580189614,-0.324907163645387,0.0661338859160822,0.6614661941283018,-0.3829292955077857,0.2413348367831839,0.390089273561166,0.533130350033584,0.309603179022153,0.5058477642807717
2021-01-14 07:30:00,0.0555052157048912,0.07678066295132176,-0.32447583096102767,0.0662931939142153,-0.5181343937952221,-0.38326477993095426,0.2670951608745862,0.4402868745500334,0.5336325686653834,0.309603179022153,0.5058477642807717
2021-01-14 07:40:00,0.0554991522218861,0.07643404851273035,-0.32006051270203734,0.065813456322008,0.0948247940391056,-0.3922326749968631,0.2742045886392598,0.4586372888618635,0.5343286566938114,0.309603179022153,0.5058477642807717
2021-01-14 07:50:00,0.0552997103735742,0.07608928928062236,-0.3191398384881611,0.0660124990253241,-0.5123879767504391,-0.3908480855373712,0.2798267182351017,0.471049329540276,0.5337042769290631,0.309603179022153,0.5058477642807717
2021-01-14 08:00:00,0.0538851137543422,0.07579210245116659,-0.3411398408174199,0.0670402890581274,1.2892991467666093,-0.376859491587962,0.2733224007906258,0.4544820620415806,0.5340394783123918,0.309603179022153,0.5058477642807717
2021-01-14 08:10:00,0.0538854294679084,0.075632004328387,-0.3390194151806779,0.0670047004958003,-0.2492246303381406,-0.37831132091760344,0.2826258731607559,0.4697951772687297,0.5334011721439187,0.309603179022153,0.5058477642807717
2021-01-14 08:20:00,0.0539790008965782,0.07548061414237173,-0.3352807583104091,0.0672330508037677,-0.5548519537976304,-0.37542096563681565,0.2794712044084464,0.4719690448891585,0.5359602723922916,0.309603179022153,0.5058477642807717
2021-01-14 08:30:00,0.0539515901103429,0.07537136517317608,-0.33434026559495916,0.0672028690492002,0.3746940111167163,-0.37605481297144655,0.2719668498605659,0.4492370503723638,0.5367366196682325,0.309603179022153,0.5058477642807717
2021-01-14 08:40:00,0.0544432779410892,0.07528472020224206,-0.3241178072869902,0.0669459732952494,0.1398804728246716,-0.3799127265951953,0.2751037541199704,0.4579204903108325,0.5355339214125796,0.309603179022153,0.5058477642807717
2021-01-14 08:50:00,0.0549157164347462,0.07521862715596349,-0.3145993204210134,0.0669015081928677,-0.5582003000792923,-0.3790037547403191,0.2779320337465379,0.4683577690948357,0.5351911970012395,0.309603179022153,0.5058477642807717
2021-01-14 09:00:00,0.05499888044994,0.07514083361408261,-0.31205130465998715,0.0664690996291138,-0.2306269756754631,-0.38463391766501864,0.2505469475116181,0.4097845617289335,0.5363306351926596,0.309603179022153,0.5058477642807717
2021-01-14 09:10:00,0.0549722281111911,0.07503191361058711,-0.3110854235656706,0.0663486963915472,-0.3494023646171129,-0.3860469352894067,0.268956305058308,0.4474810016595885,0.5357615467908179,0.309603179022153,0.5058477642807717
2021-01-14 09:20:00,0.055159287641326,0.07489547516762048,-0.30586833861605844,0.0659385521156761,-0.1421384632065425,-0.39222241388762924,0.2720130307757806,0.4604871660448145,0.5362899964295003,0.309603179022153,0.5058477642807717
2021-01-14 09:30:00,0.0552109518114075,0.07473815796384473,-0.30282944184788724,0.0658227941041829,0.2432733072810222,-0.39419511673360874,0.2792378042031987,0.4756073040584959,0.5358189315251114,0.309603179022153,0.5058477642807717
2021-01-14 09:40:00,0.0553167783164458,0.07461089025308802,-0.2992102106293936,0.0657075940214987,0.2064276569832657,-0.39614655070133786,0.2646134148078204,0.4472279374506632,0.5360478025134541,0.309603179022153,0.5058477642807717
2021-01-14 09:50:00,0.054815749463766,0.07447510312642157,-0.306487331673697,0.06611924682168,-0.7508394819657482,-0.3900681235546562,0.2712129111934918,0.4567201892051953,0.5326133446795115,0.309603179022153,0.5058477642807717
2021-01-14 10:00:00,0.0539797138134837,0.07436886586722538,-0.32042907886779365,0.065458269025095,0.9839069976143476,-0.4006407762273843,0.2612693709502996,0.4436810603123851,0.5327919482671445,0.309603179022153,0.5058477642807717
2021-01-14 10:10:00,0.0542031938901036,0.07425881978922158,-0.3148167210973337,0.0654660275019816,-0.4342370738832812,-0.4010852319707154,0.2487279885191286,0.4047771781846341,0.53317717079722,0.309603179022153,0.5058477642807717
2021-01-14 10:20:00,0.0542102539716476,0.07418890616252975,-0.3137445481401915,0.0652370128209568,0.1262682544327376,-0.4048141586483184,0.264426544151091,0.4381828614297495,0.5338707161477847,0.309603179022153,0.5058477642807717
2021-01-14 10:30:00,0.0540768827903499,0.07405637695737528,-0.3144198645560887,0.0651740972707516,-0.3892501845550455,-0.4049992462331408,0.2725170197079282,0.4573810079880883,0.5347295521188218,0.309603179022153,0.5058477642807717
2021-01-14 10:40:00,0.054086610219163,0.07396583968964797,-0.31301670615748783,0.0651956417518684,0.1681367229934949,-0.4045414870232758,0.2597583634632718,0.4251006531731052,0.5364009655287294,0.309603179022153,0.5058477642807717
2021-01-14 10:50:00,0.0532158749043369,0.07389020626554534,-0.32822354002595605,0.0652480182901874,0.972099902050516,-0.40343231798311857,0.2857765953405698,0.4715837483626491,0.5360206405449606,0.309603179022153,0.5058477642807717
2021-01-14 11:00:00,0.053407178121495,0.07380789339893636,-0.3235205238289308,0.0648446377186931,-0.3371199606483799,-0.4099068797250121,0.29917298677705,0.505002383282387,0.5374102218171339,0.309603179022153,0.5058477642807717
2021-01-14 11:10:00,0.0533768420595177,0.07374515127065824,-0.32323826496899755,0.0648182810242119,-0.181041574676577,-0.4098397859869823,0.3135787436747628,0.5379787648242969,0.5372873147104402,0.309603179022153,0.5058477642807717
2021-01-14 11:20:00,0.0532685743002331,0.07367684938697222,-0.3243420733513608,0.0648164609281462,-0.3623369291396727,-0.4094916824622735,0.2917646780107329,0.4948483148959002,0.5362613559728353,0.309603179022153,0.5058477642807717
2021-01-14 11:30:00,0.0533183392772984,0.0735933135518357,-0.3222738246391528,0.0645533668915166,-0.1017350931798333,-0.4133808274345139,0.2949832275208876,0.5000280295816393,0.5336258431629775,0.309603179022153,0.5058477642807717
2021-01-14 11:40:00,0.0536983149087172,0.07348194458179595,-0.3136581027965262,0.0629050284235646,0.205143838694255,-0.43938200888280976,0.2760877560480307,0.467810886576507,0.5340403652340655,0.309603179022153,0.5058477642807717
2021-01-14 11:50:00,0.0536216733874677,0.07317343173203271,-0.3108790600115083,0.0628055821628191,0.389481911917855,-0.44256556997043317,0.2559462746844858,0.4176290809830782,0.5339873253611617,0.309603179022153,0.5058477642807717
2021-01-14 12:00:00,0.0535940191038428,0.07299506551122237,-0.30895436515973473,0.0628671047290039,-0.5086401309563726,-0.4426376307989575,0.2698755850136382,0.448120842154099,0.5343384398319683,0.309603179022153,0.5058477642807717
2021-01-14 12:10:00,0.0535020350058975,0.07281672682415494,-0.3082260022070166,0.062897297288978,-0.3577775396815141,-0.4429446336946597,0.2799048023145922,0.4734585596747759,0.535532634302876,0.309603179022153,0.5058477642807717
2021-01-14 12:20:00,0.0547282348998299,0.07266137744725297,-0.28343023046669175,0.0629466686498702,-0.2618697990357077,-0.44318373727035504,0.2609566302530889,0.4358754615382884,0.5373074999036056,0.309603179022153,0.5058477642807717
2021-01-14 12:30:00,0.0544168278645283,0.07254075539941703,-0.28747510558496353,0.0630384254477641,0.5830634085462805,-0.4422842410036967,0.28251817867634,0.4781944534585152,0.5352445749287456,0.309603179022153,0.5058477642807717
2021-01-14 12:40:00,0.0549294634640926,0.07243796631467327,-0.27668067887834596,0.0630064648729781,-0.0528583650327263,-0.44332442356321683,0.2882052377464077,0.492426390085095,0.5356925473707713,0.309603179022153,0.5058477642807717
2021-01-14 12:50:00,0.054829684738177,0.0723430750937212,-0.27718799492486945,0.0631054955176106,0.3538457187046262,-0.4421507416265082,0.2956242987899226,0.5063127579921771,0.5357066435330101,0.309603179022153,0.5058477642807717
2021-01-14 13:00:00,0.0546815407727581,0.0722381947933628,-0.27844273032521816,0.062880538522213,0.4043307328181811,-0.44592403091469274,0.2846997469647527,0.4843363544502715,0.5365036605658311,0.309603179022153,0.5058477642807717
2021-01-14 13:10:00,0.0559742072590129,0.0721244411213815,-0.2535019760749286,0.0628738701950791,-0.0595338852471982,-0.4460305971443158,0.2909623370740621,0.4963502645577036,0.5348001765026158,0.309603179022153,0.5058477642807717
2021-01-14 13:20:00,0.055845534722455,0.07205729252820658,-0.2548719610847881,0.0631845829314339,0.6258518539084434,-0.4401431339679151,0.2819619385862942,0.4807814335741272,0.535461015416943,0.309603179022153,0.5058477642807717
2021-01-14 13:30:00,0.0562155716475444,0.07204530713406901,-0.2481013927619619,0.0630918746225454,-0.15867154795135,-0.44004753870332547,0.2687911163513106,0.4386883702781767,0.5357345765292432,0.309603179022153,0.5058477642807717
2021-01-14 13:40:00,0.0556989135037501,0.07198042702552465,-0.2564335946646306,0.0633061604149703,0.8067466309624294,-0.43418468221869455,0.2889091469171455,0.4831244479840554,0.5374473415326004,0.309603179022153,0.5058477642807717
2021-01-14 13:50:00,0.0556646291278783,0.07195403177868438,-0.2566825470178239,0.0632428137919102,0.2489513561384271,-0.4325350285761717,0.3041051301480482,0.5234530673510531,0.5391321163039378,0.309603179022153,0.5058477642807717
2021-01-14 14:00:00,0.0558911498213996,0.07190436446715011,-0.2519309187861225,0.0633561829580076,0.5340679439761686,-0.42838871650567834,0.2747704819685012,0.4668456163155161,0.5394795616685872,0.309603179022153,0.5058477642807717
2021-01-14 14:10:00,0.0558708502221594,0.07190433218670116,-0.2522937346352326,0.0609782033650024,0.1726774566042976,-0.4627561530859781,0.2927594287195712,0.5048593805182062,0.5374403933445187,0.309603179022153,0.5058477642807717
2021-01-14 14:20:00,0.0560323446960753,0.07169377172367655,-0.2464747701976747,0.060852217620923,-0.0525810850202645,-0.46248843264391015,0.2885074259831219,0.4952127838357704,0.5370278316802362,0.309603179022153,0.5058477642807717
2021-01-14 14:30:00,0.055773520691632,0.071524106229135,-0.2487353257542448,0.0615256157851926,0.9318192026615436,-0.44712607800347137,0.2883598691982441,0.4919999521963105,0.5354166636175248,0.309603179022153,0.5058477642807717
2021-01-14 14:40:00,0.0557536783159207,0.07145934931724454,-0.24818536007703965,0.0615374388085695,-0.1496014901107401,-0.44196923483246925,0.2756808957715775,0.4669205936095886,0.5357943899914566,0.309603179022153,0.5058477642807717
2021-01-14 14:50:00,0.0557511585889426,0.07138928329727,-0.2472495722158259,0.0594398078006202,-0.053032313072876,-0.4730212154285865,0.283759055671744,0.4813194821288693,0.534784379062919,0.309603179022153,0.5058477642807717
2021-01-14 15:00:00,0.0561723632557691,0.07113330148768919,-0.23613072357724968,0.0594434216686418,0.072016095123395,-0.47009293482128256,0.2679793469928616,0.457681106071622,0.5356408315109118,0.309603179022153,0.5058477642807717
2021-01-14 15:10:00,0.0561188528818087,0.07088211653984407,-0.23354635216754113,0.0590150622687804,0.2583459640730368,-0.47468866975799073,0.2520580396573988,0.410453057343104,0.5339823378701511,0.309603179022153,0.5058477642807717
2021-01-14 15:20:00,0.0561566949695424,0.07059649562898,-0.22883459855557906,0.0590508532003216,0.404503171493964,-0.4725153436544955,0.2659891701242288,0.4400068979972287,0.5339747010434783,0.309603179022153,0.5058477642807717
2021-01-14 15:30:00,0.0579367503457804,0.07037520019356461,-0.19448902689786965,0.0590809932948628,-0.2477490336573851,-0.47035268289942905,0.2741617989139452,0.4598206060565968,0.5347169377959129,0.309603179022153,0.5058477642807717
2021-01-14 15:40:00,0.0590786181027192,0.07020806811976067,-0.1725941677912495,0.0592723960345375,-0.5284503926734629,-0.4651093976661225,0.2593349091635332,0.4305671848867078,0.5357322703301814,0.309603179022153,0.5058477642807717
2021-01-14 15:50:00,0.0593343032620491,0.07009732176059737,-0.1666969787242081,0.0592393495035299,0.0235494476317654,-0.4630226041784686,0.2814378851663548,0.4761347513070978,0.5343862984536651,0.309603179022153,0.5058477642807717
2021-01-14 16:00:00,0.0623594472574573,0.06993631310339558,-0.11466983469500232,0.0596139195254277,0.673380836005677,-0.45400302239599516,0.2900807620564793,0.4920340935245739,0.5344125732025131,0.309603179022153,0.5058477642807717
2021-01-14 16:10:00,0.0626975637195094,0.06987633377803935,-0.10840442861511704,0.059551954679107,0.1732320283798216,-0.45029658078701057,0.2966694975511908,0.4990246350230338,0.5336484506440335,0.309603179022153,0.5058477642807717
2021-01-14 16:20:00,0.0666514291301115,0.06980180419842866,-0.046183368842208555,0.0596681610711829,-0.4456086074542398,-0.4437984662604079,0.2914983838733235,0.4910597427665014,0.5356698924710556,0.309603179022153,0.5058477642807717
2021-01-14 16:30:00,0.0666406519726282,0.06974794510187915,-0.04557317804898248,0.0595386075840465,-0.1504150294664441,-0.4423410865204631,0.307978844956669,0.5281188822025373,0.5357305742578339,0.309603179022153,0.5058477642807717
2021-01-14 16:40:00,0.0665771939482859,0.06969035425469411,-0.04569983303679481,0.059574738557144,-0.4167160413883763,-0.43870679440140775,0.2869035682515599,0.4930276793686469,0.5356308308474841,0.309603179022153,0.5058477642807717
2021-01-14 16:50:00,0.0664354822974745,0.06965878835996087,-0.047377585453379834,0.0597385360366846,-0.4869453600852225,-0.4331884451421998,0.2712666421563973,0.4509606350637386,0.5347156057250683,0.309603179022153,0.5058477642807717
2021-01-14 17:00:00,0.0673336743747862,0.06964219512531537,-0.03371016175215939,0.0600035540787963,0.5634687773911295,-0.4252123472887662,0.2784761318602357,0.4651155276503116,0.534412742992088,0.309603179022153,0.5058477642807717
2021-01-14 17:10:00,0.067473882303098,0.06964703302757283,-0.031699506847321264,0.0599947284723464,0.078359985213261,-0.42254090190002025,0.2782404629996987,0.4715249135381005,0.5346974554894297,0.309603179022153,0.5058477642807717
2021-01-14 17:20:00,0.0673094275242671,0.06968335738630035,-0.03466120538541717,0.0602717955278587,0.6028057997033542,-0.41460786372568087,0.2603361127797333,0.4356579979145843,0.5366798699481538,0.309603179022153,0.5058477642807717
2021-01-14 17:30:00,0.0679033410368233,0.06976184208865596,-0.027001946730233217,0.0602581035871124,-0.1427084840061709,-0.41149775948024375,0.2839404996445656,0.4834749591684283,0.5365219350488534,0.309603179022153,0.5058477642807717
2021-01-14 17:40:00,0.0677093200654753,0.06976025942649335,-0.02984066085247534,0.0604683262412513,-0.5460690741779572,-0.40549598279443955,0.2854827870464625,0.4910889777451172,0.5370578514365634,0.309603179022153,0.5058477642807717
2021-01-14 17:50:00,0.0679573195512638,0.06981157985818563,-0.026920042094220702,0.0604645106011164,-0.2088288839882324,-0.4029959116133394,0.2889939607223277,0.4933000467820582,0.5342748476658328,0.309603179022153,0.5058477642807717
2021-01-14 18:00:00,0.0683487366613243,0.06988284943741313,-0.022197180961042815,0.0604684997801584,0.0696158867850016,-0.40104039597946306,0.275851055638124,0.4684910916351173,0.5340391947756689,0.309603179022153,0.5058477642807717
2021-01-14 18:10:00,0.0683350165086296,0.06992871843162074,-0.023054093101150523,0.0604536662082459,0.1614397738849859,-0.3988276405489151,0.2867225860255847,0.4896092730409082,0.5333870736727367,0.309603179022153,0.5058477642807717
2021-01-14 18:20:00,0.0687832528299053,0.06996908100529763,-0.01709314740858769,0.0600863078219706,-0.3122340446028104,-0.40227804723325467,0.2779200417309123,0.4803091550169233,0.5345344533884385,0.309603179022153,0.5058477642807717
2021-01-14 18:30:00,0.0689979347680916,0.06995832208756168,-0.013823092727919345,0.0581992367063028,0.1394229344001019,-0.4323700939121905,0.2646646849390376,0.4442879421821715,0.5341441252759505,0.309603179022153,0.5058477642807717
2021-01-14 18:40:00,0.0730979683194554,0.06963942543626489,0.04846970882045948,0.0579970703539423,-0.0468919286456426,-0.4362516188005285,0.2857151843138082,0.4852668419030501,0.5345989117358549,0.309603179022153,0.5058477642807717
2021-01-14 18:50:00,0.0748767077258296,0.06948124721930055,0.07478597188714152,0.0579365391844115,-0.1843353557807958,-0.43692830644202646,0.2949579964462322,0.5050726298278582,0.535721378224207,0.309603179022153,0.5058477642807717
2021-01-14 19:00:00,0.0748504546671768,0.0693535757650744,0.07627447865313525,0.0580117221172981,0.4607840302451649,-0.4355957017388294,0.283250921529535,0.4815551963963687,0.5389102709292372,0.309603179022153,0.5058477642807717
2021-01-14 19:10:00,0.076266610776619,0.06924130357909702,0.09663768091684592,0.057878112419725,0.0284491644913842,-0.4372962608783114,0.3122397436678935,0.5438714008170696,0.538651131542697,0.309603179022153,0.5058477642807717
2021-01-14 19:20:00,0.076235565865893,0.06908906968854588,0.09843156024988747,0.0578617324114235,0.2254876594065535,-0.43721191088664296,0.3058456260345221,0.5340817595089186,0.5375878720965128,0.309603179022153,0.5058477642807717
2021-01-14 19:30:00,0.0765098461426345,0.06897201004179775,0.10371866956695863,0.057385257013812,-0.2808269551291431,-0.44471637445678475,0.3085116828092216,0.5370069367146431,0.5355587698850268,0.309603179022153,0.5058477642807717
2021-01-14 19:40:00,0.0764865829752532,0.06883103123236359,0.10546066089862481,0.0574894794895659,0.3994730136374969,-0.44254702993272993,0.2850175993024127,0.4886366591781872,0.5356268717910357,0.309603179022153,0.5058477642807717
2021-01-14 19:50:00,0.0765449442107232,0.06873398630690683,0.10763429137080636,0.0577092856326408,0.5123621701638825,-0.4381803650706215,0.2865096037549775,0.4923879783455282,0.5344870991123936,0.309603179022153,0.5058477642807717
2021-01-14 20:00:00,0.0768289758423268,0.06867620355003501,0.11217910148281876,0.0576945939832867,-0.5122614689815563,-0.4377854392960714,0.2759139337708464,0.4790609163083593,0.5359573496558863,0.309603179022153,0.5058477642807717
2021-01-14 20:10:00,0.0768290197388664,0.06860669014100486,0.11319237606717963,0.0574918347717951,-0.1074302672519067,-0.43996034404512785,0.2630573248453219,0.4409634288711893,0.5359364677979768,0.309603179022153,0.5058477642807717
2021-01-14 20:20:00,0.0773607718030478,0.0685612861347297,0.12075179449524072,0.0563975548413248,-0.1964434712881768,-0.4580854551099379,0.2781964277944361,0.4749496074794699,0.5355634446786222,0.309603179022153,0.5058477642807717
2021-01-14 20:30:00,0.0775463757182901,0.06839545512975934,0.12556977680707015,0.056298222996105,0.0275712739371769,-0.4598623938772597,0.2825039215966179,0.4858050824630324,0.5341743649612274,0.309603179022153,0.5058477642807717
2021-01-14 20:40:00,0.0786523787195001,0.0682574211468799,0.14175171050769367,0.0559244095306219,0.1048629661388744,-0.4650378480724623,0.2641122822683242,0.4475322801198569,0.5354503103423124,0.309603179022153,0.5058477642807717
2021-01-14 20:50:00,0.0782755005034881,0.06812042371096551,0.13895758551770757,0.0562968419910087,-0.7734330892640529,-0.4572309688015298,0.2855412417370138,0.4890227028146963,0.5352134259851873,0.309603179022153,0.5058477642807717
2021-01-14 21:00:00,0.0784278533674878,0.06803423428367,0.14216811296839874,0.0562423516386577,0.2064556959100016,-0.4574300979509087,0.2909070070986447,0.5044038948938903,0.5357576491549383,0.309603179022153,0.5058477642807717
2021-01-14 21:10:00,0.076622393523833,0.06793562582092676,0.12032879998721929,0.0588850100059331,-1.744477712211534,-0.4109060488313481,0.2949146624018223,0.5111832550580386,0.5349453479348043,0.309603179022153,0.5058477642807717
2021-01-14 21:20:00,0.0768368683873415,0.06805087452767711,0.1214290018233277,0.0590509744390255,-0.5427711770229493,-0.4076929830937172,0.2848553132618667,0.4864588617864351,0.5348369238654427,0.309603179022153,0.5058477642807717
2021-01-14 21:30:00,0.0770382805590705,0.06816897853283113,0.12231284728659819,0.0589056526165298,-0.097770371010597,-0.4094571029186907,0.3003011494151619,0.5131698357130434,0.5344180159411824,0.309603179022153,0.5058477642807717
2021-01-14 21:40:00,0.0770000921648418,0.06823905170292913,0.12078961221079242,0.0555132984844903,0.3643225516961834,-0.4685644962485707,0.2981078898574131,0.5174777042302205,0.5371181717938687,0.309603179022153,0.5058477642807717
2021-01-14 21:50:00,0.0768603342994313,0.06803447251837352,0.12197540906581623,0.0554875246074205,0.4646990806001838,-0.4692274790495018,0.2899560845952778,0.4957386378305656,0.537941838510775,0.309603179022153,0.5058477642807717
2021-01-14 22:00:00,0.0769150695554736,0.06786571235621151,0.12517088596296824,0.0552075029151152,0.0196526326982748,-0.47441474965804026,0.2940315880066025,0.5060500768533944,0.5367804595189976,0.309603179022153,0.5058477642807717
2021-01-14 22:10:00,0.0768064178626365,0.06764495338741354,0.1270154496034474,0.0553342089220854,-0.4456433708568852,-0.47263903363520554,0.2962609559367927,0.5145795729624525,0.5361014100146297,0.309603179022153,0.5058477642807717
2021-01-14 22:20:00,0.0768686730734899,0.06750626089553358,0.1298780736716687,0.0552918949447226,-0.1176980958746298,-0.4734897249765032,0.2680232965187596,0.45229671366618,0.5374200301507746,0.309603179022153,0.5058477642807717
2021-01-14 22:30:00,0.0777414821560451,0.06737722141781397,0.14308199115826328,0.0552454229186276,-0.1893788487931758,-0.473986180493295,0.2824258972384524,0.4816734206758656,0.536334789162499,0.309603179022153,0.5058477642807717
2021-01-14 22:40:00,0.077196050978617,0.06726095962923406,0.137768328927164,0.0561391344837257,1.0006091633966818,-0.4574420670345464,0.283926533589011,0.4891646058212529,0.536702197229918,0.309603179022153,0.5058477642807717
2021-01-14 22:50:00,0.0771302124272872,0.06724540091023876,0.13714643589664993,0.0562266896914403,0.3189297916311062,-0.4547341455376912,0.2912816267598052,0.5020454204241243,0.5361317003248753,0.309603179022153,0.5058477642807717
2021-01-14 23:00:00,0.0771508002205946,0.06720871254467436,0.1379590609373527,0.0560782413746183,-0.244069252798873,-0.4565644672789594,0.2701469860976869,0.4653362117178747,0.5358324729387458,0.309603179022153,0.5058477642807717
2021-01-14 23:10:00,0.0771701029324775,0.06716108416411107,0.13891813922671767,0.0562116048308886,0.4753066492952484,-0.4523799928837999,0.2656221259377866,0.4486090318968967,0.532696401383161,0.309603179022153,0.5058477642807717
2021-01-14 23:20:00,0.0769553911868339,0.0671463179384897,0.13635183065306344,0.0560704795606386,-0.5902785084986206,-0.4528005506430853,0.2627373620327666,0.4573536750717068,0.5335142180713263,0.309603179022153,0.5058477642807717
2021-01-14 23:30:00,0.0768972662825588,0.06714733964778706,0.13558102275616885,0.0559796657308256,0.3107821973829416,-0.4523780636333202,0.2516166729559024,0.4238460394729981,0.5337516121415706,0.309603179022153,0.5058477642807717
2021-01-14 23:40:00,0.076870065471377,0.0671309585178429,0.13547121869569262,0.0560102064986376,0.4487482148853416,-0.4497425061318105,0.2664606944740804,0.457963307010481,0.5338550109174214,0.309603179022153,0.5058477642807717
2021-01-14 23:50:00,0.0768784040481358,0.06712311377381855,0.13569655321690174,0.0558628271398047,-0.1077724225568843,-0.4503703247640916,0.2728006225317527,0.4742068192527477,0.5339701122812706,0.309603179022153,0.5058477642807717
2021-01-15 00:00:00,0.0775221942332797,0.06708053292541309,0.1446703910168121,0.0546886870901379,1.101604922714472,-0.4693824799598258,0.2570127988303661,0.4328201034920199,0.534984161446852,0.277240943791649,0.4669770079113207
2021-01-15 00:10:00,0.0775409911513066,0.06694065733712758,0.1470001990820935,0.0544228932292861,-0.0406172616820299,-0.47371839299672475,0.284493428452147,0.4837175050246674,0.534439654160725,0.277240943791649,0.4669770079113207
2021-01-15 00:20:00,0.0774541503681199,0.06678175820562808,0.1482561906416638,0.054471740492592,-0.3823014222628984,-0.4723743852655722,0.2935718433383472,0.5084988522953883,0.5365269845050449,0.277240943791649,0.4669770079113207
2021-01-15 00:30:00,0.077198479640419,0.06662999435734783,0.1472249211717674,0.0548537191020808,0.6763027152835832,-0.464119540697991,0.3085550780947443,0.5416994327626096,0.5370387791525654,0.277240943791649,0.4669770079113207
2021-01-15 00:40:00,0.0772581053865114,0.06653089014159017,0.14948548115471702,0.054902517243819,-0.2341168094320167,-0.4615847451975983,0.2825088114229753,0.4915473339772292,0.5359004445039021,0.277240943791649,0.4669770079113207
2021-01-15 00:50:00,0.077239198223067,0.06646471108159391,0.1502359307887078,0.0549655327037601,-0.2642565887084558,-0.4588569762937981,0.2788300586349074,0.4762096031720982,0.5330794599633533,0.277240943791649,0.4669770079113207
2021-01-15 01:00:00,0.0776686953008267,0.06640879206909517,0.1566228259135976,0.054833589453189,0.1074858908078013,-0.45952339018512106,0.2693732544186619,0.4659359712979135,0.5332780090657775,0.277240943791649,0.4669770079113207
2021-01-15 01:10:00,0.0776529896785988,0.06635037059558958,0.1573007046041858,0.0547314003424743,0.2608706685007789,-0.4588508214425347,0.2510252072613134,0.4194270747706062,0.5323744784347155,0.277240943791649,0.4669770079113207
2021-01-15 01:20:00,0.0776646545802552,0.06627897713947083,0.15852749784668246,0.0542534032393358,-0.381319349283693,-0.4656447860776762,0.2651533636670489,0.4526511394848801,0.5323267294578786,0.277240943791649,0.4669770079113207
2021-01-15 01:30:00,0.0776769761539529,0.06616821503220802,0.16035868409215798,0.0536588473966666,0.3503908924098908,-0.4749823222578205,0.2728363047449929,0.4720242589016049,0.5327085184336608,0.277240943791649,0.4669770079113207
2021-01-15 01:40:00,0.0771345314552308,0.06601851082370569,0.15561588936953533,0.0546858790576151,-1.0741053279904378,-0.4540920711022542,0.2542008740959541,0.4305100073655185,0.5343980684302956,0.277240943791649,0.4669770079113207
2021-01-15 01:50:00,0.0771386576924041,0.06599481375202779,0.1560283922763913,0.054666474650814,0.0487762910497124,-0.45259086984200464,0.2755520798449152,0.4719426244914682,0.5319719707881687,0.277240943791649,0.4669770079113207
2021-01-15 02:00:00,0.0772916757229402,0.06597701805947159,0.1582797916970049,0.0546812618828188,0.1280106068222153,-0.4506785661408343,0.2797177104518726,0.4851136649133837,0.531880993767013,0.277240943791649,0.4669770079113207
2021-01-15 02:10:00,0.0780887629855391,0.06596465539125501,0.1687270924601919,0.0545006258156372,0.1455672468766877,-0.45247904201350325,0.2902582239340426,0.5039284108656569,0.5317772831233354,0.277240943791649,0.4669770079113207
2021-01-15 02:20:00,0.0780644289776191,0.06592497235991335,0.16901718528893012,0.0545653523239246,0.2750624114923994,-0.4498558753965347,0.2782717867263221,0.4834593355666955,0.5319672489037485,0.277240943791649,0.4669770079113207
2021-01-15 02:30:00,0.0781679059911755,0.06587889310057551,0.1710410505740572,0.0541997492620824,-0.2370137893683122,-0.4534198581705245,0.2725091333032681,0.4661361009535352,0.5302848071056314,0.277240943791649,0.4669770079113207
2021-01-15 02:40:00,0.0782852662963785,0.0658077042581594,0.17362249791730675,0.0542291312712194,-0.1802808677423328,-0.4498811641216181,0.2677203939987593,0.4642863409310741,0.5312442997783,0.277240943791649,0.4669770079113207
2021-01-15 02:50:00,0.0792671542575463,0.06575227768928375,0.1869295347223385,0.0541262573596523,0.0576957328418004,-0.44928332694250006,0.2614649263402964,0.4364976800956187,0.5318770510213993,0.277240943791649,0.4669770079113207
2021-01-15 03:00:00,0.0792505842373513,0.06567285449430282,0.18792911830222245,0.0542119996462868,-0.4943801005357073,-0.4453301947124123,0.2824393736133869,0.4848440939567919,0.5336995249461083,0.277240943791649,0.4669770079113207
2021-01-15 03:10:00,0.0790676637455529,0.0656277910535125,0.1863047386391705,0.0544091584756553,-0.5382674876836191,-0.43197316328212676,0.3004358278414635,0.5323049028354501,0.535070931043567,0.277240943791649,0.4669770079113207
2021-01-15 03:20:00,0.0790514222335504,0.06559076279111671,0.18666368013869733,0.0543003922921962,-0.1816306574303539,-0.4271109578367118,0.2717884799733228,0.4710483093349131,0.5356216682960451,0.277240943791649,0.4669770079113207
2021-01-15 03:30:00,0.0790587370184243,0.06552931390362793,0.187693499727054,0.0542844313765352,-0.0088339256800296,-0.42003990034530214,0.2924937326599419,0.5134821650542372,0.5337997464075199,0.277240943791649,0.4669770079113207
2021-01-15 03:40:00,0.0789523727483561,0.06550973947182684,0.18664596824708182,0.0544142205589085,-0.5309249922248682,-0.4124454917616599,0.2858339630638795,0.5018877952133346,0.5337664985347925,0.277240943791649,0.4669770079113207
2021-01-15 03:50:00,0.0790246183572708,0.06549248207306897,0.1878240701543194,0.0542116403750373,0.332767998234118,-0.41157428943021496,0.281018886070667,0.4965058502143429,0.532552273132653,0.277240943791649,0.4669770079113207
2021-01-15 04:00:00,0.0791511795451181,0.06544569013398487,0.19013904843107124,0.0541132025198951,-0.3014681008229658,-0.409700478163389,0.2712913689795655,0.4792939951972207,0.5332242386220056,0.277240943791649,0.4669770079113207
2021-01-15 04:10:00,0.078996918624958,0.06543470600571219,0.18835605638263206,0.0541236983619391,-0.4952140478380329,-0.40558757767383363,0.2702168990938262,0.4699204991710586,0.5318478043075404,0.277240943791649,0.4669770079113207
2021-01-15 04:20:00,0.0789761411600692,0.06537267136891271,0.1890414940658781,0.0539759200459357,0.2533367891434324,-0.40508424561001527,0.2652330465593784,0.4690734537403234,0.5333614678512915,0.277240943791649,0.4669770079113207
2021-01-15 04:30:00,0.0790988537839303,0.06531883653640246,0.1914179277548357,0.0539925237506832,0.327597607854635,-0.40162914131019906,0.2487758250208253,0.4211917691262999,0.5310949632721625,0.277240943791649,0.4669770079113207
2021-01-15 04:40:00,0.0791100794295291,0.06529229238131705,0.19196629773278992,0.0539426913404038,-0.0940556757285548,-0.39923473658537595,0.2611523658120032,0.4509487628120949,0.530655531510293,0.277240943791649,0.4669770079113207
2021-01-15 04:50:00,0.0790232662670182,0.06525529173359315,0.19143517653680178,0.0540784220833218,-0.4063212530223126,-0.3937440808449678,0.268310340793729,0.4680649792798538,0.531367364086283,0.277240943791649,0.4669770079113207
2021-01-15 05:00:00,0.0790155099515249,0.06527048821190254,0.19110416919619955,0.0542901358482912,0.5300889281564025,-0.38653578241857406,0.2478193560692273,0.4243015018265962,0.5333259576952645,0.277240943791649,0.4669770079113207
2021-01-15 05:10:00,0.0791912731507302,0.0653092873664415,0.19273185295696904,0.0541729421027825,0.3452935868038409,-0.3861705214174243,0.2660972550417712,0.4633492030955154,0.5319883395799523,0.277240943791649,0.4669770079113207
2021-01-15 05:20:00,0.0796321472396323,0.06531402455575462,0.19821108674814422,0.0539637078791296,-0.079313561685268,-0.3878746245678917,0.2685602207945009,0.4686714891727262,0.531561235341359,0.277240943791649,0.4669770079113207
2021-01-15 05:30:00,0.0795642514228198,0.06531622309923635,0.19732444432044546,0.0538156267066866,-0.4153792992351413,-0.38824409420450845,0.2738602810861214,0.4758686482083391,0.5306884281635693,0.277240943791649,0.4669770079113207
2021-01-15 05:40:00,0.0789392670728051,0.0652702406966108,0.1901425852336243,0.0547214870840044,-0.9999530325966788,-0.3701984771805232,0.2731612066545416,0.4778401325303769,0.5317608672048937,0.277240943791649,0.4669770079113207
2021-01-15 05:50:00,0.0783158191844339,0.0653136574980301,0.18154845113769014,0.0554330526615728,-0.9975310895779188,-0.3550559489868311,0.282079633694666,0.4937582283361965,0.5304174966531452,0.277240943791649,0.4669770079113207
2021-01-15 06:00:00,0.0782754842382802,0.06544000956045387,0.1791006151760497,0.055640495038693,-0.4800505553511414,-0.34824080862523027,0.2731430588632422,0.4828386687604796,0.5303646506838231,0.277240943791649,0.4669770079113207
2021-01-15 06:10:00,0.0780203547781502,0.06550714050020287,0.17481059937028132,0.0557607019408222,0.6853053380046603,-0.343326757041326,0.2570308643701111,0.4393912742620528,0.5286268687395947,0.277240943791649,0.4669770079113207
2021-01-15 06:20:00,0.078057530060049,0.06562704232467054,0.1734582781293438,0.0553323408031618,0.2010195972404815,-0.3484425194580145,0.2610788662745537,0.4475011454238934,0.5284467997920816,0.277240943791649,0.4669770079113207
2021-01-15 06:30:00,0.0780702666962038,0.06566668178497075,0.17301760594488597,0.0553058467869898,0.1649274827157043,-0.34698936263478114,0.2628384059279722,0.4557586603955,0.5291498292439718,0.277240943791649,0.4669770079113207
2021-01-15 06:40:00,0.0781093552238371,0.06570074779374173,0.17299952749823463,0.0553186640957325,0.1644199163360227,-0.3450874580638655,0.2452523235944192,0.4171652918121983,0.5311718767557135,0.277240943791649,0.4669770079113207
2021-01-15 06:50:00,0.0781185521052482,0.06570525196862614,0.17304871066239338,0.0553208596437244,-0.1073081399505682,-0.3421685892542083,0.2665651595463261,0.46099514974538,0.5305380236505839,0.277240943791649,0.4669770079113207
2021-01-15 07:00:00,0.0788299184958896,0.06573183098081956,0.18170930317091183,0.0551070549508731,-0.434105179067501,-0.3422433041680455,0.2708099674011826,0.4752544416412941,0.5309733913661852,0.277240943791649,0.4669770079113207
2021-01-15 07:10:00,0.0782007104082681,0.0657303938943787,0.17371729714530224,0.0560947892413541,1.1850177263925232,-0.3210809348336358,0.2679829063652408,0.4702458748266827,0.5282942789015199,0.277240943791649,0.4669770079113207
2021-01-15 07:20:00,0.0781920515756207,0.065841329924231,0.1719202446298193,0.0557362347075796,0.1912127596142454,-0.324907163645387,0.2562984103849523,0.4479172674541664,0.5282492852542524,0.277240943791649,0.4669770079113207
2021-01-15 07:30:00,0.0781872117133994,0.06585354356449177,0.17167286168748358,0.0555052157048912,-0.1071184424574767,-0.32447583096102767,0.2458971600861041,0.415167678007482,0.527286242029849,0.277240943791649,0.4669770079113207
2021-01-15 07:40:00,0.0781951411160055,0.06588390773240868,0.17131329209020385,0.0554991522218861,0.0475500849674404,-0.32006051270203734,0.2427526851693325,0.4160261453167534,0.5291441882841422,0.277240943791649,0.4669770079113207
2021-01-15 07:50:00,0.0782386027508407,0.06589588073388172,0.17168723534264682,0.0552997103735742,0.2038679456154213,-0.3191398384881611,0.2269814355304213,0.3743976370095521,0.5285869989469745,0.277240943791649,0.4669770079113207
2021-01-15 08:00:00,0.0782481343598711,0.06587322178686957,0.17215297434018284,0.0538851137543422,-0.3431726373491983,-0.3411398408174199,0.2318875366804551,0.3852500382524468,0.5277411291863413,0.277240943791649,0.4669770079113207
2021-01-15 08:10:00,0.0782083374229024,0.06575390378645128,0.17345721605594627,0.0538854294679084,-0.2499063076284002,-0.3390194151806779,0.2620218718421451,0.4560025560235214,0.5288177679143664,0.277240943791649,0.4669770079113207
2021-01-15 08:20:00,0.0779756954195314,0.06567347784626446,0.1717020227094687,0.0539790008965782,0.6393676400566761,-0.3352807583104091,0.2388387119821011,0.3968872399892741,0.5322162078232433,0.277240943791649,0.4669770079113207
2021-01-15 08:30:00,0.0812076885808926,0.06559196439305454,0.2135567352031862,0.0539515901103429,-0.3328828298116093,-0.33434026559495916,0.2636229686827636,0.4611083853376077,0.5316445471101725,0.277240943791649,0.4669770079113207
2021-01-15 08:40:00,0.0810744874520086,0.06551361334913725,0.21311037183661263,0.0544432779410892,0.7433242374899507,-0.3241178072869902,0.2716089274177305,0.4843587329492176,0.5306416654776221,0.277240943791649,0.4669770079113207
2021-01-15 08:50:00,0.0808022197742051,0.06545743890332457,0.21060429390056584,0.0549157164347462,-0.9100777772895086,-0.3145993204210134,0.2682457396620997,0.4810985758750419,0.5278765106247147,0.277240943791649,0.4669770079113207
2021-01-15 09:00:00,0.0808485339803005,0.06548371353534316,0.21077598986349985,0.05499888044994,-0.3802606921082585,-0.31205130465998715,0.2619588441995278,0.4636634524955476,0.527677193962663,0.277240943791649,0.4669770079113207
2021-01-15 09:10:00,0.0807918905807269,0.06548267971274543,0.2100909205838682,0.0549722281111911,0.3045851933702437,-0.3110854235656706,0.2455899951468215,0.4180298615911408,0.5249834593510226,0.277240943791649,0.4669770079113207
2021-01-15 09:20:00,0.0806600295461272,0.06550533774080587,0.20811152420279308,0.055159287641326,0.4756204775025807,-0.30586833861605844,0.2436778421881982,0.4205546735751032,0.526049295048991,0.277240943791649,0.4669770079113207
2021-01-15 09:30:00,0.0806412984125643,0.0655500241465379,0.20719732696183926,0.0552109518114075,0.3408867411115679,-0.30282944184788724,0.2335386441537679,0.3896940876220892,0.5253504455333388,0.277240943791649,0.4669770079113207
2021-01-15 09:40:00,0.080545294615601,0.06556800998831083,0.20573176782802668,0.0553167783164458,0.3994746693598117,-0.2992102106293936,0.2344081995299443,0.3943734471314596,0.5251181491905236,0.277240943791649,0.4669770079113207
2021-01-15 09:50:00,0.0805866645207596,0.06559614603150027,0.20581623852334743,0.054815749463766,-0.1093809275609203,-0.306487331673697,0.2571164780912383,0.4517401629642459,0.5240195134245669,0.277240943791649,0.4669770079113207
2021-01-15 10:00:00,0.0812496316433671,0.06558305525155288,0.21420892908785907,0.0539797138134837,0.2418762515562278,-0.32042907886779365,0.2280523176570917,0.379411380864202,0.5254610949809018,0.277240943791649,0.4669770079113207
2021-01-15 10:10:00,0.0810112428213563,0.06551354228872784,0.212331071533716,0.0542031938901036,-0.6559947266254085,-0.3148167210973337,0.2569810049152263,0.4475082781380227,0.5247467247591691,0.277240943791649,0.4669770079113207
2021-01-15 10:20:00,0.0810191570039983,0.06542659693821486,0.21375677612814914,0.0542102539716476,0.1536155913349546,-0.3137445481401915,0.2700081577118425,0.4796079350601639,0.5249613078167334,0.277240943791649,0.4669770079113207
2021-01-15 10:30:00,0.0813559345093876,0.0653918189449249,0.2184366232816415,0.0540768827903499,-0.0842132571699849,-0.3144198645560887,0.2661608036828386,0.4745031851566754,0.5234239623085493,0.277240943791649,0.4669770079113207
2021-01-15 10:40:00,0.0813541258639966,0.06531352574294652,0.21961240263109835,0.054086610219163,-0.1969555391536204,-0.31301670615748783,0.2597936556040499,0.4559012894079101,0.52334141397926,0.277240943791649,0.4669770079113207
2021-01-15 10:50:00,0.0813682196123286,0.06524683267543749,0.2208072706688132,0.0532158749043369,-0.1032355942022889,-0.32822354002595605,0.2526988095972506,0.4257456854296015,0.5219361300530403,0.277240943791649,0.4669770079113207
2021-01-15 11:00:00,0.0811894861831311,0.06510778881232539,0.22074157240870132,0.053407178121495,-0.5635806939011445,-0.3235205238289308,0.2583232271998837,0.4482253551228761,0.5250034699648256,0.277240943791649,0.4669770079113207
2021-01-15 11:10:00,0.0812319169293233,0.06498993344500917,0.22307584774438768,0.0533768420595177,0.0195444421114743,-0.32323826496899755,0.2431909610775098,0.4092435443484388,0.5259250887226776,0.277240943791649,0.4669770079113207
2021-01-15 11:20:00,0.0815778458046681,0.06490185614005566,0.22868150431420314,0.0532685743002331,-0.1257992350769399,-0.3243420733513608,0.2476117936724112,0.4231725326168731,0.5246047419998545,0.277240943791649,0.4669770079113207
2021-01-15 11:30:00,0.0815761619048415,0.0648259215407244,0.22983153862499328,0.0533183392772984,0.2517796303928676,-0.3222738246391528,0.2688908829918323,0.4807883289696919,0.5242984304003768,0.277240943791649,0.4669770079113207
2021-01-15 11:40:00,0.0813048218492079,0.06475796709197763,0.22754858723147123,0.0536983149087172,-0.6698665553830807,-0.3136581027965262,0.2418266795544104,0.4112670962330307,0.5261117557382905,0.277240943791649,0.4669770079113207
2021-01-15 11:50:00,0.0812659932606036,0.06472829050854297,0.22752927933105618,0.0536216733874677,0.2635232211328997,-0.3108790600115083,0.264117310749784,0.4702296549794952,0.5253372766307768,0.277240943791649,0.4669770079113207
2021-01-15 12:00:00,0.0812027903850769,0.06469300104125807,0.22729659083012577,0.0535940191038428,-0.4786074081408742,-0.30895436515973473,0.2707790150736893,0.4882887604425079,0.5257983191333278,0.277240943791649,0.4669770079113207
2021-01-15 12:10:00,0.0816394254876283,0.06467696199563046,0.2329072369324067,0.0535020350058975,-0.1717365092014589,-0.3082260022070166,0.2700703183557377,0.4901092215155267,0.5251231503536571,0.277240943791649,0.4669770079113207
2021-01-15 12:20:00,0.0821935187899384,0.0646515682892457,0.24006408904453208,0.0547282348998299,-1.181395465724222,-0.28343023046669175,0.2591655946877172,0.4672124990604352,0.5258390057034267,0.277240943791649,0.4669770079113207
2021-01-15 12:30:00,0.0825119839725096,0.06471086607608793,0.24301441012405528,0.0544168278645283,0.0088053536607901,-0.28747510558496353,0.242853555410759,0.4200685560769003,0.5221545007519535,0.277240943791649,0.4669770079113207
2021-01-15 12:40:00,0.0821850827582218,0.06475008154797918,0.23843885062565184,0.0549294634640926,0.7505611386873667,-0.27668067887834596,0.2363512027009515,0.4156134225402391,0.522837173683518,0.277240943791649,0.4669770079113207
2021-01-15 12:50:00,0.0822099619608287,0.06481141731851572,0.2377947054315809,0.054829684738177,0.1252617778638054,-0.27718799492486945,0.2214097686829366,0.3749409318342067,0.522926712063448,0.277240943791649,0.4669770079113207
2021-01-15 13:00:00,0.0823981493859395,0.0648724338384551,0.23914019252761293,0.0546815407727581,-0.0353421766524419,-0.27844273032521816,0.226662140479301,0.3877183277456897,0.5229421174866007,0.277240943791649,0.4669770079113207
2021-01-15 13:10:00,0.0818178492065521,0.0649222932163424,0.23130435951512518,0.0559742072590129,-1.1974782058199906,-0.2535019760749286,0.2494667319591434,0.4510214326660087,0.5230621245478558,0.277240943791649,0.4669770079113207
2021-01-15 13:20:00,0.08219239174846,0.06508175401002257,0.23341850638774422,0.055845534722455,0.4978044241070734,-0.2548719610847881,0.2201440252668976,0.3754254377242182,0.5242013318204952,0.277240943791649,0.4669770079113207
2021-01-15 13:30:00,0.0825934042884878,0.06517525120509288,0.2368500119808245,0.0562155716475444,0.6632074580114278,-0.2481013927619619,0.2529546512777493,0.4497985587110802,0.523505736377464,0.277240943791649,0.4669770079113207
2021-01-15 13:40:00,0.0825494852701808,0.0653129801489384,0.234207141281585,0.0556989135037501,-0.2694899347835289,-0.2564335946646306,0.2699161537796399,0.4908576507925143,0.5249219653760464,0.277240943791649,0.4669770079113207
2021-01-15 13:50:00,0.0825905101731496,0.06538565853932174,0.2335918389554092,0.0556646291278783,0.1542610844744274,-0.2566825470178239,0.2657646616809853,0.4846675227331611,0.523637906482676,0.277240943791649,0.4669770079113207
2021-01-15 14:00:00,0.0822663262830038,0.06545577092005238,0.22858720436362195,0.0558911498213996,-0.7334340412892715,-0.2519309187861225,0.2577534645888934,0.4665236611770321,0.5233071314234171,0.277240943791649,0.4669770079113207
2021-01-15 14:10:00,0.0822982516431913,0.06549821178805283,0.22832702243097372,0.0558708502221594,-0.0844409018641911,-0.2522937346352326,0.2418336990334891,0.4223892931424725,0.5202389989572247,0.277240943791649,0.4669770079113207
2021-01-15 14:20:00,0.0835356560531624,0.06555328673828555,0.24241020942342337,0.0560323446960753,-0.4283482770249591,-0.2464747701976747,0.2332433446687414,0.4093968135358603,0.5214824827238379,0.277240943791649,0.4669770079113207
2021-01-15 14:30:00,0.0833494499990559,0.06559111616287679,0.2396017480504926,0.055773520691632,-0.7608591252326491,-0.2487353257542448,0.2143120618967992,0.3610287673027539,0.5210268907714108,0.277240943791649,0.4669770079113207
2021-01-15 14:40:00,0.0836244641660707,0.06558026053432958,0.24306136666752073,0.0557536783159207,0.0158417169508595,-0.24818536007703965,0.2198986545812998,0.3748944405442306,0.5211141744284062,0.277240943791649,0.4669770079113207
2021-01-15 14:50:00,0.0836464562731213,0.06557163370304238,0.24345587342595673,0.0557511585889426,0.0016759392964971,-0.2472495722158259,0.2470801102168813,0.4439788572783688,0.5215441780607114,0.277240943791649,0.4669770079113207
2021-01-15 15:00:00,0.0833690047888015,0.06558298111929822,0.2399603669351527,0.0561723632557691,-0.6903719397856278,-0.23613072357724968,0.218355897892954,0.3718848571598961,0.5228939678650175,0.277240943791649,0.4669770079113207
2021-01-15 15:10:00,0.08337700240741,0.06566262885968915,0.23884257209489973,0.0561188528818087,-0.0815793323880598,-0.23354635216754113,0.2439533393483565,0.4330298169300742,0.5199222223015865,0.277240943791649,0.4669770079113207
2021-01-15 15:20:00,0.0832616889925573,0.06569534502966606,0.2369604562504548,0.0561566949695424,0.4539936421030788,-0.22883459855557906,0.2532223864020863,0.45706384117618,0.5197210593433095,0.277240943791649,0.4669770079113207
2021-01-15 15:30:00,0.0827362805588388,0.06572815605261591,0.230130818139456,0.0579367503457804,-1.446480587823018,-0.19448902689786965,0.2516125360064026,0.4553055356972541,0.5185174835801467,0.277240943791649,0.4669770079113207
2021-01-15 15:40:00,0.0818403961783177,0.06590992626747988,0.21648190614106136,0.0590786181027192,-1.2709919671237913,-0.1725941677912495,0.2440825133702119,0.4394694536470239,0.5191822682871103,0.277240943791649,0.4669770079113207
2021-01-15 15:50:00,0.0816568871568731,0.06615274575791327,0.210559767850945,0.0593343032620491,-0.550743899777828,-0.1666969787242081,0.226881355596027,0.393240174832285,0.5171656528374009,0.277240943791649,0.4669770079113207
2021-01-15 16:00:00,0.0791140687678258,0.06641498127737336,0.1749680668062296,0.0623594472574573,-2.033433779823568,-0.11466983469500232,0.222209290105961,0.3872758717985504,0.5178780807383419,0.277240943791649,0.4669770079113207
2021-01-15 16:10:00,0.0801948935888794,0.06688462228210887,0.18149076242572607,0.0626975637195094,0.6729395788033443,-0.10840442861511704,0.2138453694837402,0.3552366250457865,0.518464281664518,0.277240943791649,0.4669770079113207
2021-01-15 16:20:00,0.0770936043649801,0.06731046081069558,0.1357046645691492,0.0666514291301115,2.304962498237373,-0.046183368842208555,0.2298888331267679,0.3936527071615152,0.5202184619690451,0.277240943791649,0.4669770079113207
2021-01-15 16:30:00,0.0770903986758387,0.06845912638075968,0.11874187001803246,0.0666406519726282,-0.0908822512718288,-0.04557317804898248,0.2531863042628445,0.4559396555300699,0.5211757148144238,0.277240943791649,0.4669770079113207
2021-01-15 16:40:00,0.0774548828865436,0.06910026934185785,0.11413698191571664,0.0665771939482859,0.2985210981783837,-0.04569983303679481,0.2218317997985442,0.3774869593940014,0.521988655015176,0.277240943791649,0.4669770079113207
2021-01-15 16:50:00,0.0778712218817317,0.06964551320729598,0.11163818175185226,0.0664354822974745,0.2205024362954333,-0.047377585453379834,0.2461312097550603,0.4393447472285997,0.5204140108719275,0.277240943791649,0.4669770079113207
2021-01-15 17:00:00,0.0768979561074429,0.07011963580411783,0.09227643143651847,0.0673336743747862,-1.232477598259507,-0.03371016175215939,0.2546906796582306,0.4596716975447953,0.5208635129543445,0.277240943791649,0.4669770079113207
2021-01-15 17:10:00,0.0776008107470213,0.07058673228431375,0.09473567605119293,0.067473882303098,0.4417591761452399,-0.031699506847321264,0.2476309324107876,0.4474083484837409,0.5191520160106562,0.277240943791649,0.4669770079113207
2021-01-15 17:20:00,0.0775537093296524,0.07099195807697235,0.08840411583308727,0.0673094275242671,0.3764535005526426,-0.03466120538541717,0.2363794351934851,0.4235318158687034,0.5197384921872985,0.277240943791649,0.4669770079113207
2021-01-15 17:30:00,0.0770654083088009,0.07131574553670816,0.07753738176707599,0.0679033410368233,-0.9074208585838406,-0.027001946730233217,0.2240035720205868,0.3866598280308395,0.5181109134164859,0.277240943791649,0.4669770079113207
2021-01-15 17:40:00,0.0770586588986335,0.07167984955847315,0.07235726583590199,0.0677093200654753,0.1872816900606366,-0.02984066085247534,0.2149090432364082,0.3745430450132675,0.5198075333298181,0.277240943791649,0.4669770079113207
2021-01-15 17:50:00,0.077112600018081,0.07197833660502069,0.0689014983193886,0.0679573195512638,0.6164917448140628,-0.026920042094220702,0.2006552197012204,0.3356140886420748,0.5176556313560814,0.277240943791649,0.4669770079113207
2021-01-15 18:00:00,0.0768104180099973,0.07226132525547851,0.06105121647640251,0.0683487366613243,0.733738098886505,-0.022197180961042815,0.2062686645192384,0.351873738768272,0.5174287520127994,0.277240943791649,0.4669770079113207
2021-01-15 18:10:00,0.0769946141348851,0.07256426934002458,0.05926283027671118,0.0683350165086296,-0.0854960873271082,-0.023054093101150523,0.2322190129969427,0.4178836235860478,0.5180613964125383,0.277240943791649,0.4669770079113207
2021-01-15 18:20:00,0.0765574347010152,0.0728208082749489,0.050039497229086086,0.0687832528299053,-0.8438625390956744,-0.01709314740858769,0.2064521495361464,0.3510621203087241,0.5199332110751598,0.277240943791649,0.4669770079113207
2021-01-15 18:30:00,0.0765748421180082,0.07308415486367827,0.0466570073920519,0.0689979347680916,-0.561453540934842,-0.013823092727919345,0.2312311483023528,0.4123378783481333,0.5186407074718825,0.277240943791649,0.4669770079113207
2021-01-15 18:40:00,0.072695843291191,0.07331721578445426,-0.008511242052941414,0.0730979683194554,-2.4141620812768494,0.04846970882045948,0.2413814491875809,0.4354741082668105,0.5184343457902927,0.277240943791649,0.4669770079113207
2021-01-15 18:50:00,0.071895686534416,0.07386028270525688,-0.02695896663963116,0.0748767077258296,1.632808438752953,0.07478597188714152,0.2479194616482703,0.4469635384603724,0.5173631161750689,0.277240943791649,0.4669770079113207
2021-01-15 19:00:00,0.0717980278496499,0.0746503662211784,-0.03895842141427003,0.0748504546671768,-0.4159494714105705,0.07627447865313525,0.2433122542541768,0.4393127148707038,0.5197546756693256,0.277240943791649,0.4669770079113207
2021-01-15 19:10:00,0.0703365782941527,0.07521326387668334,-0.06703561611393766,0.076266610776619,1.46316879055437,0.09663768091684592,0.2271753342501363,0.3957409646919164,0.5184053794658925,0.277240943791649,0.4669770079113207
2021-01-15 19:20:00,0.0704580867124539,0.07585304092444267,-0.07377977797486661,0.076235565865893,0.0591651920537117,0.09843156024988747,0.2226864084047068,0.3936884260222876,0.5189940063685017,0.277240943791649,0.4669770079113207
2021-01-15 19:30:00,0.0701187558651589,0.07645406717666849,-0.08649981448239724,0.0765098461426345,-0.7055595775652179,0.10371866956695863,0.2094971723983624,0.3575994316040622,0.5176073302942313,0.277240943791649,0.4669770079113207
2021-01-15 19:40:00,0.0701647819201493,0.07696201570740015,-0.0924654945406122,0.0764865829752532,-0.3521176979811358,0.10546066089862481,0.217368594442484,0.3749120612705363,0.517540837153966,0.277240943791649,0.4669770079113207
2021-01-15 19:50:00,0.0699205019121116,0.07737902489980505,-0.10135683804464836,0.0765449442107232,-0.5931492926231741,0.10763429137080636,0.2382761656480695,0.4315235292416651,0.5172974170650526,0.277240943791649,0.4669770079113207
2021-01-15 20:00:00,0.0694242569965176,0.07773936593586607,-0.11312543828725637,0.0768289758423268,-0.8354892340324938,0.11217910148281876,0.2080212312729268,0.355667878837074,0.5190360865060886,0.277240943791649,0.4669770079113207
2021-01-15 20:10:00,0.0694369124345091,0.07807903920629863,-0.11730303120712732,0.0768290197388664,0.1077437370094358,0.11319237606717963,0.2362095523267428,0.4254592174451009,0.5184371697074986,0.277240943791649,0.4669770079113207
2021-01-15 20:20:00,0.0690497395206182,0.07837250913508828,-0.12664610955930788,0.0773607718030478,0.9265513675414284,0.12075179449524072,0.2414381379241507,0.4422640605634617,0.5193410257820377,0.277240943791649,0.4669770079113207
2021-01-15 20:30:00,0.0688444053013956,0.07868405238402272,-0.13359153418719988,0.0775463757182901,-0.5369114507404404,0.12556977680707015,0.2362176354914394,0.4307911046158409,0.5161134373704175,0.277240943791649,0.4669770079113207
2021-01-15 20:40:00,0.0676270847520426,0.07895541570774306,-0.1548747702094042,0.0786523787195001,1.3185443312995204,0.14175171050769367,0.2251755916971695,0.4078957871035097,0.5160715224676647,0.277240943791649,0.4669770079113207
2021-01-15 20:50:00,0.0676689957972834,0.0793063009558324,-0.15868947225182806,0.0782755005034881,0.0822906551652735,0.13895758551770757,0.2099558901187592,0.364010167626197,0.5144642965545125,0.277240943791649,0.4669770079113207
2021-01-15 21:00:00,0.0675268976206666,0.07955994342787419,-0.16398474114885628,0.0784278533674878,0.5304394423303549,0.14216811296839874,0.2092100327279555,0.371294646740732,0.5158991327914291,0.277240943791649,0.4669770079113207
2021-01-15 21:10:00,0.0674593869980504,0.07980842559896163,-0.16810334013203115,0.076622393523833,-0.4937940292188969,0.12032879998721929,0.1940764581267636,0.3327876947348749,0.5155683760131876,0.277240943791649,0.4669770079113207
2021-01-15 21:20:00,0.0669967027352673,0.07982039497169775,-0.17513564261468367,0.0768368683873415,0.7897671132251816,0.1214290018233277,0.199764428192088,0.3426999166321336,0.5155201323333231,0.277240943791649,0.4669770079113207
2021-01-15 21:30:00,0.0676520963795702,0.07989817118454846,-0.166374620957934,0.0770382805590705,0.565227675093638,0.12231284728659819,0.2308115133449159,0.4150558264682451,0.5163239092152421,0.277240943791649,0.4669770079113207
2021-01-15 21:40:00,0.0677204640562272,0.07998377632008133,-0.16643540829479495,0.0770000921648418,0.2718568384926456,0.12078961221079242,0.2079967783754531,0.35818777949596,0.519189541383446,0.277240943791649,0.4669770079113207
2021-01-15 21:50:00,0.0677205467243235,0.08004409928026125,-0.1671880932606833,0.0768603342994313,0.0302189968847343,0.12197540906581623,0.2332266566600886,0.4198064549374738,0.5187417040905361,0.277240943791649,0.4669770079113207
2021-01-15 22:00:00,0.0681170308689375,0.08002690482332309,-0.16113562035549245,0.0769150695554736,-0.2907844339059551,0.12517088596296824,0.2404104504430743,0.4388709117601613,0.5188470917871549,0.277240943791649,0.4669770079113207
2021-01-15 22:10:00,0.0681512559007912,0.08007929472450008,-0.16128774138060292,0.0768064178626365,0.1776992280637657,0.1270154496034474,0.2362869722123945,0.4309772116300697,0.5164819191862007,0.277240943791649,0.4669770079113207
2021-01-15 22:20:00,0.0681034168883021,0.08010404006003334,-0.16229890403764838,0.0768686730734899,0.3309434901368036,0.1298780736716687,0.2254449565141336,0.4043315297681764,0.5170077487753837,0.277240943791649,0.4669770079113207
2021-01-15 22:30:00,0.0672560083948178,0.08012378943044944,-0.1750664479625118,0.0777414821560451,1.1769944034558222,0.14308199115826328,0.2090587431758639,0.3617717141866349,0.5152601369156476,0.277240943791649,0.4669770079113207
2021-01-15 22:40:00,0.0672273736748434,0.08021596240286356,-0.17664201658485698,0.077196050978617,-0.3951469177648548,0.137768328927164,0.2045862428616312,0.3605438161925129,0.5171016373711599,0.277240943791649,0.4669770079113207
2021-01-15 22:50:00,0.0672292762826223,0.08025788446579278,-0.17713619435407096,0.0771302124272872,0.0104897970429007,0.13714643589664993,0.1958691165202707,0.3337637457029349,0.5173078677425795,0.277240943791649,0.4669770079113207
2021-01-15 23:00:00,0.0671951898185597,0.08026504411859012,-0.17773254520667825,0.0771508002205946,-0.3022132627107154,0.1379590609373527,0.2040340442804935,0.3514527049884359,0.5179638144907611,0.277240943791649,0.4669770079113207
2021-01-15 23:10:00,0.0672360586593038,0.08028333238387342,-0.17735234177206047,0.0771701029324775,0.5056723545687092,0.13891813922671767,0.2295028685783496,0.4129137116285228,0.5162513063956267,0.277240943791649,0.4669770079113207
2021-01-15 23:20:00,0.067313731645289,0.08029614251623954,-0.17635732922357958,0.0769553911868339,-0.1322995793261228,0.13635183065306344,0.201830343279033,0.3438076257259532,0.5175721029870226,0.277240943791649,0.4669770079113207
2021-01-15 23:30:00,0.0676644946117926,0.08027593287936378,-0.17090827042739123,0.0768972662825588,0.0846100722814213,0.13558102275616885,0.229773256611404,0.4114538671002029,0.517153734825514,0.277240943791649,0.4669770079113207
2021-01-15 23:40:00,0.067718510320725,0.08027337570319751,-0.17007844621938256,0.076870065471377,0.3994358506606232,0.13547121869569262,0.2363109758039538,0.4310584202578473,0.5183262091047187,0.277240943791649,0.4669770079113207
2021-01-15 23:50:00,0.0679394580370778,0.08022965993565002,-0.1662762855191889,0.0768784040481358,-0.1563180386591867,0.13569655321690174,0.2320340488993409,0.422497321794169,0.516927005283613,0.277240943791649,0.4669770079113207
2021-01-16 00:00:00,0.0663495199443602,0.0802435117034265,-0.19012938214362154,0.0775221942332797,1.485782387595158,0.1446703910168121,0.2241615184861854,0.4019346926631816,0.517538808601657,0.2472540872265742,0.4319292667336137
2021-01-16 00:10:00,0.0665504404551339,0.08029497076593659,-0.1877468252017085,0.0775409911513066,-0.1754903467237056,0.1470001990820935,0.2176193287990176,0.3732200234502817,0.5161904206825663,0.2472540872265742,0.4319292667336137
2021-01-16 00:20:00,0.0668486495240375,0.08036586143714235,-0.18415837526341125,0.0774541503681199,-0.1074959658193819,0.1482561906416638,0.2228207734438496,0.394782945052919,0.5187916020486023,0.2472540872265742,0.4319292667336137
2021-01-16 00:30:00,0.0673668042821469,0.08038225769992739,-0.17664109793612875,0.077198479640419,-0.2489655762317966,0.1472249211717674,0.2091034639941321,0.357455151402219,0.5185449641909181,0.2472540872265742,0.4319292667336137
2021-01-16 00:40:00,0.0672579407831996,0.08039395550397828,-0.17840390298814987,0.0772581053865114,0.3832839308786973,0.14948548115471702,0.2174619380292736,0.3749777696620999,0.518320663113977,0.2472540872265742,0.4319292667336137
2021-01-16 00:50:00,0.0673572763629306,0.08039760967116624,-0.17697351021024144,0.077239198223067,-0.2015452479350088,0.1502359307887078,0.2422449553527909,0.4381949864979503,0.517321753994805,0.2472540872265742,0.4319292667336137
2021-01-16 01:00:00,0.0668597411434231,0.0804098184221212,-0.18453927904353906,0.0776686953008267,0.8227260130972525,0.1566228259135976,0.2124433619988988,0.3622962617038538,0.5191084581955221,0.2472540872265742,0.4319292667336137
2021-01-16 01:10:00,0.0668770614251859,0.08046268913315703,-0.18493755816057428,0.0776529896785988,0.2089480045446734,0.1573007046041858,0.2343868582860515,0.419040470070479,0.5186120910942921,0.2472540872265742,0.4319292667336137
2021-01-16 01:20:00,0.06700228319302,0.08050477240078198,-0.18358977083092384,0.0776646545802552,-0.4043786549708272,0.15852749784668246,0.2418500741713146,0.4382106511839005,0.5201167474286656,0.2472540872265742,0.4319292667336137
2021-01-16 01:30:00,0.0671231554451244,0.08053305577229733,-0.18213865780134833,0.0776769761539529,-0.3767151589700646,0.16035868409215798,0.2415565792489289,0.4368193228082352,0.5192515377897879,0.2472540872265742,0.4319292667336137
2021-01-16 01:40:00,0.0668903387149276,0.08058450685297013,-0.1862518654897605,0.0771345314552308,-0.560299419578314,0.15561588936953533,0.2332000954151034,0.4190553965012845,0.5205366663495528,0.2472540872265742,0.4319292667336137
2021-01-16 01:50:00,0.0679593665768947,0.08057667828369688,-0.1702992800915505,0.0771386576924041,-0.0935136580800133,0.1560283922763913,0.2175794090043284,0.3756708400134212,0.5175204168853476,0.2472540872265742,0.4319292667336137
2021-01-16 02:00:00,0.0678456083534788,0.08054127727636039,-0.17153515583297682,0.0772916757229402,0.5026857569113474,0.1582797916970049,0.2131721363227329,0.3735802743207767,0.5189288591128883,0.2472540872265742,0.4319292667336137
2021-01-16 02:10:00,0.0670712678566071,0.08052728373834608,-0.18284030201190118,0.0780887629855391,-1.1223669225698174,0.1687270924601919,0.2010792649170819,0.3392426498348814,0.5192998556412807,0.2472540872265742,0.4319292667336137
2021-01-16 02:20:00,0.0670439269642835,0.08060471955649243,-0.1842091721952528,0.0780644289776191,-0.1940644225930654,0.16901718528893012,0.2102647231419393,0.3604223429894695,0.5202952165640649,0.2472540872265742,0.4319292667336137
2021-01-16 02:30:00,0.0668847027359119,0.08068925023798094,-0.1876350776027148,0.0781679059911755,-0.4667334258288136,0.1710410505740572,0.2336358435013041,0.4204047115700717,0.5204526920120142,0.2472540872265742,0.4319292667336137
2021-01-16 02:40:00,0.0667411480811278,0.08075669634182563,-0.19061921002861665,0.0782852662963785,0.4648818255969189,0.17362249791730675,0.2054186510441047,0.3475892109272208,0.5219864970766468,0.2472540872265742,0.4319292667336137
2021-01-16 02:50:00,0.0655786922942288,0.08082826226777347,-0.20907585431081444,0.0792671542575463,-1.245117282642738,0.1869295347223385,0.2380513799155484,0.4228161729148146,0.5217286760128992,0.2472540872265742,0.4319292667336137
2021-01-16 03:00:00,0.0654139510320091,0.08100940916618746,-0.21382975622537753,0.0792505842373513,0.4670602343642471,0.18792911830222245,0.2510198589277758,0.458028144748857,0.5243292915879174,0.2472540872265742,0.4319292667336137
2021-01-16 03:10:00,0.0654157545818948,0.0811571473899558,-0.21562424116000622,0.0790676637455529,0.0116348820480283,0.1863047386391705,0.2497453051468497,0.4580509390355159,0.523304317781101,0.2472540872265742,0.4319292667336137
2021-01-16 03:20:00,0.0656453952904979,0.08125300585160966,-0.21330035761524832,0.0790514222335504,0.0854913176357996,0.18666368013869733,0.2421239254995766,0.4419104405905161,0.5239053004150788,0.2472540872265742,0.4319292667336137
2021-01-16 03:30:00,0.0658316110401347,0.08134787854012876,-0.21163462123071164,0.0790587370184243,0.1079048481578581,0.187693499727054,0.2269597906408874,0.4007492582662538,0.5215315193576132,0.2472540872265742,0.4319292667336137
2021-01-16 03:40:00,0.0658192945733577,0.08140224679301354,-0.21248984856161943,0.0789523727483561,-0.3373632816993321,0.18664596824708182,0.2252861501266399,0.4010712386523118,0.5232245687818087,0.2472540872265742,0.4319292667336137
2021-01-16 03:50:00,0.0656491281608457,0.08145878356419863,-0.21577284863542578,0.0790246183572708,0.4742003583064758,0.1878240701543194,0.2079878135289239,0.3564337133021132,0.5223638346182984,0.2472540872265742,0.4319292667336137
2021-01-16 04:00:00,0.0654718439186865,0.08152353468490416,-0.21927156131454786,0.0791511795451181,-0.5395110606151832,0.19013904843107124,0.2152085093558626,0.3736375037168867,0.5230726077410625,0.2472540872265742,0.4319292667336137
2021-01-16 04:10:00,0.0655223591788164,0.08156751652493716,-0.21903965501295614,0.078996918624958,-0.0357245255139915,0.18835605638263206,0.2429830260341256,0.442572243822899,0.523438430621519,0.2472540872265742,0.4319292667336137
2021-01-16 04:20:00,0.0655878589442869,0.0816032041652498,-0.21847792617777395,0.0789761411600692,-0.1770783208156601,0.1890414940658781,0.2073296562830038,0.3558299872527561,0.525311104552061,0.2472540872265742,0.4319292667336137
2021-01-16 04:30:00,0.0654358029862828,0.08160882888810124,-0.2208678983327282,0.0790988537839303,0.5489063368520064,0.1914179277548357,0.23016573886668,0.411138814801932,0.5229139535342959,0.2472540872265742,0.4319292667336137
2021-01-16 04:40:00,0.0656664978482484,0.08162999900860339,-0.21760796009054392,0.0791100794295291,0.1631148193295573,0.19196629773278992,0.2382250286253376,0.4339710448930003,0.5231239159383777,0.2472540872265742,0.4319292667336137
2021-01-16 04:50:00,0.0656713475803314,0.08164843284965201,-0.21775990524055566,0.0790232662670182,0.166782499903384,0.19143517653680178,0.2381246874019805,0.4336276137216756,0.5213166741975,0.2472540872265742,0.4319292667336137
2021-01-16 05:00:00,0.0654843298743467,0.08165956449736679,-0.22074807729704263,0.0790155099515249,-0.5183978063888262,0.19110416919619955,0.2332433895991435,0.42355853936374,0.521788396977343,0.2472540872265742,0.4319292667336137
2021-01-16 05:10:00,0.0654452527577177,0.08164453838413173,-0.22116096922336556,0.0791912731507302,-0.6303149723972723,0.19273185295696904,0.2157674538551746,0.3772716041803138,0.5193677728251782,0.2472540872265742,0.4319292667336137
2021-01-16 05:20:00,0.0650020940568025,0.0816555291107022,-0.22809004870475588,0.0796321472396323,-0.8405367027538801,0.19821108674814422,0.2122267104678983,0.3729625844960793,0.5200190688310695,0.2472540872265742,0.4319292667336137
2021-01-16 05:30:00,0.0650181624099128,0.08171944011320756,-0.22862526608798264,0.0795642514228198,-0.2538745103887407,0.19732444432044546,0.2053327065244739,0.345592700706283,0.5191618435562557,0.2472540872265742,0.4319292667336137
2021-01-16 05:40:00,0.065028379350844,0.08177344658155733,-0.22912879698397287,0.0789392670728051,0.0963529064383905,0.1901425852336243,0.2182955079152831,0.3777375736373228,0.5206933215764333,0.2472540872265742,0.4319292667336137
2021-01-16 05:50:00,0.065330316713122,0.08176280484565222,-0.2243662349710121,0.0783158191844339,0.121098142212439,0.18154845113769014,0.2416847780975873,0.4374595759831615,0.5211701279049309,0.2472540872265742,0.4319292667336137
2021-01-16 06:00:00,0.0652928701871372,0.0816738146893872,-0.22385060002957913,0.0782754842382802,0.4090079678638503,0.1791006151760497,0.2113902353523567,0.3601675870870586,0.5221703239282204,0.2472540872265742,0.4319292667336137
2021-01-16 06:10:00,0.0656721541056733,0.08161945525474967,-0.21739265415204706,0.0780203547781502,0.2662455182898426,0.17481059937028132,0.235613181848292,0.4195087725833757,0.5203580483309136,0.2472540872265742,0.4319292667336137
2021-01-16 06:20:00,0.0659653784854187,0.0815080301408982,-0.21157150873975558,0.078057530060049,0.3137375848460522,0.1734582781293438,0.246203625500812,0.4447045158642642,0.5212127990653534,0.2472540872265742,0.4319292667336137
2021-01-16 06:30:00,0.0659869351005833,0.0814151907065739,-0.21010510420472192,0.0780702666962038,0.2169942486892395,0.17301760594488597,0.2404487316823675,0.4357950500437481,0.5194531548101466,0.2472540872265742,0.4319292667336137
2021-01-16 06:40:00,0.0661707998086769,0.0813558227963118,-0.20659313306346386,0.0781093552238371,-0.2967864949079413,0.17299952749823463,0.2312530922919317,0.4143088245121499,0.5206292342358557,0.2472540872265742,0.4319292667336137
2021-01-16 06:50:00,0.0661897415500766,0.08132899572426457,-0.2059771144879012,0.0781185521052482,-0.1608823553651106,0.17304871066239338,0.2193883510662055,0.3794139821967051,0.5191764621029503,0.2472540872265742,0.4319292667336137
2021-01-16 07:00:00,0.0654785901101678,0.08130554282637814,-0.2164909710150319,0.0788299184958896,1.1423335664224157,0.18170930317091183,0.2137000839078743,0.3745114915405052,0.5210001288313255,0.2472540872265742,0.4319292667336137
2021-01-16 07:10:00,0.0655119115235771,0.08135613236065642,-0.21660423182431873,0.0782007104082681,0.6451492809858905,0.17371729714530224,0.1984461579138444,0.3324112968088159,0.5185261561672551,0.2472540872265742,0.4319292667336137
2021-01-16 07:20:00,0.0656686593436338,0.08135897174467852,-0.21424932837670366,0.0781920515756207,-0.1517251854719958,0.1719202446298193,0.2037538172085864,0.3472606932382009,0.5182652135622456,0.2472540872265742,0.4319292667336137
2021-01-16 07:30:00,0.0670922985560377,0.08131982131106892,-0.19232052962996246,0.0781872117133994,0.0624965585336312,0.17167286168748358,0.2281875257296103,0.40969904745223,0.5185214496225723,0.2472540872265742,0.4319292667336137
2021-01-16 07:40:00,0.0671709816996419,0.08128315059053333,-0.19069741094340031,0.0781951411160055,-0.1210834296724527,0.17131329209020385,0.1973750044100663,0.3334327202064842,0.5200991421611522,0.2472540872265742,0.4319292667336137
2021-01-16 07:50:00,0.0671668118060718,0.08127077693157538,-0.19060725100025339,0.0782386027508407,-0.3309845944571066,0.17168723534264682,0.2219712926383796,0.3972575046802862,0.5190683619211038,0.2472540872265742,0.4319292667336137
2021-01-16 08:00:00,0.0676229419028763,0.08125701665403004,-0.1836698735650046,0.0782481343598711,0.3642570012930335,0.17215297434018284,0.2308544734317243,0.419025160035592,0.5193781367017312,0.2472540872265742,0.4319292667336137
2021-01-16 08:10:00,0.0682580771611152,0.08123543225485295,-0.17405573606397226,0.0782083374229024,-0.0137214843812571,0.17345721605594627,0.2363127212010197,0.4283371163304289,0.5177210464167645,0.2472540872265742,0.4319292667336137
2021-01-16 08:20:00,0.0682375349285294,0.08122103050693166,-0.174179431049823,0.0779756954195314,-0.2131696887490264,0.1717020227094687,0.2368427516047381,0.4311925519806825,0.5192935655630823,0.2472540872265742,0.4319292667336137
2021-01-16 08:30:00,0.0645651962157737,0.081177815971712,-0.22896650018584772,0.0812076885808926,2.2925110824814965,0.2135567352031862,0.2231596553735486,0.3908420671942808,0.5172302124053161,0.2472540872265742,0.4319292667336137
2021-01-16 08:40:00,0.0643509181623249,0.08145191251328449,-0.23566161340132488,0.0810744874520086,-0.579973474899198,0.21311037183661263,0.221512719754938,0.3934084094014373,0.5176191491063831,0.2472540872265742,0.4319292667336137
2021-01-16 08:50:00,0.0646033578633869,0.08167220518459636,-0.23444734941686166,0.0808022197742051,0.622497878748618,0.21060429390056584,0.2076329438919765,0.3563586841663436,0.5155002961305302,0.2472540872265742,0.4319292667336137
2021-01-16 09:00:00,0.0648997180776158,0.08183215527932121,-0.23182698294064383,0.0808485339803005,-0.4684714049025373,0.21077598986349985,0.2107162036996392,0.3625976160948504,0.5155035998345269,0.2472540872265742,0.4319292667336137
2021-01-16 09:10:00,0.0648991343765167,0.0820295336327089,-0.23424506285546723,0.0807918905807269,0.0348354483792334,0.2100909205838682,0.2319360331028671,0.4179521068801294,0.5154356130819684,0.2472540872265742,0.4319292667336137
2021-01-16 09:20:00,0.0650241585866726,0.08215041164910068,-0.23379298400790813,0.0806600295461272,-0.1154238552445008,0.20811152420279308,0.2022614773258023,0.3429793551924137,0.5176674675746396,0.2472540872265742,0.4319292667336137
2021-01-16 09:30:00,0.0659523990185037,0.08224586274441308,-0.2207798325758151,0.0806412984125643,0.2932408618985249,0.20719732696183926,0.2326293483981423,0.4156405565073427,0.5171811738160553,0.2472540872265742,0.4319292667336137
2021-01-16 09:40:00,0.0659529944020523,0.08233729726605139,-0.22188190947501873,0.080545294615601,-0.0695324525478824,0.20573176782802668,0.2416021440848935,0.4395493487232772,0.5179520967265895,0.2472540872265742,0.4319292667336137
2021-01-16 09:50:00,0.0663740509619529,0.08241087425878578,-0.2164112160334038,0.0805866645207596,0.2804002959857499,0.20581623852334743,0.2383586711821195,0.4329818399185182,0.514578894979973,0.2472540872265742,0.4319292667336137
2021-01-16 10:00:00,0.0657962899708531,0.08247084628116491,-0.22588139915766797,0.0812496316433671,1.063684895578021,0.21420892908785907,0.2303481483478718,0.4170442166604364,0.5150205302305078,0.2472540872265742,0.4319292667336137
2021-01-16 10:10:00,0.0658348449351191,0.0825742255657231,-0.22654833622744033,0.0810112428213563,-0.2086079915521566,0.212331071533716,0.2174208742264495,0.3784635368165326,0.5137249247737433,0.2472540872265742,0.4319292667336137
2021-01-16 10:20:00,0.0659823167664589,0.08265139065482789,-0.22524487160877965,0.0810191570039983,-0.1908432122947445,0.21375677612814914,0.2141481186982406,0.3811364776946152,0.5157615232408679,0.2472540872265742,0.4319292667336137
2021-01-16 10:30:00,0.0656220421620786,0.08270689332361683,-0.23139130384487513,0.0813559345093876,-0.7442678652578749,0.2184366232816415,0.1994812128523967,0.3437071225469624,0.5156173586006862,0.2472540872265742,0.4319292667336137
2021-01-16 10:40:00,0.0656956964162417,0.0828104072747096,-0.23152032542906892,0.0813541258639966,0.1893373613306437,0.21961240263109835,0.207248359640259,0.3589661797472879,0.51578843813558,0.2472540872265742,0.4319292667336137
2021-01-16 10:50:00,0.0657103827425345,0.08288486106552198,-0.23219548302795828,0.0813682196123286,-0.1832792016616125,0.2208072706688132,0.2387402886494116,0.4310879658154991,0.5166161183258884,0.2472540872265742,0.4319292667336137
2021-01-16 11:00:00,0.0657040743235867,0.08296586118154406,-0.23326827449385656,0.0811894861831311,-0.1645546612678572,0.22074157240870132,0.2179594785130229,0.3797609791702163,0.5200116075774992,0.2472540872265742,0.4319292667336137
2021-01-16 11:10:00,0.0656713662106757,0.08300930178978111,-0.23428966710450735,0.0812319169293233,-0.2632462697436111,0.22307584774438768,0.2443637238312944,0.4466139767333661,0.5199817099346795,0.2472540872265742,0.4319292667336137
2021-01-16 11:20:00,0.0653023423245405,0.08304605612021276,-0.2403674410685854,0.0815778458046681,0.7609411466882321,0.22868150431420314,0.2517312791829501,0.4651581131020977,0.5204357992463805,0.2472540872265742,0.4319292667336137
2021-01-16 11:30:00,0.0658759765299771,0.08313336988958875,-0.2326723535720233,0.0815761619048415,0.2462633391877133,0.22983153862499328,0.2479153208165508,0.4597113455498897,0.5177802774773097,0.2472540872265742,0.4319292667336137
2021-01-16 11:40:00,0.0659879329731277,0.08321013557527104,-0.23189727065583907,0.0813048218492079,0.08221830748667,0.22754858723147123,0.2386708045164285,0.437602316322231,0.5188168125949728,0.2472540872265742,0.4319292667336137
2021-01-16 11:50:00,0.0660481103639913,0.08322089634661411,-0.23111505292037338,0.0812659932606036,0.0795017929776875,0.22752927933105618,0.2198676935429248,0.3883456948042167,0.516904711144632,0.2472540872265742,0.4319292667336137
2021-01-16 12:00:00,0.0660337138978217,0.0832313636268582,-0.23145881522436426,0.0812027903850769,0.3554998003233223,0.22729659083012577,0.2128664873232089,0.3816794472591311,0.5188567253844671,0.2472540872265742,0.4319292667336137
2021-01-16 12:10:00,0.0662390503310648,0.08322880708676302,-0.22832335373910773,0.0816394254876283,-0.8605345460034997,0.2329072369324067,0.2000072944744812,0.3458301480118756,0.5185739948626747,0.2472540872265742,0.4319292667336137
2021-01-16 12:20:00,0.0646096581020047,0.08326153265782522,-0.2536227438538296,0.0821935187899384,-1.5177228395373277,0.24006408904453208,0.2018897974571048,0.3506386472376307,0.5187824606926132,0.2472540872265742,0.4319292667336137
2021-01-16 12:30:00,0.0642745224615558,0.08345567048528596,-0.2611522749814768,0.0825119839725096,0.7242977387306837,0.24301441012405528,0.227059946382533,0.4143242686498895,0.5166284095088916,0.2472540872265742,0.4319292667336137
2021-01-16 12:40:00,0.0642552894038196,0.08359547882322767,-0.2631253918282914,0.0821850827582218,0.1579408492711209,0.23843885062565184,0.1967962607687328,0.3424256925192422,0.5177397058314199,0.2472540872265742,0.4319292667336137
2021-01-16 12:50:00,0.0643038498303171,0.08365699079228317,-0.26310549347940315,0.0822099619608287,0.2378879762511943,0.2377947054315809,0.2241417379315036,0.4098437005650537,0.5171422142568851,0.2472540872265742,0.4319292667336137
2021-01-16 13:00:00,0.0643208708343978,0.0837331779769818,-0.26375112668270867,0.0823981493859395,0.5576924203515077,0.23914019252761293,0.2351198892967191,0.4376261869751848,0.5179768880319,0.2472540872265742,0.4319292667336137
2021-01-16 13:10:00,0.0639782755406669,0.08379733371263098,-0.2698576086519433,0.0818178492065521,-0.6935476328262524,0.23130435951512518,0.2304968919325472,0.4287981468041763,0.5156380310711719,0.2472540872265742,0.4319292667336137
2021-01-16 13:20:00,0.0633335889347985,0.08379282463987668,-0.27993155970270855,0.08219239174846,0.9284919871074492,0.23341850638774422,0.2231335891898158,0.4101350658839804,0.5155259762545055,0.2472540872265742,0.4319292667336137
2021-01-16 13:30:00,0.0627720179781695,0.08388477758764216,-0.2899347612420827,0.0825934042884878,-1.0491214603918664,0.2368500119808245,0.2157983436952127,0.3792850165562491,0.5139800202874913,0.2472540872265742,0.4319292667336137
2021-01-16 13:40:00,0.0628463683286908,0.08395607839162228,-0.2896006355941572,0.0825494852701808,-0.0097820780883495,0.234207141281585,0.2138690516287901,0.386079527553952,0.5168475748072847,0.2472540872265742,0.4319292667336137
2021-01-16 13:50:00,0.0629329316580751,0.08402118480325535,-0.28899938461383473,0.0825905101731496,-0.3025640511964411,0.2335918389554092,0.1982689200020657,0.3437436849024065,0.5169677536096813,0.2472540872265742,0.4319292667336137
2021-01-16 14:00:00,0.0629633953062176,0.08407504555273912,-0.28915626879237516,0.0822663262830038,0.0590439440339096,0.22858720436362195,0.2054165158772928,0.3594840734391532,0.5165311702555928,0.2472540872265742,0.4319292667336137
2021-01-16 14:10:00,0.0633839334527666,0.08408594577419486,-0.28262902598980066,0.0822982516431913,0.2442705470409478,0.22832702243097372,0.2307225964933556,0.4230254159155346,0.5151087029113754,0.2472540872265742,0.4319292667336137
2021-01-16 14:20:00,0.0616313194328811,0.0840839799826719,-0.3106458874294017,0.0835356560531624,-1.4951649853752969,0.24241020942342337,0.2034122959205599,0.3517366870107359,0.5162659252818806,0.2472540872265742,0.4319292667336137
2021-01-16 14:30:00,0.0615167950141105,0.08422275458497681,-0.3141549020253675,0.0833494499990559,0.5178382349523503,0.2396017480504926,0.2262360031708385,0.4104590511243409,0.515175511294351,0.2472540872265742,0.4319292667336137
2021-01-16 14:40:00,0.061171188926778,0.08432987219740128,-0.32105984857827546,0.0836244641660707,0.677829535480079,0.24306136666752073,0.2342714108434141,0.4315230505292757,0.5164416882293406,0.2472540872265742,0.4319292667336137
2021-01-16 14:50:00,0.0622477825665089,0.084447694673143,-0.30500943146501597,0.0836464562731213,0.1918051319961478,0.24345587342595673,0.2339871208645443,0.4327003838736957,0.5151536660931817,0.2472540872265742,0.4319292667336137
2021-01-16 15:00:00,0.0635976904251898,0.08456233297022579,-0.2849117750889394,0.0833690047888015,-0.1150066932114057,0.2399603669351527,0.2219493422319087,0.408793182491255,0.5163952438177782,0.2472540872265742,0.4319292667336137
2021-01-16 15:10:00,0.0652653266289408,0.08460638269705174,-0.25954879987267443,0.08337700240741,-0.1413891692223501,0.23884257209489973,0.2052081369480439,0.362482992416423,0.5135179347881238,0.2472540872265742,0.4319292667336137
2021-01-16 15:20:00,0.0653293542660554,0.08464893786997646,-0.25907109657099553,0.0832616889925573,0.1181247711146582,0.2369604562504548,0.1989708202981254,0.3591643232071418,0.5147969461489885,0.2472540872265742,0.4319292667336137
2021-01-16 15:30:00,0.0643895790049823,0.08468522345730813,-0.2739893257040258,0.0827362805588388,1.1045989132369982,0.230130818139456,0.1845391069288049,0.3186993504557582,0.5151440950888473,0.2472540872265742,0.4319292667336137
2021-01-16 15:40:00,0.0642925901442649,0.0846600752039717,-0.27519973760906385,0.0818403961783177,-0.3755047797621813,0.21648190614106136,0.1954482145976424,0.3444067313348826,0.5158253563788479,0.2472540872265742,0.4319292667336137
2021-01-16 15:50:00,0.064305511155842,0.08456133132180031,-0.27383174793149734,0.0816568871568731,0.0573286874580247,0.210559767850945,0.2200813949706254,0.408239128217813,0.5161791409058373,0.2472540872265742,0.4319292667336137
2021-01-16 16:00:00,0.0642835632906657,0.08446084977037385,-0.27298413744573996,0.0791140687678258,0.2161932131844679,0.1749680668062296,0.1906310717893682,0.3304000885846326,0.5177272195990559,0.2472540872265742,0.4319292667336137
2021-01-16 16:10:00,0.0626251885881402,0.08413931478320204,-0.2953063635713681,0.0801948935888794,-1.4746858933461835,0.18149076242572607,0.223558832461494,0.4057804101150442,0.5173875863455544,0.2472540872265742,0.4319292667336137
2021-01-16 16:20:00,0.0623005412819639,0.08396354288367096,-0.29841257727296266,0.0770936043649801,0.6594549877016576,0.1357046645691492,0.2392058038927683,0.4460784158521875,0.5194560031019768,0.2472540872265742,0.4319292667336137
2021-01-16 16:30:00,0.0626383791724906,0.08317902114010284,-0.2836169902054358,0.0770903986758387,-0.0575927404538489,0.11874187001803246,0.2366146419832587,0.4416306330976682,0.5181186435391953,0.2472540872265742,0.4319292667336137
2021-01-16 16:40:00,0.0622494381779435,0.08277548523024592,-0.2849824354045686,0.0774548828865436,-0.8077177698565308,0.11413698191571664,0.2269129445977126,0.4207571902835598,0.5180542781285276,0.2472540872265742,0.4319292667336137
2021-01-16 16:50:00,0.0616902062250713,0.08245650672379959,-0.2901457769583943,0.0778712218817317,0.8338491879646526,0.11163818175185226,0.2102451873798783,0.3755773080198539,0.5152714787405107,0.2472540872265742,0.4319292667336137
2021-01-16 17:00:00,0.0617055359559108,0.082224231651945,-0.2870763969284199,0.0768979561074429,0.1126303320369004,0.09227643143651847,0.2038558686096988,0.3659838529759474,0.5168013608279873,0.2472540872265742,0.4319292667336137
2021-01-16 17:10:00,0.060658628738079,0.08193046839120313,-0.3006090448032622,0.0776008107470213,-1.1318360838197703,0.09473567605119293,0.1866965516006797,0.323950565494756,0.5160298862631163,0.2472540872265742,0.4319292667336137
2021-01-16 17:20:00,0.0606981929140055,0.08174890004380313,-0.2977384277170825,0.0775537093296524,0.261987137108477,0.08840411583308727,0.1927759086674797,0.3395398403859145,0.516310145349951,0.2472540872265742,0.4319292667336137
2021-01-16 17:30:00,0.060653508719035,0.08157617426619196,-0.2963597516649115,0.0770654083088009,0.2615451867898244,0.07753738176707599,0.2212272053552199,0.4105082629921946,0.5163424287329675,0.2472540872265742,0.4319292667336137
2021-01-16 17:40:00,0.0606629957405773,0.08139462229490231,-0.2939753188457129,0.0770586588986335,0.1570731230016164,0.07235726583590199,0.1919780045878616,0.3361576855318434,0.5178679663277359,0.2472540872265742,0.4319292667336137
2021-01-16 17:50:00,0.0603554046494752,0.08121611383260721,-0.29686317507385673,0.077112600018081,-0.6806054468999179,0.0689014983193886,0.2173516222794483,0.3968212318259351,0.5151627444841311,0.2472540872265742,0.4319292667336137
2021-01-16 18:00:00,0.060340269789804,0.08106491025704306,-0.29525049007097404,0.0768104180099973,0.2706361597741846,0.06105121647640251,0.2269991074975032,0.4233690061885431,0.5154376346066604,0.2472540872265742,0.4319292667336137
2021-01-16 18:10:00,0.0601480161586965,0.0808774195660216,-0.29612620941877926,0.0769946141348851,0.5390848634876377,0.05926283027671118,0.226180163250493,0.4225958454035681,0.5146753039805447,0.2472540872265742,0.4319292667336137
2021-01-16 18:20:00,0.0603077842020182,0.08076101468391096,-0.29203317090913367,0.0765574347010152,-0.2020049679899216,0.050039497229086086,0.2167198083151698,0.4050835700310871,0.5157404744104006,0.2472540872265742,0.4319292667336137
2021-01-16 18:30:00,0.0600715656667489,0.0805791352170642,-0.2937031351655895,0.0765748421180082,-0.584710571654945,0.0466570073920519,0.2002118159870511,0.3604694509301557,0.5145551328644506,0.2472540872265742,0.4319292667336137
2021-01-16 18:40:00,0.0600480196233127,0.0804660784024747,-0.2926911401253092,0.072695843291191,0.1948599981272281,-0.008511242052941414,0.1969905775533244,0.3586867240150889,0.5159177479933916,0.2472540872265742,0.4319292667336137
2021-01-16 18:50:00,0.0587923986567597,0.08001131740855966,-0.3081555202722751,0.071895686534416,-1.2284561457532206,-0.02695896663963116,0.1906991457735098,0.3330272915428253,0.5161955622446518,0.2472540872265742,0.4319292667336137
2021-01-16 19:00:00,0.0592201649846347,0.07942359624950132,-0.2935333974559406,0.0717980278496499,0.1807887474591041,-0.03895842141427003,0.2081373084601723,0.3746207197126258,0.5172115355810114,0.2472540872265742,0.4319292667336137
2021-01-16 19:10:00,0.059169436369606,0.0789990551079045,-0.28903076070367184,0.0703365782941527,-0.252264424673676,-0.06703561611393766,0.2331919973205621,0.4376658165538598,0.5176284918359149,0.2472540872265742,0.4319292667336137
2021-01-16 19:20:00,0.0590222927494032,0.07851118061163234,-0.28532582706892046,0.0704580867124539,-0.4178251912616559,-0.07377977797486661,0.2040753813464662,0.3633329199701873,0.5185004712827803,0.2472540872265742,0.4319292667336137
2021-01-16 19:30:00,0.0591264380146783,0.0780203698508518,-0.2772917764117026,0.0701187558651589,-0.144200299843078,-0.08649981448239724,0.2282043442670278,0.4241716235539703,0.5168410574880076,0.2472540872265742,0.4319292667336137
2021-01-16 19:40:00,0.05897193824782,0.07760430608598279,-0.2745612086054062,0.0701647819201493,0.4342278796611865,-0.0924654945406122,0.2360403552773811,0.443382826768349,0.5178691450363437,0.2472540872265742,0.4319292667336137
2021-01-16 19:50:00,0.0591412642662569,0.07726567589800597,-0.2673209277263768,0.0699205019121116,-0.098110859410383,-0.10135683804464836,0.2291465204128982,0.431182923237373,0.5166693748110887,0.2472540872265742,0.4319292667336137
2021-01-16 20:00:00,0.0591403637683156,0.07693803017132127,-0.26308662948149075,0.0694242569965176,0.0809381180500778,-0.11312543828725637,0.218903293930906,0.408633887204151,0.5177912300416887,0.2472540872265742,0.4319292667336137
2021-01-16 20:10:00,0.0591399471946975,0.07660084489085334,-0.25870148505489926,0.0694369124345091,0.1708279896748266,-0.11730303120712732,0.2053071181759205,0.3680751854530579,0.517079920335876,0.2472540872265742,0.4319292667336137
2021-01-16 20:20:00,0.058883891052516,0.07628436143126234,-0.2589003990116706,0.0690497395206182,0.5677276027887146,-0.12664610955930788,0.2008952906195973,0.3671502252027404,0.518748306018638,0.2472540872265742,0.4319292667336137
2021-01-16 20:30:00,0.0589304873273253,0.07597649672883658,-0.2540654704774562,0.0688444053013956,0.071624299732953,-0.13359153418719988,0.1851398297825743,0.3264109319454176,0.5168692415458659,0.2472540872265742,0.4319292667336137
2021-01-16 20:40:00,0.059564620785903,0.07573348245634774,-0.24015858039106336,0.0676270847520426,-0.2779634169696621,-0.1548747702094042,0.1912441860262421,0.3409490611321505,0.5165444385696167,0.2472540872265742,0.4319292667336137
2021-01-16 20:50:00,0.0595221447960424,0.07539667354306233,-0.2364147318193491,0.0676689957972834,0.2519439490352937,-0.15868947225182806,0.2161523857917975,0.403669904055589,0.5170348008299401,0.2472540872265742,0.4319292667336137
2021-01-16 21:00:00,0.0598623971977876,0.07507604406350624,-0.2264529723509491,0.0675268976206666,-0.2987559247481286,-0.16398474114885628,0.187353081302422,0.331638947432806,0.518664989178671,0.2472540872265742,0.4319292667336137
2021-01-16 21:10:00,0.0600189057667878,0.07478578047637575,-0.21996815762293745,0.0674593869980504,-0.3907716239693215,-0.16810334013203115,0.2106418155722585,0.3907706365637449,0.5175134696176013,0.2472540872265742,0.4319292667336137
2021-01-16 21:20:00,0.0601565643055297,0.07455815667742162,-0.2146288786699553,0.0669967027352673,0.0403103656944736,-0.17513564261468367,0.2184438437541825,0.4083782018303434,0.5175774546736094,0.2472540872265742,0.4319292667336137
2021-01-16 21:30:00,0.0591595055343653,0.07430227488923806,-0.2279042891757191,0.0676520963795702,-1.0963402739207595,-0.166374620957934,0.2215915894689419,0.4123404656257387,0.5168139875694397,0.2472540872265742,0.4319292667336137
2021-01-16 21:40:00,0.059025299604492,0.07413063036791051,-0.2278626533289574,0.0677204640562272,-0.4079916850086462,-0.16643540829479495,0.2167564632820655,0.4037437696009717,0.5183743657381111,0.2472540872265742,0.4319292667336137
2021-01-16 21:50:00,0.0590502195482635,0.07399186460152346,-0.22556688870069905,0.0677205467243235,-0.0320180305138251,-0.1671880932606833,0.202899902167507,0.3653370672982751,0.516889415104892,0.2472540872265742,0.4319292667336137
2021-01-16 22:00:00,0.0585449797907064,0.07393641779831113,-0.2334101608141046,0.0681170308689375,-0.7893858654593799,-0.16113562035549245,0.1984601390222056,0.3639154695773367,0.5176336435046791,0.2472540872265742,0.4319292667336137
2021-01-16 22:10:00,0.0584961120468818,0.0738560571836279,-0.23315773441153828,0.0681512559007912,0.2796692335740758,-0.16128774138060292,0.1831730948347438,0.3249965624316734,0.5162537513289938,0.2472540872265742,0.4319292667336137
2021-01-16 22:20:00,0.0584946202711398,0.0737959519136476,-0.23236908915137308,0.0681034168883021,0.2105723242291191,-0.16229890403764838,0.193077393033887,0.3429613501343458,0.516077502791696,0.2472540872265742,0.4319292667336137
2021-01-16 22:30:00,0.0582923553132088,0.07374093438746988,-0.23508710604899785,0.0672560083948178,0.4881276054328864,-0.1750664479625118,0.2153266993366459,0.3998229626181611,0.5152746982856085,0.2472540872265742,0.4319292667336137
2021-01-16 22:40:00,0.0583060339979623,0.07361686865876343,-0.23316860609895942,0.0672273736748434,0.342975431702186,-0.17664201658485698,0.1859262538291182,0.3263827531688849,0.5174076088384594,0.2472540872265742,0.4319292667336137
2021-01-16 22:50:00,0.0585009891479607,0.07347752018199967,-0.22793584896683186,0.0672292762826223,0.0516548015520257,-0.17713619435407096,0.21471680465561,0.3968856097987043,0.5172997177283278,0.2472540872265742,0.4319292667336137
2021-01-16 23:00:00,0.0585157617628859,0.0733891870734889,-0.22648045990168209,0.0671951898185597,0.2133361404668576,-0.17773254520667825,0.2176410611686865,0.4080398388756494,0.5183027471838201,0.2472540872265742,0.4319292667336137
2021-01-16 23:10:00,0.0582687503375062,0.07329639576550191,-0.2294455018258699,0.0672360586593038,-0.5573553830599209,-0.17735234177206047,0.2128530832821521,0.3974886767375891,0.5153880916821001,0.2472540872265742,0.4319292667336137
2021-01-16 23:20:00,0.0583248218029246,0.07321438288690485,-0.22736412653278656,0.067313731645289,0.3493021878778535,-0.17635732922357958,0.2040493887015347,0.3794314198652332,0.5158628264258833,0.2472540872265742,0.4319292667336137
2021-01-16 23:30:00,0.0579115761519466,0.0731639279118275,-0.23378521328295476,0.0676644946117926,0.6932622122146626,-0.17090827042739123,0.191842158118795,0.3413343578876832,0.5153372321162084,0.2472540872265742,0.4319292667336137
2021-01-16 23:40:00,0.0589269986727962,0.07314170632829985,-0.2160993748932949,0.067718510320725,-0.4823661355041864,-0.17007844621938256,0.1920878100297643,0.3501119652571391,0.5168391609862208,0.2472540872265742,0.4319292667336137
2021-01-16 23:50:00,0.0587271459959487,0.07317920872901852,-0.22000927384727995,0.0679394580370778,-0.5693579825974737,-0.1662762855191889,0.1769814166017295,0.3106353957708637,0.5166263705568914,0.2472540872265742,0.4319292667336137
2021-01-17 00:00:00,0.0587448073977084,0.07318348739447961,-0.2197670490789298,0.0663495199443602,-0.2691425050784346,-0.19012938214362154,0.186751808830227,0.3276678555067075,0.5161794686034846,0.2176806345678675,0.3903142664570233
2021-01-17 00:10:00,0.0586328579871215,0.07304502516106852,-0.2197807781002643,0.0665504404551339,-0.545728999638051,-0.1877468252017085,0.220134662492804,0.403221127202034,0.5167433821770141,0.2176806345678675,0.3903142664570233
2021-01-17 00:20:00,0.0582828125700275,0.07293873358192324,-0.224312582994651,0.0668486495240375,0.6398152599150109,-0.18415837526341125,0.1983194007992498,0.3485565465935056,0.5195648299777575,0.2176806345678675,0.3903142664570233
2021-01-17 00:30:00,0.0576300768539027,0.0729066722964435,-0.23513556250422496,0.0673668042821469,0.8703031760044055,-0.17664109793612875,0.2239314070346266,0.4122667331249149,0.5194261757383803,0.2176806345678675,0.3903142664570233
2021-01-17 00:40:00,0.0576387013197909,0.07289983441087948,-0.23489212756379577,0.0672579407831996,-0.018691274509841,-0.17840390298814987,0.2320554850892267,0.4323833614915209,0.5191345310418439,0.2176806345678675,0.3903142664570233
2021-01-17 00:50:00,0.0575096315106863,0.07287796900437872,-0.2368339465860402,0.0673572763629306,0.4175419659429025,-0.17697351021024144,0.2281760941258127,0.4245465014364997,0.5167852497433327,0.2176806345678675,0.3903142664570233
2021-01-17 01:00:00,0.0575589226587319,0.07285009320083351,-0.23559464698820898,0.0668597411434231,-0.0953999997914678,-0.18453927904353906,0.2222313724351609,0.4090640522110039,0.5175178807051732,0.2176806345678675,0.3903142664570233
2021-01-17 01:10:00,0.057568853878918,0.0727789079512459,-0.23444449709436077,0.0668770614251859,-0.258501179163062,-0.18493755816057428,0.2048410893657266,0.3638607856513515,0.5159173547490203,0.2176806345678675,0.3903142664570233
2021-01-17 01:20:00,0.0572805054643235,0.07274898384889074,-0.23905459118076694,0.06700228319302,0.5754721354605863,-0.18358977083092384,0.1988285879093426,0.3581403413321608,0.5177471882256652,0.2176806345678675,0.3903142664570233
2021-01-17 01:30:00,0.0572286111206238,0.07274342262557443,-0.23988452357256337,0.0671231554451244,-0.551393461445393,-0.18213865780134833,0.1874624488067788,0.3268435707509117,0.5182292554349006,0.2176806345678675,0.3903142664570233
2021-01-17 01:40:00,0.057295371822908,0.07271911231051273,-0.2383843933639481,0.0668903387149276,0.043927263218535,-0.1862518654897605,0.1938795833716608,0.3411539468560035,0.5186383686108451,0.2176806345678675,0.3903142664570233
2021-01-17 01:50:00,0.0560529921462883,0.07266878179309423,-0.2596143493286056,0.0679593665768947,1.2042947004772486,-0.1702992800915505,0.2188746233465621,0.4015871193235525,0.516948808507542,0.2176806345678675,0.3903142664570233
2021-01-17 02:00:00,0.0560017539584852,0.0727448433064283,-0.26157501022155916,0.0678456083534788,-0.3133746055606679,-0.17153515583297682,0.1884882002861532,0.3277857729630616,0.5182004282430053,0.2176806345678675,0.3903142664570233
2021-01-17 02:10:00,0.0558094761743571,0.07283563733864917,-0.26626168042542925,0.0670712678566071,-0.4636717581112393,-0.18284030201190118,0.2168084605488529,0.3980848751181483,0.5186340984423616,0.2176806345678675,0.3903142664570233
2021-01-17 02:20:00,0.0558192817944826,0.07279386038496122,-0.2655122547043859,0.0670439269642835,-0.0315072866291288,-0.1842091721952528,0.2252540505881808,0.4211791653707752,0.5195693355336252,0.2176806345678675,0.3903142664570233
2021-01-17 02:30:00,0.0561533518004287,0.07275250528540386,-0.2589769692832938,0.0668847027359119,0.0677736200685785,-0.1876350776027148,0.222889012061601,0.4205006928628554,0.5180413871490747,0.2176806345678675,0.3903142664570233
2021-01-17 02:40:00,0.0561506799407012,0.07270232979776259,-0.25833464028917197,0.0667411480811278,-0.1558492313986192,-0.19061921002861665,0.2155796637808612,0.4023366753524676,0.5183891866714319,0.2176806345678675,0.3903142664570233
2021-01-17 02:50:00,0.0561473516742931,0.07265524145562344,-0.2577460192075027,0.0655786922942288,0.110260627047154,-0.20907585431081444,0.2102519743254278,0.3772760157039652,0.5177045544761136,0.2176806345678675,0.3903142664570233
2021-01-17 03:00:00,0.0561469068693423,0.07248244267257152,-0.25537276975389883,0.0654139510320091,0.0484389150766872,-0.21382975622537753,0.215178561680388,0.3971392920258415,0.5201867682582817,0.2176806345678675,0.3903142664570233
2021-01-17 03:10:00,0.0564233623759679,0.07230221863903172,-0.24797151600403824,0.0654157545818948,0.0499494693286806,-0.21562424116000622,0.2019558822287129,0.3597110298666497,0.5203308496453722,0.2176806345678675,0.3903142664570233
2021-01-17 03:20:00,0.0574659850592426,0.07218994621961702,-0.22810757859386857,0.0656453952904979,-0.5552283482149534,-0.21330035761524832,0.2112860739289837,0.3789481931506197,0.5198113215914957,0.2176806345678675,0.3903142664570233
2021-01-17 03:30:00,0.0573459902840409,0.07211281229237772,-0.22912880565173427,0.0658316110401347,-0.5064329661411904,-0.21163462123071164,0.2366511588340508,0.4425364076231765,0.518673131806141,0.2176806345678675,0.3903142664570233
2021-01-17 03:40:00,0.0573037059578929,0.07207629219547562,-0.2293598738153491,0.0658192945733577,0.3124087767451655,-0.21248984856161943,0.203491432955388,0.3579280426371756,0.5201680771480948,0.2176806345678675,0.3903142664570233
2021-01-17 03:50:00,0.0574373065267499,0.07201904974588537,-0.22623663212821699,0.0656491281608457,-0.0339246409733817,-0.21577284863542578,0.2248227749603923,0.4123619443439953,0.5193012652627291,0.2176806345678675,0.3903142664570233
2021-01-17 04:00:00,0.0574090282391552,0.07194269051349632,-0.22566825962357165,0.0654718439186865,0.2421060983598622,-0.21927156131454786,0.2308710964462217,0.4296374033120433,0.520228820131653,0.2176806345678675,0.3903142664570233
2021-01-17 04:10:00,0.05736689668559,0.07185114292888299,-0.22512909538254827,0.0655223591788164,0.2597081134139145,-0.21903965501295614,0.2314592295953714,0.431949731440284,0.518810206276779,0.2176806345678675,0.3903142664570233
2021-01-17 04:20:00,0.0573607398796805,0.07180522544034278,-0.22459715603981525,0.0655878589442869,-0.3423939501239204,-0.21847792617777395,0.2229811894650441,0.4144018745944646,0.5193110650635169,0.2176806345678675,0.3903142664570233
2021-01-17 04:30:00,0.0576816114482209,0.07179326206431783,-0.21885219821963348,0.0654358029862828,-0.3194822096387995,-0.2208678983327282,0.2075195321650294,0.3699968181064834,0.5162801723725724,0.2176806345678675,0.3903142664570233
2021-01-17 04:40:00,0.05739740729911,0.07173770351374256,-0.22301732705284386,0.0656664978482484,-0.5736311674141348,-0.21760796009054392,0.2026842925537786,0.3685348717761496,0.5173338381054138,0.2176806345678675,0.3903142664570233
2021-01-17 04:50:00,0.057588972267985,0.07170419164028657,-0.21921811101829686,0.0656713475803314,-0.184894391209589,-0.21775990524055566,0.1883334212131013,0.3295580812435651,0.5178475595866759,0.2176806345678675,0.3903142664570233
2021-01-17 05:00:00,0.0575686093775639,0.07167753972269086,-0.2192000019480416,0.0654843298743467,-0.1531402834800133,-0.22074807729704263,0.1965852856835851,0.3491690825109325,0.5177834202187381,0.2176806345678675,0.3903142664570233
2021-01-17 05:10:00,0.0573143325609434,0.07165495848031313,-0.2233116316745224,0.0654452527577177,-0.5883310791732654,-0.22116096922336556,0.2200401037345328,0.408392105345433,0.5178814699550406,0.2176806345678675,0.3903142664570233
2021-01-17 05:20:00,0.0575381405599644,0.07163979205963415,-0.21920263262070616,0.0650020940568025,0.35834784937947,-0.22809004870475588,0.1899373949123252,0.3290305416932238,0.5188438265368038,0.2176806345678675,0.3903142664570233
2021-01-17 05:30:00,0.0581382902954737,0.07156724814270361,-0.20781305312414078,0.0650181624099128,0.2921376061877367,-0.22862526608798264,0.2216028802475794,0.4001890914374292,0.5189726884304551,0.2176806345678675,0.3903142664570233
2021-01-17 05:40:00,0.0584757324399878,0.07152045819842458,-0.20137169933593202,0.065028379350844,-0.1502353518112897,-0.22912879698397287,0.2392128029758053,0.444992280943276,0.5205024514458794,0.2176806345678675,0.3903142664570233
2021-01-17 05:50:00,0.0581364576881542,0.0714478430192023,-0.2061747492473654,0.065330316713122,-0.638957250872707,-0.2243662349710121,0.2367844414241828,0.442725954348405,0.5194721566238463,0.2176806345678675,0.3903142664570233
2021-01-17 06:00:00,0.0580429835096855,0.07142252415399149,-0.20742945287304176,0.0652928701871372,0.3440547516767367,-0.22385060002957913,0.2272995060740312,0.4206729991745069,0.5192628267336623,0.2176806345678675,0.3903142664570233
2021-01-17 06:10:00,0.0575900714985194,0.07140771072888989,-0.2150556738894006,0.0656721541056733,-0.7534029148198229,-0.21739265415204706,0.211898345455083,0.3784853179230578,0.5167791695137665,0.2176806345678675,0.3903142664570233
2021-01-17 06:20:00,0.0571706885672088,0.07143812991906616,-0.22279042987235328,0.0659653784854187,-0.6960061857464339,-0.21157150873975558,0.2075305539479593,0.3744999372291029,0.5181151365838385,0.2176806345678675,0.3903142664570233
2021-01-17 06:30:00,0.0573187126286864,0.07149991164842673,-0.22106907067903228,0.0659869351005833,0.2748289584538099,-0.21010510420472192,0.1881524132492275,0.3268714879559291,0.5175402356700388,0.2176806345678675,0.3903142664570233
2021-01-17 06:40:00,0.0570384123318226,0.07153546521880907,-0.22646840234662724,0.0661707998086769,0.5753900043220739,-0.20659313306346386,0.1929173050387921,0.3391646157333196,0.5178566468927122,0.2176806345678675,0.3903142664570233
2021-01-17 06:50:00,0.0570329598061406,0.07157515381993479,-0.22711865712542134,0.0661897415500766,-0.2257310871973672,-0.2059771144879012,0.2198389490120871,0.4065883064255435,0.5182243235051397,0.2176806345678675,0.3903142664570233
2021-01-17 07:00:00,0.0593074910573277,0.07159928699255781,-0.18834949294299233,0.0654785901101678,-0.6070953306274163,-0.2164909710150319,0.1847834730528734,0.3210257818873692,0.5197948667417054,0.2176806345678675,0.3903142664570233
2021-01-17 07:10:00,0.0590807022307275,0.07156165399724987,-0.19165502811467314,0.0655119115235771,0.6781338225843925,-0.21660423182431873,0.2107585136230746,0.3855776022942634,0.517414357966786,0.2176806345678675,0.3903142664570233
2021-01-17 07:20:00,0.0589193976878414,0.07151821494549736,-0.19378180273757817,0.0656686593436338,-0.4781665160576764,-0.21424932837670366,0.2189915678317965,0.4096970533602872,0.5177055248469752,0.2176806345678675,0.3903142664570233
2021-01-17 07:30:00,0.0573393702399246,0.07150497828571879,-0.22077959616521578,0.0670922985560377,-1.3762059712307817,-0.19232052962996246,0.2185264493599772,0.4102375051180841,0.5167910027878241,0.2176806345678675,0.3903142664570233
2021-01-17 07:40:00,0.0573103629752087,0.07162769001852726,-0.2230002692232154,0.0671709816996419,0.3468483336453332,-0.19069741094340031,0.2136631617724314,0.3988531775748091,0.517214371589626,0.2176806345678675,0.3903142664570233
2021-01-17 07:50:00,0.0572761380876155,0.07171763182727549,-0.22485252976930267,0.0671668118060718,-0.3224113192093369,-0.19060725100025339,0.1979019382317194,0.3545962310867751,0.5153810295867923,0.2176806345678675,0.3903142664570233
2021-01-17 08:00:00,0.0566320063662662,0.07182733369637301,-0.23769078687282225,0.0676229419028763,-0.864580705929896,-0.1836698735650046,0.1956633711010596,0.3540474591383863,0.5162534734485896,0.2176806345678675,0.3903142664570233
2021-01-17 08:10:00,0.0561402463848636,0.07197390308283319,-0.2484506364477829,0.0682580771611152,0.9290944733789884,-0.17405573606397226,0.1891855953247287,0.328451090381974,0.5168876036069836,0.2176806345678675,0.3903142664570233
2021-01-17 08:20:00,0.0562227222430364,0.07211679389877126,-0.24896595669250407,0.0682375349285294,-0.1319169060296943,-0.174179431049823,0.2002391783278386,0.3558086107532224,0.5180594302714754,0.2176806345678675,0.3903142664570233
2021-01-17 08:30:00,0.055891995658074,0.07225780402243248,-0.25681915577676173,0.0645651962157737,-0.6153380825947963,-0.22896650018584772,0.2247239052060107,0.4162023386464826,0.5184921235918738,0.2176806345678675,0.3903142664570233
2021-01-17 08:40:00,0.055910157697177,0.07208487673632052,-0.25409819269695205,0.0643509181623249,-0.2452147856786268,-0.23566161340132488,0.1957881488714785,0.3416629311754225,0.5196162997507041,0.2176806345678675,0.3903142664570233
2021-01-17 08:50:00,0.0552924154839372,0.07190268101401764,-0.2626778051937717,0.0646033578633869,0.844414233627333,-0.23444734941686166,0.2224252393140121,0.4067518629772233,0.517974488348526,0.2176806345678675,0.3903142664570233
2021-01-17 09:00:00,0.054916909538723,0.07175678277251249,-0.26746107632539695,0.0648997180776158,0.7766988158245169,-0.23182698294064383,0.2336074321760591,0.4322272164188366,0.5182602883118814,0.2176806345678675,0.3903142664570233
2021-01-17 09:10:00,0.0549591938891674,0.0716148374526956,-0.26471129891214606,0.0648991343765167,0.0213511389702603,-0.23424506285546723,0.2275540501180218,0.422255070008307,0.5161284763865606,0.2176806345678675,0.3903142664570233
2021-01-17 09:20:00,0.054845177894662,0.07151782229113433,-0.26543241300475423,0.0650241585866726,-0.4192353005118221,-0.23379298400790813,0.2190273156529029,0.4031162612301884,0.5170249308437669,0.2176806345678675,0.3903142664570233
2021-01-17 09:30:00,0.0536464179997092,0.07143785959050646,-0.2864132744143345,0.0659523990185037,-1.1409502912041347,-0.2207798325758151,0.2069427667236578,0.3670652042321138,0.5161266949086727,0.2176806345678675,0.3903142664570233
2021-01-17 09:40:00,0.0536446893838665,0.07143948617407458,-0.28646826627419075,0.0659529944020523,-0.074967359360123,-0.22188190947501873,0.1999262174696056,0.3605993978318695,0.5178391856360511,0.2176806345678675,0.3903142664570233
2021-01-17 09:50:00,0.0534385807062405,0.07145930026299954,-0.2905950903028052,0.0663740509619529,-0.7973681903717278,-0.2164112160334038,0.1829387675980733,0.3163868299456455,0.5164620339303005,0.2176806345678675,0.3903142664570233
2021-01-17 10:00:00,0.0533394309795932,0.07152577950415054,-0.2933820863243146,0.0657962899708531,0.606462600139146,-0.22588139915766797,0.1905681497560978,0.3364064174132609,0.5162634849929604,0.2176806345678675,0.3903142664570233
2021-01-17 10:10:00,0.0535255024298617,0.07152163906851618,-0.28984182696962946,0.0658348449351191,0.307030342418102,-0.22654833622744033,0.2161777913863327,0.3996768203372255,0.5174084353636886,0.2176806345678675,0.3903142664570233
2021-01-17 10:20:00,0.0533818126578254,0.07150222630135465,-0.29225848527595766,0.0659823167664589,0.4804313833009388,-0.22524487160877965,0.1903766338199761,0.3353272654829741,0.519323608577178,0.2176806345678675,0.3903142664570233
2021-01-17 10:30:00,0.053309378800143,0.07152214801624517,-0.29389488602699376,0.0656220421620786,0.2824846398981506,-0.23139130384487513,0.2145546480096011,0.3985226088782792,0.5189548038146141,0.2176806345678675,0.3903142664570233
2021-01-17 10:40:00,0.0531965828619903,0.07150079676641129,-0.2957144308568794,0.0656956964162417,0.3641012734520998,-0.23152032542906892,0.2237690492754558,0.4184982350232556,0.519414399675316,0.2176806345678675,0.3903142664570233
2021-01-17 10:50:00,0.0531560399897964,0.0715010604076214,-0.29648054168671745,0.0657103827425345,-0.2299782409609818,-0.23219548302795828,0.2278240351837193,0.4253368906296045,0.5188963070953923,0.2176806345678675,0.3903142664570233
2021-01-17 11:00:00,0.0540872323244954,0.0714652995081544,-0.27861385372498443,0.0657040743235867,0.1370695518167153,-0.23326827449385656,0.2260907750061935,0.4236364539365229,0.520562136969703,0.2176806345678675,0.3903142664570233
2021-01-17 11:10:00,0.0540987972837556,0.07143002487486214,-0.27790634315648055,0.0656713662106757,-0.1622595793989489,-0.23428966710450735,0.2101242689767914,0.3790267062692991,0.5197451046610531,0.2176806345678675,0.3903142664570233
2021-01-17 11:20:00,0.0540649481402663,0.07143348716913737,-0.2785807001805817,0.0653023423245405,0.3093657377137404,-0.2403674410685854,0.2043400305251916,0.3743373002360515,0.5204943360766086,0.2176806345678675,0.3903142664570233
2021-01-17 11:30:00,0.0533276155926333,0.07138381728779127,-0.2916168818460399,0.0658759765299771,0.9017368459224072,-0.2326723535720233,0.1864995638704253,0.3297193297125415,0.5194709756328257,0.2176806345678675,0.3903142664570233
2021-01-17 11:40:00,0.053375008576683,0.07137228875157961,-0.29056704905128306,0.0659879329731277,0.3929249202645479,-0.23189727065583907,0.1899089091880939,0.3348919893974464,0.5189563804825355,0.2176806345678675,0.3903142664570233
2021-01-17 11:50:00,0.0539513964920336,0.07139503615190129,-0.2801447689464912,0.0660481103639913,-0.2928760505172434,-0.23111505292037338,0.2107777835700684,0.3913759866875451,0.5182452739679035,0.2176806345678675,0.3903142664570233
2021-01-17 12:00:00,0.0580315806151006,0.07140545625501232,-0.20738692883575066,0.0660337138978217,-0.3276659776110691,-0.23145881522436426,0.1791824031392186,0.3142051726060963,0.5199844299160289,0.2176806345678675,0.3903142664570233
2021-01-17 12:10:00,0.0571559409389509,0.07142025527222402,-0.22279817812446337,0.0662390503310648,1.0060436775235715,-0.22832335373910773,0.2081699493845609,0.3863586255336843,0.5194948934115504,0.2176806345678675,0.3903142664570233
2021-01-17 12:20:00,0.0571592257220418,0.07146035861531312,-0.22330206381956333,0.0646096581020047,-0.4140578831748343,-0.2536227438538296,0.2164954743860179,0.4074790823728756,0.5202136291625916,0.2176806345678675,0.3903142664570233
2021-01-17 12:30:00,0.0570790803476836,0.07124619339573371,-0.22170371085624627,0.0642745224615558,-0.3044181176628413,-0.2611522749814768,0.2119200564576784,0.3970100766637575,0.5168719217186897,0.2176806345678675,0.3903142664570233
2021-01-17 12:40:00,0.0570792289069521,0.07107720198442743,-0.21932635466661501,0.0642552894038196,0.0150032977757064,-0.2631253918282914,0.2034591509250926,0.3796163206350776,0.5168010009358621,0.2176806345678675,0.3903142664570233
2021-01-17 12:50:00,0.0569888290299154,0.07095493292463723,-0.21918966126721331,0.0643038498303171,-0.3449921094150099,-0.26310549347940315,0.1900555985978981,0.3401457252900914,0.5159828465015425,0.2176806345678675,0.3903142664570233
2021-01-17 13:00:00,0.0568428826409281,0.07084322850583832,-0.22017836954400885,0.0643208708343978,0.5769870489626072,-0.26375112668270867,0.1835149796196638,0.3340961338120652,0.5171987001132711,0.2176806345678675,0.3903142664570233
2021-01-17 13:10:00,0.0568273209005002,0.07077758953357177,-0.2195252067289385,0.0639782755406669,0.2036209262845645,-0.2698576086519433,0.166308430363485,0.2889974569483998,0.5174423137069182,0.2176806345678675,0.3903142664570233
2021-01-17 13:20:00,0.056793339193021,0.07064589663588111,-0.21826097615007928,0.0633335889347985,-0.2033096952143154,-0.27993155970270855,0.1748521518431309,0.3034583787277058,0.5171597453244356,0.2176806345678675,0.3903142664570233
2021-01-17 13:30:00,0.0564733582399623,0.0704562384479927,-0.22122279448203636,0.0627720179781695,-0.6264849364116643,-0.2899347612420827,0.2089692101616943,0.3795103888186132,0.5176262907897021,0.2176806345678675,0.3903142664570233
2021-01-17 13:40:00,0.0563949756777589,0.07028323040413835,-0.2201531562258676,0.0628463683286908,-0.3057669040137156,-0.2896006355941572,0.1893598035747963,0.3287788614594678,0.519878462374664,0.2176806345678675,0.3903142664570233
2021-01-17 13:50:00,0.056256021539413,0.0701166591285658,-0.2202473289157436,0.0629329316580751,-0.4476871171043228,-0.28899938461383473,0.2154862967902179,0.3937320544220121,0.5192372951612425,0.2176806345678675,0.3903142664570233
2021-01-17 14:00:00,0.0563032616687362,0.06998335724499684,-0.21750499294569528,0.0629633953062176,-0.2045453529119001,-0.28915626879237516,0.2255145579248502,0.4178101993052925,0.5192238830909752,0.2176806345678675,0.3903142664570233
2021-01-17 14:10:00,0.0558379928593273,0.06987858867920187,-0.2243047754020979,0.0633839334527666,0.7687696759946405,-0.28262902598980066,0.2218501055905699,0.4119137885912874,0.516723621397335,0.2176806345678675,0.3903142664570233
2021-01-17 14:20:00,0.0558006133573945,0.06984779816804472,-0.22453370152129576,0.0616313194328811,-0.210911081792986,-0.3106458874294017,0.2128105828007492,0.3900497026583524,0.5171132784815978,0.2176806345678675,0.3903142664570233
2021-01-17 14:30:00,0.0572035239981887,0.06963875917410232,-0.1967057921750414,0.0615167950141105,0.3565414075268336,-0.3141549020253675,0.1938975682558965,0.3408836320738483,0.5158025202572288,0.2176806345678675,0.3903142664570233
2021-01-17 14:40:00,0.0571737154818021,0.0694386657124182,-0.19434958197117377,0.061171188926778,0.1882438265759844,-0.32105984857827546,0.1882727504170131,0.3362571663890713,0.5175399199186872,0.2176806345678675,0.3903142664570233
2021-01-17 14:50:00,0.0560394609265229,0.06924584176447772,-0.21160699456075047,0.0622477825665089,-1.168550386580769,-0.30500943146501597,0.1754278907597887,0.3001751025149008,0.5185164318902942,0.2176806345678675,0.3903142664570233
2021-01-17 15:00:00,0.0545089095611975,0.06915569941198836,-0.2379963092168001,0.0635976904251898,1.308443529233294,-0.2849117750889394,0.18339527586213,0.3184228979848795,0.5184678811945167,0.2176806345678675,0.3903142664570233
2021-01-17 15:10:00,0.0524967920244115,0.06919947437282374,-0.27624120339262215,0.0652653266289408,1.4727380020946867,-0.25954879987267443,0.2079803944048953,0.3797608672950806,0.5169457697317379,0.2176806345678675,0.3903142664570233
2021-01-17 15:20:00,0.0526363987226811,0.06958749180113272,-0.2791769643348053,0.0653293542660554,0.312362209502659,-0.25907109657099553,0.1780805320143015,0.3050685074726385,0.5180373464860776,0.2176806345678675,0.3903142664570233
2021-01-17 15:30:00,0.0526697403460076,0.06975047533801265,-0.28088313190409114,0.0643895790049823,-0.0327462259694044,-0.2739893257040258,0.2059857265101238,0.3734775332023847,0.5182971614590872,0.2176806345678675,0.3903142664570233
2021-01-17 15:40:00,0.0526755118338516,0.06981887386375991,-0.2817536959414786,0.0642925901442649,-0.1272653520008049,-0.27519973760906385,0.2171063466794952,0.4022445182963947,0.518853661991316,0.2176806345678675,0.3903142664570233
2021-01-17 15:50:00,0.0526569242391298,0.06984650919233325,-0.28250236423615144,0.064305511155842,-0.1410771206206362,-0.27383174793149734,0.2137609368220185,0.395903314051779,0.5175958827045608,0.2176806345678675,0.3903142664570233
2021-01-17 16:00:00,0.0528675719788503,0.06987949760301577,-0.27898215098717977,0.0642835632906657,0.1360769956164631,-0.27298413744573996,0.2062176077019596,0.3756166089551305,0.5174981131318916,0.2176806345678675,0.3903142664570233
2021-01-17 16:10:00,0.0532923107081594,0.06990598249912955,-0.2713591757397723,0.0626251885881402,0.2647184307623007,-0.2953063635713681,0.1987315901280379,0.3454197714590269,0.5170753141340647,0.2176806345678675,0.3903142664570233
2021-01-17 16:20:00,0.0536941527697018,0.06980646586496697,-0.26242253103059726,0.0623005412819639,-0.1712099998840699,-0.29841257727296266,0.1990448584806274,0.3555346337012517,0.5192212002711327,0.2176806345678675,0.3903142664570233
2021-01-17 16:30:00,0.0532978199230864,0.06969510792853104,-0.26823469943480266,0.0626383791724906,0.6522330389232778,-0.2836169902054358,0.1863412271492607,0.3217943221784564,0.5195934659286181,0.2176806345678675,0.3903142664570233
2021-01-17 16:40:00,0.0532229126934243,0.06960188065604701,-0.26830259454211036,0.0622494381779435,-0.4082500176007642,-0.2849824354045686,0.1949542302358721,0.3403593669852126,0.5188970107282793,0.2176806345678675,0.3903142664570233
2021-01-17 16:50:00,0.0532699620479516,0.06948392283573049,-0.26572279122442327,0.0616902062250713,0.0468441510925288,-0.2901457769583943,0.2206316163905375,0.4052068406531669,0.5175934214040082,0.2176806345678675,0.3903142664570233
2021-01-17 17:00:00,0.0533107788334222,0.06930736111636604,-0.26241258132390566,0.0617055359559108,0.1777690266564491,-0.2870763969284199,0.1933494597181184,0.3320894734874516,0.5186845387497427,0.2176806345678675,0.3903142664570233
2021-01-17 17:10:00,0.0542360710833127,0.06916969467947603,-0.2432166233139323,0.060658628738079,0.0036943762014018,-0.3006090448032622,0.2166408739123045,0.3905747750553002,0.5173420557114881,0.2176806345678675,0.3903142664570233
2021-01-17 17:20:00,0.0544896698519421,0.06897336388296885,-0.23570925968422238,0.0606981929140055,-0.3415422176358262,-0.2977384277170825,0.2254990986138265,0.4140912673081,0.5184605049323456,0.2176806345678675,0.3903142664570233
2021-01-17 17:30:00,0.0545095526200575,0.06877839470184192,-0.23251370138276106,0.060653508719035,-0.1190833900052368,-0.2963597516649115,0.2264854311773925,0.4171703236868902,0.5180570729366607,0.2176806345678675,0.3903142664570233
2021-01-17 17:40:00,0.0545037175472222,0.0686265234229758,-0.23041018760669038,0.0606629957405773,-0.1902137978223805,-0.2939753188457129,0.2119795891997544,0.3865526691975213,0.518834602929104,0.2176806345678675,0.3903142664570233
2021-01-17 17:50:00,0.0544250877675444,0.06846049507170156,-0.2294316448706141,0.0603554046494752,0.3016321537165467,-0.29686317507385673,0.1979236237005643,0.3455516440104099,0.5165157459239458,0.2176806345678675,0.3903142664570233
2021-01-17 18:00:00,0.0544238029356278,0.06830506173243632,-0.2271822619884635,0.060340269789804,-0.234471341578768,-0.29525049007097404,0.1947030786380741,0.3482313436310949,0.5178922524538824,0.2176806345678675,0.3903142664570233
2021-01-17 18:10:00,0.0543860485127112,0.0681974609192923,-0.22629967442725338,0.0601480161586965,-0.2428361283794089,-0.29612620941877926,0.1832262720452206,0.3152795064326977,0.5192100142952458,0.2176806345678675,0.3903142664570233
2021-01-17 18:20:00,0.0542473216838598,0.06805615001415669,-0.2267794786273402,0.0603077842020182,0.4829657155497102,-0.29203317090913367,0.1953426223967344,0.3429926790287723,0.5189837194673024,0.2176806345678675,0.3903142664570233
2021-01-17 18:30:00,0.054194340783385,0.06798118694416816,-0.2266545149087514,0.0600715656667489,-0.2398501940344743,-0.2937031351655895,0.2211002383267064,0.408125762673355,0.5187437889003061,0.2176806345678675,0.3903142664570233
2021-01-17 18:40:00,0.0542764080599291,0.06787218735797942,-0.2235366803447818,0.0600480196233127,-0.0984226048341696,-0.2926911401253092,0.193130574625422,0.3334889958239659,0.5199203921069495,0.2176806345678675,0.3903142664570233
2021-01-17 18:50:00,0.0542920722591945,0.06780986673220096,-0.22232949401078322,0.0587923986567597,-0.1300741841216535,-0.3081555202722751,0.2273233150385057,0.4102440095878654,0.5201067851641863,0.2176806345678675,0.3903142664570233
2021-01-17 19:00:00,0.0538033222522805,0.06760034198670499,-0.2282778248487545,0.0592201649846347,0.7331456752432075,-0.2935333974559406,0.2427596397452318,0.450427733629737,0.522240402407675,0.2176806345678675,0.3903142664570233
2021-01-17 19:10:00,0.0540568545718411,0.06747947303834145,-0.22178709335921856,0.059169436369606,0.0598325567809254,-0.28903076070367184,0.2401837054317188,0.4465048943920202,0.5216537477023249,0.2176806345678675,0.3903142664570233
2021-01-17 19:20:00,0.0541560448766328,0.06735492451724848,-0.218106419192167,0.0590222927494032,-0.0258128155531167,-0.28532582706892046,0.230890585742654,0.4251153092582104,0.5213275211067632,0.2176806345678675,0.3903142664570233
2021-01-17 19:30:00,0.0540230860004603,0.06723556237885492,-0.21879083588605674,0.0591264380146783,-0.3792624889813467,-0.2772917764117026,0.214091223853215,0.3784685072350489,0.5191710289283169,0.2176806345678675,0.3903142664570233
2021-01-17 19:40:00,0.0540471800130662,0.06712973449340855,-0.2167697137791639,0.05897193824782,-0.0780521331293471,-0.2745612086054062,0.2115849025841671,0.3779360814153374,0.5207071402360919,0.2176806345678675,0.3903142664570233
2021-01-17 19:50:00,0.0538532314318511,0.06700091840803797,-0.21844391705816693,0.0591412642662569,-0.4578450871196793,-0.2673209277263768,0.1935594526507401,0.3342275589878445,0.5206258835673626,0.2176806345678675,0.3903142664570233
2021-01-17 20:00:00,0.053880399303641,0.06692782388019637,-0.21684802071931553,0.0591403637683156,0.0740665601208334,-0.26308662948149075,0.2000940040128062,0.3483286008311714,0.5206681824427363,0.2176806345678675,0.3903142664570233
2021-01-17 20:10:00,0.0538567477759596,0.06688392125550574,-0.2166308956295065,0.0591399471946975,-0.1693796843939665,-0.25870148505489926,0.2288887200455143,0.4188801345016454,0.521476436369341,0.2176806345678675,0.3903142664570233
2021-01-17 20:20:00,0.0540277350674533,0.06685730485584258,-0.21306304284603417,0.058883891052516,0.1418003663532729,-0.2589003990116706,0.1969633187175484,0.3395878200568505,0.5234931453837668,0.2176806345678675,0.3903142664570233
2021-01-17 20:30:00,0.0543218884496447,0.06680176756931178,-0.20680229289153876,0.0589304873273253,0.2450043914441479,-0.2540654704774562,0.2212977642877787,0.3984111527505715,0.5208922133954899,0.2176806345678675,0.3903142664570233
2021-01-17 20:40:00,0.0535759804396039,0.06674187161867906,-0.21973167485098513,0.059564620785903,0.9103190586257526,-0.24015858039106336,0.2287822229610125,0.4209001356748941,0.5206277947757212,0.2176806345678675,0.3903142664570233
2021-01-17 20:50:00,0.0536231845707725,0.06672559820025921,-0.21860713789274722,0.0595221447960424,0.1135450174233554,-0.2364147318193491,0.2272784560278293,0.4179825635677505,0.5199307040971572,0.2176806345678675,0.3903142664570233
2021-01-17 21:00:00,0.053165409821064,0.06673769285109775,-0.22736190997013048,0.0598623971977876,0.703891947686941,-0.2264529723509491,0.2175497332007209,0.3965197935218527,0.5201536886744687,0.2176806345678675,0.3903142664570233
2021-01-17 21:10:00,0.0528446979901446,0.06677345963560917,-0.2339483053174558,0.0600189057667878,0.5833754998869622,-0.21996815762293745,0.2030215163823795,0.3573361390628754,0.5185706796838047,0.2176806345678675,0.3903142664570233
2021-01-17 21:20:00,0.0526878917980388,0.06682416690059435,-0.2376791230688965,0.0601565643055297,0.4087257290777302,-0.2146288786699553,0.2009971722827389,0.3571884805525493,0.5193756841183621,0.2176806345678675,0.3903142664570233
2021-01-17 21:30:00,0.0526838127108124,0.06687140675977905,-0.23846322390108168,0.0591595055343653,-0.1109533977547982,-0.2279042891757191,0.1957198275844749,0.3339282006817035,0.5200534588663523,0.2176806345678675,0.3903142664570233
2021-01-17 21:40:00,0.0528484072436421,0.06681533345454269,-0.2345050223732646,0.059025299604492,-0.0885787690741324,-0.2278626533289574,0.2134370948320453,0.3740554010397359,0.520530061967597,0.2176806345678675,0.3903142664570233
2021-01-17 21:50:00,0.0528594612117591,0.06674915906525408,-0.23330498254354126,0.0590502195482635,-0.1744978717884038,-0.22556688870069905,0.2404917198991851,0.4399143649636244,0.5203690094144019,0.2176806345678675,0.3903142664570233
2021-01-17 22:00:00,0.0529331293004758,0.06670068155406764,-0.2311857654588056,0.0585449797907064,0.1702713849949688,-0.2334101608141046,0.2125797150600112,0.3689730744286319,0.5212722172439386,0.2176806345678675,0.3903142664570233
2021-01-17 22:10:00,0.0530015182996298,0.06661385158232164,-0.22859197733305958,0.0584961120468818,-0.1449811687052715,-0.23315773441153828,0.2385008861529231,0.4341058351165448,0.5194321871630397,0.2176806345678675,0.3903142664570233
2021-01-17 22:20:00,0.0529616123735259,0.06653810979590224,-0.2282075068672544,0.0584946202711398,-0.2063866865043451,-0.23236908915137308,0.2438718910377439,0.4482051774517424,0.519816250812976,0.2176806345678675,0.3903142664570233
2021-01-17 22:30:00,0.0530366066036571,0.06648121524924729,-0.22593706453244924,0.0582923553132088,-0.0452706544139758,-0.23508710604899785,0.2378108548798288,0.4373527985045697,0.5181224745708822,0.2176806345678675,0.3903142664570233
2021-01-17 22:40:00,0.0529380878879292,0.06641426074161336,-0.2267887259560037,0.0583060339979623,-0.3654877191545225,-0.23316860609895942,0.2288820027327809,0.4179366700995137,0.5188490726670432,0.2176806345678675,0.3903142664570233
2021-01-17 22:50:00,0.0528142613824723,0.06636759718578682,-0.22842768700249808,0.0585009891479607,-0.4799890891533209,-0.22793584896683186,0.2191694193075968,0.3857467227090947,0.5183318445753642,0.2176806345678675,0.3903142664570233
2021-01-17 23:00:00,0.0527607017281735,0.06633381644732983,-0.22893319101240814,0.0585157617628859,0.2505967734016678,-0.22648045990168209,0.2156055547958694,0.3858595795479591,0.5197879670219526,0.2176806345678675,0.3903142664570233
2021-01-17 23:10:00,0.0528735569495578,0.06631561409079635,-0.22652203085310688,0.0582687503375062,-0.1489091503700024,-0.2294455018258699,0.2006412385193905,0.3459680533955824,0.5177865972790954,0.2176806345678675,0.3903142664570233
2021-01-17 23:20:00,0.0527176048192464,0.06624464060012235,-0.22840510793829216,0.0583248218029246,0.4328830591962429,-0.22736412653278656,0.2094145690948507,0.3665642059670665,0.5168429518694716,0.2176806345678675,0.3903142664570233
2021-01-17 23:30:00,0.0532456728048559,0.06619821801629606,-0.21773700499085427,0.0579115761519466,-0.016451002483997,-0.23378521328295476,0.236714841677217,0.4330000120687364,0.5171991328414857,0.2176806345678675,0.3903142664570233
2021-01-17 23:40:00,0.051896054491612,0.06612392555857582,-0.2422878754790278,0.0589269986727962,-1.1912524041912675,-0.2160993748932949,0.209068311794704,0.3639297900488568,0.5190064638982488,0.2176806345678675,0.3903142664570233
2021-01-17 23:50:00,0.0518282299139225,0.06620190328008053,-0.2447742331325168,0.0587271459959487,-0.2983849104845504,-0.22000927384727995,0.2340475684573877,0.4269747244890465,0.5179446948255287,0.2176806345678675,0.3903142664570233
2021-01-18 00:00:00,0.0517443374558157,0.06619902028761862,-0.24635065853787624,0.0587448073977084,-0.3052619885995256,-0.2197670490789298,0.2430140907242185,0.4468635827014574,0.5175883786913246,0.2098321574848572,0.3790643555186771
2021-01-18 00:10:00,0.0515878893758886,0.06619585595753369,-0.2493309192317524,0.0586328579871215,0.407941829783276,-0.2197807781002643,0.2468260739779138,0.450604191412554,0.5167350764515766,0.2098321574848572,0.3790643555186771
2021-01-18 00:20:00,0.0516785717149101,0.06618057007202807,-0.2473436944216703,0.0582828125700275,-0.0102771674155732,-0.224312582994651,0.2478097873499299,0.4548702084927599,0.5180267269239114,0.2098321574848572,0.3790643555186771
2021-01-18 00:30:00,0.0516820742782626,0.06610721954062997,-0.24616696675337463,0.0576300768539027,0.0286843040898432,-0.23513556250422496,0.233655593113437,0.4160729814085575,0.5169451849062943,0.2098321574848572,0.3790643555186771
2021-01-18 00:40:00,0.0518266893690323,0.06600536184806051,-0.24183072348883622,0.0576387013197909,0.1014429898816615,-0.23489212756379577,0.2288570268182783,0.4119056641637053,0.5174392357403947,0.2098321574848572,0.3790643555186771
2021-01-18 00:50:00,0.0523667032441334,0.06590784686576026,-0.22998655165716678,0.0575096315106863,0.1603731896299365,-0.2368339465860402,0.2124947631393981,0.3712456824559672,0.5160508994901006,0.2098321574848572,0.3790643555186771
2021-01-18 01:00:00,0.0523586853626202,0.06582085496407233,-0.2288188997969126,0.0575589226587319,-0.25655364224626,-0.23559464698820898,0.2200035230933717,0.3853843204214288,0.5155560005323455,0.2098321574848572,0.3790643555186771
2021-01-18 01:10:00,0.0522970259310795,0.06573466414407332,-0.2286868950035423,0.057568853878918,-0.2797435479363841,-0.23444449709436077,0.2407366488733168,0.4398623752804432,0.5149819692237584,0.2098321574848572,0.3790643555186771
2021-01-18 01:20:00,0.0522989058003315,0.06564550904712226,-0.2272937416490096,0.0572805054643235,-0.00136815692926,-0.23905459118076694,0.2084602767526565,0.3608912217815104,0.5172461133074926,0.2098321574848572,0.3790643555186771
2021-01-18 01:30:00,0.0525632151606985,0.0655366530388692,-0.2205930309580595,0.0572286111206238,0.4945816361296096,-0.23988452357256337,0.2358149698456541,0.4294319745815405,0.5171543156470079,0.2098321574848572,0.3790643555186771
2021-01-18 01:40:00,0.0526770610278462,0.0654631287815733,-0.2173069786034239,0.057295371822908,0.2799761056783367,-0.2383843933639481,0.2406400575070786,0.4458830320213395,0.5178533489404373,0.2098321574848572,0.3790643555186771
2021-01-18 01:50:00,0.0532279187115808,0.06540257393401078,-0.20597856797154931,0.0560529921462883,0.2052040152221934,-0.2596143493286056,0.2377432463847411,0.443009961921,0.5148325581241644,0.2098321574848572,0.3790643555186771
2021-01-18 02:00:00,0.0531897786969144,0.0652500845657932,-0.20436109409838069,0.0560017539584852,-0.2019624275920506,-0.26157501022155916,0.2289330845222347,0.4271063877814997,0.5145436075505618,0.2098321574848572,0.3790643555186771
2021-01-18 02:10:00,0.0533131374012858,0.0650399268314422,-0.19881855913627083,0.0558094761743571,0.0018285415388064,-0.26626168042542925,0.2161981798873704,0.3903869698564451,0.5138442682374802,0.2098321574848572,0.3790643555186771
2021-01-18 02:20:00,0.0533032124553054,0.0648945153381983,-0.19676651015004187,0.0558192817944826,0.1092639056048838,-0.2655122547043859,0.2160766898077741,0.3981149332343342,0.51516567576955,0.2098321574848572,0.3790643555186771
2021-01-18 02:30:00,0.0529734626105929,0.06475101950838354,-0.2007583630621394,0.0561533518004287,-0.6153537578382995,-0.2589769692832938,0.1991102706605042,0.3556999799462229,0.5144639757266689,0.2098321574848572,0.3790643555186771
2021-01-18 02:40:00,0.0530874752310688,0.06467972982261373,-0.19750682848939555,0.0561506799407012,-0.1459053690959777,-0.25833464028917197,0.2082936236349966,0.3733842816391416,0.5134894318257617,0.2098321574848572,0.3790643555186771
2021-01-18 02:50:00,0.0531373208811457,0.06460754908354993,-0.19545174001622367,0.0561473516742931,-0.0917596219128569,-0.2577460192075027,0.2411201476556126,0.4479369486184624,0.5141832080593843,0.2098321574848572,0.3790643555186771
2021-01-18 03:00:00,0.05314025099477,0.06455668289277719,-0.19460897882396488,0.0561469068693423,0.0429748539538366,-0.25537276975389883,0.2147488282936924,0.383810963060639,0.5170988850608924,0.2098321574848572,0.3790643555186771
2021-01-18 03:10:00,0.0531482542024212,0.06452674584344095,-0.193994544458011,0.0564233623759679,-0.5600907583938053,-0.24797151600403824,0.2388635262264244,0.4442597390492793,0.516203958143745,0.2098321574848572,0.3790643555186771
2021-01-18 03:20:00,0.0517485754202437,0.06447593952700588,-0.2198952199641128,0.0574659850592426,-1.2229941491497698,-0.22810757859386857,0.2464663808438804,0.4640202047949594,0.5156902672774055,0.2098321574848572,0.3790643555186771
2021-01-18 03:30:00,0.0516352422346568,0.06451898689309392,-0.2227551225184347,0.0573459902840409,-0.3445373382911398,-0.22912880565173427,0.2418694369983224,0.4558827338709381,0.512829256170582,0.2098321574848572,0.3790643555186771
2021-01-18 03:40:00,0.0515925577455604,0.06461889469478974,-0.2251294232096539,0.0573037059578929,-0.2216312078674676,-0.2293598738153491,0.2349331314781376,0.4380618618343069,0.5123937154493587,0.2098321574848572,0.3790643555186771
2021-01-18 03:50:00,0.0516548509123285,0.0646634375284055,-0.2246118239429874,0.0574373065267499,0.3929955809637064,-0.22623663212821699,0.216568597586007,0.3910478866921674,0.5102745810703836,0.2098321574848572,0.3790643555186771
2021-01-18 04:00:00,0.0517354663709545,0.06470848390305807,-0.22374877006821478,0.0574090282391552,-0.1616749393875238,-0.22566825962357165,0.2112969582693026,0.3878586629395928,0.5115164013973212,0.2098321574848572,0.3790643555186771
2021-01-18 04:10:00,0.0517213711573548,0.06475866771249202,-0.22479649119088632,0.05736689668559,0.1381717188259301,-0.22512909538254827,0.1971499905759492,0.3506130202166835,0.5119283918753692,0.2098321574848572,0.3790643555186771
2021-01-18 04:20:00,0.051620919108428,0.06478840462558277,-0.22719964697363346,0.0573607398796805,0.3319187538744828,-0.22459715603981525,0.201049029158596,0.3608926486289393,0.5118355874008043,0.2098321574848572,0.3790643555186771
2021-01-18 04:30:00,0.0511713090282948,0.06479749556939196,-0.23608794955276374,0.0576816114482209,-0.6864452487032935,-0.21885219821963348,0.2243200598111243,0.4195722844741649,0.5098822809332737,0.2098321574848572,0.3790643555186771
2021-01-18 04:40:00,0.0513531757665954,0.06485962197619496,-0.23349849259253877,0.05739740729911,-0.0446471745227938,-0.22301732705284386,0.1919688473809839,0.3406602947765292,0.5107892055826391,0.2098321574848572,0.3790643555186771
2021-01-18 04:50:00,0.0511240263297893,0.06487887201078628,-0.23826745459148013,0.057588972267985,0.5044398458974086,-0.21921811101829686,0.2186012180753049,0.4050601806928631,0.5105843886395408,0.2098321574848572,0.3790643555186771
2021-01-18 05:00:00,0.0511962200600023,0.06490218109413752,-0.2372155277757998,0.0575686093775639,0.0015919366136429,-0.2192000019480416,0.2310009207742822,0.4364117680157804,0.511372611706771,0.2098321574848572,0.3790643555186771
2021-01-18 05:10:00,0.0511459607690241,0.06491816154766035,-0.23844390257748377,0.0573143325609434,-0.2324064782229129,-0.2233116316745224,0.2270294389316539,0.4319165542973722,0.5095529236346739,0.2098321574848572,0.3790643555186771
2021-01-18 05:20:00,0.0507760163636694,0.06488923954909949,-0.24525768521165317,0.0575381405599644,-0.6208560244315819,-0.21920263262070616,0.2181393556789708,0.4082720240416154,0.5090655282119411,0.2098321574848572,0.3790643555186771
2021-01-18 05:30:00,0.0501198295403823,0.06490141172988205,-0.25845264686773506,0.0581382902954737,0.8829361102449695,-0.20781305312414078,0.2079549178721473,0.3729830626775583,0.5082391507343786,0.2098321574848572,0.3790643555186771
2021-01-18 05:40:00,0.0497339371156999,0.06496137518205464,-0.26710532587986713,0.0584757324399878,0.6450391616457551,-0.20137169933593202,0.2118018194297171,0.3918702252768057,0.5107919581397358,0.2098321574848572,0.3790643555186771
2021-01-18 05:50:00,0.0497297080236651,0.06505886064335831,-0.26868990701536993,0.0581364576881542,-0.1123861636402878,-0.2061747492473654,0.1934525470553469,0.3439591179821658,0.5107466990300156,0.2098321574848572,0.3790643555186771
2021-01-18 06:00:00,0.0499935965398315,0.06513094677824345,-0.264504881175076,0.0580429835096855,-0.0988731204225601,-0.20742945287304176,0.1973890068935286,0.3535633247622101,0.5096644920127535,0.2098321574848572,0.3790643555186771
2021-01-18 06:10:00,0.0499529552074482,0.06514728988935602,-0.2655690380343843,0.0575900714985194,-0.2095231658994834,-0.2150556738894006,0.2176537341039234,0.4059415172663045,0.5084382365679563,0.2098321574848572,0.3790643555186771
2021-01-18 06:20:00,0.0499591999952049,0.06513295818472255,-0.2652240189987285,0.0571706885672088,0.056014025380513,-0.22279042987235328,0.1878495069507229,0.3299918914555394,0.5100806521116061,0.2098321574848572,0.3790643555186771
2021-01-18 06:30:00,0.0498224774895864,0.06507425151862857,-0.26706271157473754,0.0573187126286864,-0.4949775934488087,-0.22106907067903228,0.2115799283551181,0.3944816557181739,0.5086553024047565,0.2098321574848572,0.3790643555186771
2021-01-18 06:40:00,0.0499597190362185,0.06504506375626687,-0.26386325677318134,0.0570384123318226,0.1026172321031637,-0.22646840234662724,0.2209232629127565,0.4191449714093492,0.509415063586969,0.2098321574848572,0.3790643555186771
2021-01-18 06:50:00,0.0500248818652352,0.06498428728857857,-0.26162498769892073,0.0570329598061406,0.2115059168573907,-0.22711865712542134,0.2213912189608506,0.4229415274298134,0.5087191659654573,0.2098321574848572,0.3790643555186771
2021-01-18 07:00:00,0.0469149577142497,0.06492299683986198,-0.324865351209692,0.0593074910573277,1.7363077645196512,-0.18834949294299233,0.2124167340478452,0.4025421421851821,0.5089500633220618,0.2098321574848572,0.3790643555186771
2021-01-18 07:10:00,0.0467775796561719,0.06513856765522873,-0.33111278993478827,0.0590807022307275,0.4374634692654311,-0.19165502811467314,0.1989354966539461,0.360643641812059,0.5053833414653971,0.2098321574848572,0.3790643555186771
2021-01-18 07:20:00,0.0469460162784849,0.06525675976911653,-0.3293312870752537,0.0589193976878414,0.1957132987305598,-0.19378180273757817,0.1947467451677413,0.3613481904587616,0.5057593450173352,0.2098321574848572,0.3790643555186771
2021-01-18 07:30:00,0.046891528353134,0.06534229072946729,-0.3318024371597535,0.0573393702399246,0.238793700466644,-0.22077959616521578,0.1809558676176104,0.3225993866482093,0.506375573605832,0.2098321574848572,0.3790643555186771
2021-01-18 07:40:00,0.0476514113216911,0.06528450921249643,-0.3148425350515396,0.0573103629752087,-0.2950373111028526,-0.2230002692232154,0.1902470717902305,0.3434315648809878,0.5062420946046563,0.2098321574848572,0.3790643555186771
2021-01-18 07:50:00,0.0478803815468653,0.06524443102658123,-0.3094348448357185,0.0572761380876155,0.2544247581674597,-0.22485252976930267,0.2142186598070034,0.4043189320443167,0.5056960330220073,0.2098321574848572,0.3790643555186771
2021-01-18 08:00:00,0.0481315734783001,0.065172180951164,-0.30309433031679583,0.0566320063662662,0.1173938049406686,-0.23769078687282225,0.1820061006221039,0.3209465365837171,0.5065472585436759,0.2098321574848572,0.3790643555186771
2021-01-18 08:10:00,0.0485913223492009,0.06505069357687424,-0.2917219046349447,0.0561402463848636,0.5555607359299941,-0.2484506364477829,0.2155189918803865,0.3981768889416446,0.5059108913178332,0.2098321574848572,0.3790643555186771
2021-01-18 08:20:00,0.0486677429222009,0.06494015818856198,-0.28844975495501596,0.0562227222430364,-0.3317746113564723,-0.24896595669250407,0.2361821334865952,0.4478385178531641,0.5072938156228504,0.2098321574848572,0.3790643555186771
2021-01-18 08:30:00,0.0487431880693144,0.06483217222146276,-0.28523650928055333,0.055891995658074,-0.0885876861467238,-0.25681915577676173,0.2309651162922397,0.4376594065143136,0.5058604398443312,0.2098321574848572,0.3790643555186771
2021-01-18 08:40:00,0.0486610103108313,0.06468220617172019,-0.28460804335630946,0.055910157697177,0.2836121328961383,-0.25409819269695205,0.221509060543257,0.4153348042427809,0.5054525577339808,0.2098321574848572,0.3790643555186771
2021-01-18 08:50:00,0.0486718224999367,0.0645531426255617,-0.2823885320357643,0.0552924154839372,-0.1615244910338376,-0.2626778051937717,0.2046518226813195,0.3674934116400453,0.5030971671880164,0.2098321574848572,0.3790643555186771
2021-01-18 09:00:00,0.0485228099624964,0.06441762242539224,-0.2833532399353774,0.054916909538723,0.4352223372745101,-0.26746107632539695,0.201418290503847,0.3670690633746872,0.504685423963886,0.2098321574848572,0.3790643555186771
2021-01-18 09:10:00,0.048480234435251,0.06424291023342298,-0.2815151936651995,0.0549591938891674,0.2166016337968201,-0.26471129891214606,0.1822275942525859,0.3194125782834188,0.5046885435372457,0.2098321574848572,0.3790643555186771
2021-01-18 09:20:00,0.0484400275250736,0.06409736825810827,-0.2800768193530006,0.054845177894662,-0.2248637158269062,-0.26543241300475423,0.1888040373452031,0.3359436543359682,0.5045484245221574,0.2098321574848572,0.3790643555186771
2021-01-18 09:30:00,0.0484475619609567,0.0639760030319942,-0.2780260440749121,0.0536464179997092,-0.0348400060685705,-0.2864132744143345,0.2186243005196556,0.4097759059267184,0.5052660628834409,0.2098321574848572,0.3790643555186771
2021-01-18 09:40:00,0.048592225625065,0.06378629604518335,-0.2720748202008545,0.0536446893838665,-0.0613632943160524,-0.28646826627419075,0.1874623702689807,0.3337517894382952,0.507731963675075,0.2098321574848572,0.3790643555186771
2021-01-18 09:50:00,0.0482936344489976,0.06357357203318999,-0.27489808989154546,0.0534385807062405,0.6442733263726907,-0.2905950903028052,0.216686186048873,0.4082744250100598,0.5054330885078611,0.2098321574848572,0.3790643555186771
2021-01-18 10:00:00,0.0481133243200906,0.06337834033709172,-0.27556301636855807,0.0533394309795932,-0.5117878258239728,-0.2933820863243146,0.2256372598310709,0.4317057734914654,0.5055507444608383,0.2098321574848572,0.3790643555186771
2021-01-18 10:10:00,0.0478077658193286,0.0632038099066163,-0.279176491527443,0.0535255024298617,-0.54139889415179,-0.28984182696962946,0.2261263472429429,0.4339105074209997,0.5051313451879996,0.2098321574848572,0.3790643555186771
2021-01-18 10:20:00,0.0477296037910724,0.06306623361834086,-0.2786336714719907,0.0533818126578254,0.2778478661440431,-0.29225848527595766,0.2203756866524761,0.4199146804903747,0.5059819463031128,0.2098321574848572,0.3790643555186771
2021-01-18 10:30:00,0.048576811701384,0.06292471184822729,-0.2587926701617589,0.053309378800143,0.0501699710795833,-0.29389488602699376,0.2028303832724963,0.3731670476063278,0.5039782313758698,0.2098321574848572,0.3790643555186771
2021-01-18 10:40:00,0.0486903671239851,0.06279281521680435,-0.2543594493587722,0.0531965828619903,-0.1115138497407741,-0.2957144308568794,0.1953133760524884,0.3636864123071328,0.5044072508657136,0.2098321574848572,0.3790643555186771
2021-01-18 10:50:00,0.0487601501414624,0.06267997835897181,-0.25112868842409386,0.0531560399897964,-0.0988513194544182,-0.29648054168671745,0.1829738178631195,0.3253947485231466,0.5048305765967103,0.2098321574848572,0.3790643555186771
2021-01-18 11:00:00,0.0477139292546286,0.06259171305616004,-0.2714095168664681,0.0540872323244954,-1.0086769519059402,-0.27861385372498443,0.1980364732733017,0.3627178717202708,0.5057160551048838,0.2098321574848572,0.3790643555186771
2021-01-18 11:10:00,0.0476876503348569,0.06259533514723924,-0.2720182953747267,0.0540987972837556,0.1970782620082545,-0.27790634315648055,0.2215406764656662,0.4218502558842388,0.5052861449831165,0.2098321574848572,0.3790643555186771
2021-01-18 11:20:00,0.0476390175177983,0.06255552892314567,-0.27240250384090936,0.0540649481402663,0.2430939289229883,-0.2785807001805817,0.1864169712050372,0.3349802573384229,0.5062947150719856,0.2098321574848572,0.3790643555186771
2021-01-18 11:30:00,0.0476170966093007,0.06253825058998046,-0.2725865097659555,0.0533276155926333,-0.1459075500237716,-0.2916168818460399,0.2132032929844438,0.4024275245563443,0.5042098625129636,0.2098321574848572,0.3790643555186771
2021-01-18 11:40:00,0.0474063028188443,0.06245817675111843,-0.27574197004186307,0.053375008576683,0.4527245858334083,-0.29056704905128306,0.2270079166380389,0.4325499738233993,0.5044995404799765,0.2098321574848572,0.3790643555186771
2021-01-18 11:50:00,0.0472564060994166,0.06241929866930192,-0.27828627753327667,0.0539513964920336,0.8392811267762923,-0.2801447689464912,0.2202314435247336,0.4190858371733842,0.5023141518067704,0.2098321574848572,0.3790643555186771
2021-01-18 12:00:00,0.0420262652518605,0.062426302326513,-0.395691912242282,0.0580315806151006,2.162516276319515,-0.20738692883575066,0.2124285473433272,0.4018093850381858,0.5028234371916411,0.2098321574848572,0.3790643555186771
2021-01-18 12:10:00,0.0420527286704504,0.06275755753409339,-0.4003547341436799,0.0571559409389509,0.0591290147426093,-0.22279817812446337,0.1979844381331569,0.3598732077817828,0.5016862077284017,0.2098321574848572,0.3790643555186771
2021-01-18 12:20:00,0.0422756702247567,0.06296896274790818,-0.3984302016163781,0.0571592257220418,-0.4185677195915005,-0.22330206381956333,0.1906365677755787,0.3512586030478762,0.5032967361480654,0.2098321574848572,0.3790643555186771
2021-01-18 12:30:00,0.0433511158511845,0.06313769416775998,-0.37598551969835653,0.0570790803476836,-0.0333717290729396,-0.22170371085624627,0.1768713755907333,0.3111510832494398,0.5014213218098085,0.2098321574848572,0.3790643555186771
2021-01-18 12:40:00,0.0433905213988081,0.06336639308182639,-0.3786926270244029,0.0570792289069521,-0.0198668491050213,-0.21932635466661501,0.1841133735026889,0.3286719098224621,0.5005963963738644,0.2098321574848572,0.3790643555186771
2021-01-18 12:50:00,0.0434136904388518,0.06351102253621595,-0.3804386348193703,0.0569888290299154,-0.1261038121766589,-0.21918966126721331,0.2142057742451605,0.3984048350471429,0.5011284310460036,0.2098321574848572,0.3790643555186771
2021-01-18 13:00:00,0.0433080860832934,0.06362478385588537,-0.38466371456165227,0.0568428826409281,-0.4083880286744445,-0.22017836954400885,0.1876440808313159,0.329363363827819,0.502717131483479,0.2098321574848572,0.3790643555186771
2021-01-18 13:10:00,0.0433076129576828,0.06370487169021506,-0.38593259986882716,0.0568273209005002,-0.1541830717100012,-0.2195252067289385,0.213979487579792,0.3975485674159068,0.50119004492134,0.2098321574848572,0.3790643555186771
2021-01-18 13:20:00,0.0433137576968,0.06379215129895188,-0.38715984812922005,0.056793339193021,-0.0521976227361165,-0.21826097615007928,0.2243259899999295,0.4199645161546815,0.5006990360031363,0.2098321574848572,0.3790643555186771
2021-01-18 13:30:00,0.0432792846467179,0.06384729150823236,-0.38882005606779163,0.0564733582399623,0.173353735484838,-0.22122279448203636,0.2276826984405258,0.4240195481334101,0.4995388374239002,0.2098321574848572,0.3790643555186771
2021-01-18 13:40:00,0.0433786315075336,0.06381452414792928,-0.38601385738456895,0.0563949756777589,-0.0708823500538358,-0.2201531562258676,0.2262587014285866,0.4236973671129908,0.5016734835379206,0.2098321574848572,0.3790643555186771
2021-01-18 13:50:00,0.0433286078972328,0.06383705104399562,-0.38752065183890627,0.056256021539413,-0.2095006737459215,-0.2202473289157436,0.2076780587664126,0.3715431228338458,0.5007117364371916,0.2098321574848572,0.3790643555186771
2021-01-18 14:00:00,0.0432291014323412,0.06384916425747035,-0.3900095805173819,0.0563032616687362,0.308240088811651,-0.21750499294569528,0.203251087233315,0.3671866142625665,0.5013646663869946,0.2098321574848572,0.3790643555186771
2021-01-18 14:10:00,0.0431782016638226,0.06385459989291528,-0.39127284527337675,0.0558379928593273,-0.2631511636492334,-0.2243047754020979,0.1857713836731934,0.3207556478656811,0.500125628121467,0.2098321574848572,0.3790643555186771
2021-01-18 14:20:00,0.0432569349022121,0.06379791132130828,-0.3885628868204279,0.0558006133573945,0.0524740836469916,-0.22453370152129576,0.1974455600090362,0.3449621714340964,0.5003489743702588,0.2098321574848572,0.3790643555186771
2021-01-18 14:30:00,0.0412300515858729,0.06375505949569397,-0.43588114763639485,0.0572035239981887,-1.308613328214392,-0.1967057921750414,0.2196849019115646,0.4032811333002041,0.500177136351251,0.2098321574848572,0.3790643555186771
2021-01-18 14:40:00,0.0413474936729892,0.06384378980993986,-0.4344275084409526,0.0571737154818021,0.0366275862024423,-0.19434958197117377,0.1875821908459829,0.3241777422669736,0.5024864575017394,0.2098321574848572,0.3790643555186771
2021-01-18 14:50:00,0.0412986871301921,0.06390559421043164,-0.43657619303415157,0.0560394609265229,0.2852795039787636,-0.21160699456075047,0.2189947610618736,0.4023132797133096,0.5024541165925032,0.2098321574848572,0.3790643555186771
2021-01-18 15:00:00,0.041297749426837,0.06387880405250654,-0.4361795962033802,0.0545089095611975,-0.1415092765430614,-0.2379963092168001,0.2278422849151525,0.4237974990237679,0.5035738601416937,0.2098321574848572,0.3790643555186771
2021-01-18 15:10:00,0.0413938589431213,0.06374291527882978,-0.4317255098603448,0.0524967920244115,0.1260029200016887,-0.27624120339262215,0.2252546327099611,0.4185102944928951,0.5000607585810781,0.2098321574848572,0.3790643555186771
2021-01-18 15:20:00,0.0411429151864172,0.06322493401516066,-0.42964700704379616,0.0526363987226811,-0.4943107588479378,-0.2791769643348053,0.2139988235686492,0.3953795012430438,0.5001148341850062,0.2098321574848572,0.3790643555186771
2021-01-18 15:30:00,0.041111941616807,0.06295718832251472,-0.426156315368301,0.0526697403460076,0.1902185362764541,-0.28088313190409114,0.1979965141083325,0.3487651877886809,0.4994009486915731,0.2098321574848572,0.3790643555186771
2021-01-18 15:40:00,0.0412878393793875,0.06274087213212268,-0.4184450928114841,0.0526755118338516,0.1492530007862313,-0.2817536959414786,0.1974561995472969,0.3550797943522971,0.5009179287660137,0.2098321574848572,0.3790643555186771
2021-01-18 15:50:00,0.041322127048787,0.06256813080343078,-0.414857935487564,0.0526569242391298,0.0179996565185192,-0.28250236423615144,0.1818622592130268,0.3176601785608794,0.4997984461379408,0.2098321574848572,0.3790643555186771
2021-01-18 16:00:00,0.0423801169884555,0.062385834590348986,-0.3866589265345807,0.0528675719788503,-0.4907157169590448,-0.27898215098717977,0.1892619558660609,0.3328078970303065,0.4986929129228711,0.2098321574848572,0.3790643555186771
2021-01-18 16:10:00,0.0417900289789114,0.062262149886064065,-0.3986959252916193,0.0532923107081594,-0.7217880466910742,-0.2713591757397723,0.2227621287199744,0.4085216172691569,0.4991495829950569,0.2098321574848572,0.3790643555186771
2021-01-18 16:20:00,0.0412515214047677,0.062176136349634675,-0.41028327151472843,0.0536941527697018,0.6776647212825893,-0.26242253103059726,0.2003718769840121,0.3525010122997918,0.5020917964743626,0.2098321574848572,0.3790643555186771
2021-01-18 16:30:00,0.0412776367973924,0.06212199111100535,-0.4087791790136596,0.0532978199230864,0.0369270367050589,-0.26823469943480266,0.2250929432988247,0.4135871094286681,0.501448934369986,0.2098321574848572,0.3790643555186771
2021-01-18 16:40:00,0.0412782941697652,0.06206206933685087,-0.4077982056840152,0.0532229126934243,-0.2947479381644413,-0.26830259454211036,0.2354091636897864,0.4372839420810154,0.5014450594748259,0.2098321574848572,0.3790643555186771
2021-01-18 16:50:00,0.0412488523803081,0.06199237840705684,-0.4073881572600382,0.0532699620479516,0.2286888381075158,-0.26572279122442327,0.2296203676685146,0.4259622896703821,0.4988838698278801,0.2098321574848572,0.3790643555186771
2021-01-18 17:00:00,0.0415355937559338,0.06197276030916179,-0.40014419814597146,0.0533107788334222,-0.2740522928146305,-0.26241258132390566,0.2213494074869859,0.4055405717046938,0.500162054601798,0.2098321574848572,0.3790643555186771
2021-01-18 17:10:00,0.0404027385343747,0.06191462193095328,-0.42685880221498856,0.0542360710833127,-0.9975651937073948,-0.2432166233139323,0.2008422644398689,0.3509753593116831,0.4989911837190532,0.2098321574848572,0.3790643555186771
2021-01-18 17:20:00,0.0405307932584063,0.06194579341942935,-0.4241976903574516,0.0544896698519421,-0.6264010110324847,-0.23570925968422238,0.2004621306723564,0.3594433152826462,0.5007079300717642,0.2098321574848572,0.3790643555186771
2021-01-18 17:30:00,0.0409142954346573,0.06203431330669332,-0.41620814877389245,0.0545095526200575,0.1893486636522112,-0.23251370138276106,0.1919722831832988,0.3332376915710833,0.5011166825495039,0.2098321574848572,0.3790643555186771
2021-01-18 17:40:00,0.0409075148292704,0.062061401284409984,-0.4168104554474113,0.0545037175472222,0.1726855094313251,-0.23041018760669038,0.2017858059002137,0.3552611898731062,0.5015183240160355,0.2098321574848572,0.3790643555186771
2021-01-18 17:50:00,0.0409012095812349,0.06213180126963542,-0.4180983188770607,0.0544250877675444,0.0730169605711594,-0.2294316448706141,0.230258618283363,0.4241019471093364,0.4995930481980833,0.2098321574848572,0.3790643555186771
2021-01-18 18:00:00,0.041014260215487,0.06216463115206121,-0.4158663906512012,0.0544238029356278,0.231469835471465,-0.2271822619884635,0.1994238540263192,0.3490231990596757,0.5008154606283541,0.2098321574848572,0.3790643555186771
2021-01-18 18:10:00,0.0409967844049264,0.06219114643093454,-0.4167190147946686,0.0543860485127112,-0.1337492196444856,-0.22629967442725338,0.22877622628045,0.4209306287403352,0.5010589156217049,0.2098321574848572,0.3790643555186771
2021-01-18 18:20:00,0.0408981055305494,0.06221416491518844,-0.41949896314413165,0.0542473216838598,0.2873190784621116,-0.2267794786273402,0.2408851992648419,0.4504289247821566,0.5020389690455964,0.2098321574848572,0.3790643555186771
2021-01-18 18:30:00,0.0408985225088205,0.06221296076957652,-0.4194694126222947,0.054194340783385,0.0086455950329522,-0.2266545149087514,0.2355872999974893,0.4424864788230432,0.5007139674401888,0.2098321574848572,0.3790643555186771
2021-01-18 18:40:00,0.0414305602802255,0.0622083137086682,-0.40646987218739195,0.0542764080599291,-0.3141751081244592,-0.2235366803447818,0.2264274258572564,0.4192391122675605,0.5009924248534952,0.2098321574848572,0.3790643555186771
2021-01-18 18:50:00,0.0419275328726474,0.06218671048323566,-0.3941985988324416,0.0542920722591945,0.1841892409220946,-0.22232949401078322,0.214251442274977,0.3776476697289158,0.500743733451275,0.2098321574848572,0.3790643555186771
2021-01-18 19:00:00,0.0422376689792846,0.06218884674518037,-0.3868632181624875,0.0538033222522805,0.0958453597169395,-0.2282778248487545,0.2192496848516925,0.3991457759692919,0.5035282738148172,0.2098321574848572,0.3790643555186771
2021-01-18 19:10:00,0.0419298832589912,0.06212342126063401,-0.3931242947995636,0.0540568545718411,0.526346219740681,-0.22178709335921856,0.1992141553111969,0.3494621541856021,0.5037428852519785,0.2098321574848572,0.3790643555186771
2021-01-18 19:20:00,0.0425890896139027,0.062089129269032844,-0.37697281346432754,0.0541560448766328,-0.3286381083102085,-0.218106419192167,0.2054035200900345,0.3620916750601495,0.5027748416949354,0.2098321574848572,0.3790643555186771
2021-01-18 19:30:00,0.0425903753385609,0.062101923554751866,-0.3771486668471214,0.0540230860004603,0.0025057695344443,-0.21879083588605674,0.2297237704207158,0.4239619393698473,0.501335318202724,0.2098321574848572,0.3790643555186771
2021-01-18 19:40:00,0.0425943498000138,0.06208576174643772,-0.37679507252924416,0.0540471800130662,0.1792501018202941,-0.2167697137791639,0.1989630720577618,0.3460305533808683,0.5035109610436694,0.2098321574848572,0.3790643555186771
2021-01-18 19:50:00,0.0426347494649326,0.06208971492002089,-0.3759107180672101,0.0538532314318511,0.0187298338733654,-0.21844391705816693,0.220095549132694,0.401239328637769,0.503164627598417,0.2098321574848572,0.3790643555186771
2021-01-18 20:00:00,0.0429536679620406,0.06205455015345035,-0.3678917938665782,0.053880399303641,-0.1864263661635945,-0.21684802071931553,0.2283790650451864,0.4236263627792541,0.504006501402052,0.2098321574848572,0.3790643555186771
2021-01-18 20:10:00,0.0432326712443965,0.062012489529317205,-0.36073932055838615,0.0538567477759596,-0.0566391765538298,-0.2166308956295065,0.2258126039936236,0.4197835195174844,0.5028959915772195,0.2098321574848572,0.3790643555186771
2021-01-18 20:20:00,0.0430105072899993,0.06199663344103506,-0.36563564280770594,0.0540277350674533,0.4523008943765561,-0.21306304284603417,0.2168494230414812,0.3983548432350558,0.5045086926454092,0.2098321574848572,0.3790643555186771
2021-01-18 20:30:00,0.0425872435024057,0.061993832605595725,-0.37548014586252587,0.0543218884496447,0.6154195593204292,-0.20680229289153876,0.2040648102840678,0.3602575550118531,0.5015278991119461,0.2098321574848572,0.3790643555186771
2021-01-18 20:40:00,0.0426575878340768,0.0619903299330362,-0.37377323658798045,0.0535759804396039,-0.1544731102457675,-0.21973167485098513,0.2007218178322853,0.3610321207668308,0.5019806389052722,0.2098321574848572,0.3790643555186771
2021-01-18 20:50:00,0.0427121823969001,0.06193032657826651,-0.3715258067024141,0.0536231845707725,-0.2519819546016322,-0.21860713789274722,0.1909162539019586,0.3300195008386812,0.5021836304681773,0.2098321574848572,0.3790643555186771
2021-01-18 21:00:00,0.0431384108774936,0.061902353340869215,-0.36114439352105554,0.053165409821064,0.081318222583171,-0.22736190997013048,0.2048413692400671,0.3588096140977239,0.5015387809763949,0.2098321574848572,0.3790643555186771
2021-01-18 21:10:00,0.043261141636047,0.06182847847294304,-0.3571092647503986,0.0528446979901446,0.0184395267673664,-0.2339483053174558,0.2302220159258344,0.4225987406572726,0.5001020613564504,0.2098321574848572,0.3790643555186771
2021-01-18 21:20:00,0.0432595910903987,0.06173926202791579,-0.3557010979934551,0.0526878917980388,0.0396873548199394,-0.2376791230688965,0.1990928217947937,0.3425511929473266,0.5010891271439011,0.2098321574848572,0.3790643555186771
2021-01-18 21:30:00,0.0432583503790023,0.061648106162488434,-0.35425222286876684,0.0526838127108124,-0.0895123049335921,-0.23846322390108168,0.2310814204493095,0.416484932027962,0.500917921616655,0.2098321574848572,0.3790643555186771
2021-01-18 21:40:00,0.0430551142427006,0.061576920048193276,-0.35780610423141496,0.0528484072436421,0.4260826947312779,-0.2345050223732646,0.2470810451721254,0.45801649841585,0.5026646794398806,0.2098321574848572,0.3790643555186771
2021-01-18 21:50:00,0.0430722851674691,0.06154077705715859,-0.35682024196122997,0.0528594612117591,-0.2052667078093151,-0.23330498254354126,0.2414123598021029,0.4453250428920021,0.5014957789004911,0.2098321574848572,0.3790643555186771
2021-01-18 22:00:00,0.0432022585254592,0.06148162538299978,-0.35284558134498145,0.0529331293004758,0.3269980488969537,-0.2311857654588056,0.2335185373162268,0.4248121059511934,0.5017833594281236,0.2098321574848572,0.3790643555186771
2021-01-18 22:10:00,0.0431291512945598,0.06145481167391929,-0.3541030025857901,0.0530015182996298,-0.3057240332884348,-0.22859197733305958,0.2183091293543063,0.3796381860992637,0.4991885020014922,0.2098321574848572,0.3790643555186771
2021-01-18 22:20:00,0.0431502794687485,0.06143277220529874,-0.35325454784297267,0.0529616123735259,-0.0176038558969082,-0.2282075068672544,0.2196568885630091,0.3864418474995084,0.5004283983984946,0.2098321574848572,0.3790643555186771
2021-01-18 22:30:00,0.0430670343574432,0.061392313270231924,-0.3545267959220015,0.0530366066036571,0.285555564515505,-0.22593706453244924,0.2009391989378134,0.3392414656330236,0.5001035093439008,0.2098321574848572,0.3790643555186771
2021-01-18 22:40:00,0.0436452620317715,0.061363782011425345,-0.34072505971504574,0.0529380878879292,0.1708109037595662,-0.2267887259560037,0.2115044886989221,0.3639637967996297,0.4999847923494938,0.2098321574848572,0.3790643555186771
2021-01-18 22:50:00,0.0436092979029718,0.061303356261904036,-0.3405642105862822,0.0528142613824723,0.3153412233851682,-0.22842768700249808,0.2420765594865986,0.4384085644829532,0.4998308636677575,0.2098321574848572,0.3790643555186771
2021-01-18 23:00:00,0.0437765563446272,0.061257371285840134,-0.3359857588923402,0.0527607017281735,0.0790769092164467,-0.22893319101240814,0.2081601299631545,0.355556084127874,0.5022916820336267,0.2098321574848572,0.3790643555186771
2021-01-18 23:10:00,0.0436251631206266,0.06121994410768431,-0.3388389008717102,0.0528735569495578,-0.3760155735502479,-0.22652203085310688,0.2374121852832301,0.4265195986185073,0.5004493246690291,0.2098321574848572,0.3790643555186771
2021-01-18 23:20:00,0.0437608330778539,0.061213057110592904,-0.33562132288174434,0.0527176048192464,0.150718534826133,-0.22840510793829216,0.2473003193811135,0.4520031482374113,0.5001998584842231,0.2098321574848572,0.3790643555186771
2021-01-18 23:30:00,0.0432076845141593,0.061173164814595095,-0.34769024823156947,0.0532456728048559,0.7482170681814893,-0.21773700499085427,0.2464390580487673,0.4496011134666294,0.4992989452253058,0.2098321574848572,0.3790643555186771
2021-01-18 23:40:00,0.0432979059010925,0.06118218083826326,-0.34575171307113073,0.051896054491612,-0.0083835575621193,-0.2422878754790278,0.2435498769055756,0.4415301784879611,0.500114386267271,0.2098321574848572,0.3790643555186771
2021-01-18 23:50:00,0.0452612922056884,0.060994456733657436,-0.2983307963052964,0.0518282299139225,-0.1366857598481985,-0.2447742331325168,0.2273599608580007,0.3990805957952222,0.4984301036777955,0.2098321574848572,0.3790643555186771
2021-01-19 00:00:00,0.0452944416265518,0.06090460687960557,-0.29612449492220555,0.0517443374558157,0.0793429832624426,-0.24635065853787624,0.2239468113413217,0.3943646818150593,0.4992014841313004,0.2148048688775924,0.3913442159332324
2021-01-19 00:10:00,0.0454169061499047,0.060827757836108394,-0.29216181025819143,0.0515878893758886,-0.0689583328021825,-0.2493309192317524,0.2146354601848097,0.3637847128482598,0.499678850740048,0.2148048688775924,0.3913442159332324
2021-01-19 00:20:00,0.0454371030510223,0.06072603020213017,-0.29004342068357514,0.0516785717149101,-0.3061863199294024,-0.2473436944216703,0.229159550259845,0.4005983652696779,0.5004768543118177,0.2148048688775924,0.3913442159332324
2021-01-19 00:30:00,0.0455350525245817,0.06064824721017668,-0.286608320374696,0.0516820742782626,0.0666562930906167,-0.24616696675337463,0.2515503388397743,0.4557655495516372,0.5002300844752441,0.2148048688775924,0.3913442159332324
2021-01-19 00:40:00,0.045360219696629,0.06059599920473531,-0.28959336836415356,0.0518266893690323,-0.3999749650906992,-0.24183072348883622,0.2158417135316189,0.3678821060565377,0.5020187732580592,0.2148048688775924,0.3913442159332324
2021-01-19 00:50:00,0.0447340518157827,0.060554796336887144,-0.3028136824962998,0.0523667032441334,0.7670582357302891,-0.22998655165716678,0.2378170008848902,0.4250827539576869,0.5007074290337596,0.2148048688775924,0.3913442159332324
2021-01-19 01:00:00,0.0447065454205956,0.0605658276389833,-0.3036109127862108,0.0523586853626202,0.2396309950260189,-0.2288188997969126,0.2493486052218848,0.4521161962330803,0.5018963917164412,0.2148048688775924,0.3913442159332324
2021-01-19 01:10:00,0.0446915198572088,0.060595126920098295,-0.3044307047269745,0.0522970259310795,0.1171594467100689,-0.2286868950035423,0.2453913337440623,0.448822951425097,0.5007057919542173,0.2148048688775924,0.3913442159332324
2021-01-19 01:20:00,0.0447046089248282,0.060610525084969384,-0.30439195502228883,0.0522989058003315,0.0443637082863546,-0.2272937416490096,0.238809729611795,0.4356654244724095,0.5023707310427274,0.2148048688775924,0.3913442159332324
2021-01-19 01:30:00,0.0441267472864506,0.060620599540229254,-0.3175686486905551,0.0525632151606985,0.7223374529788273,-0.2205930309580595,0.2282509997867303,0.4031566662832549,0.501997012791144,0.2148048688775924,0.3913442159332324
2021-01-19 01:40:00,0.0440306296679992,0.06065206401669668,-0.32026814586243324,0.0526770610278462,0.4451947043332183,-0.2173069786034239,0.2252592959659493,0.4023852909249002,0.504077624327887,0.2148048688775924,0.3913442159332324
2021-01-19 01:50:00,0.0435593768388112,0.06067749661185069,-0.3314479059066165,0.0532279187115808,-0.7908820431742569,-0.20597856797154931,0.212387829745505,0.3655000703656733,0.5022463676236173,0.2148048688775924,0.3913442159332324
2021-01-19 02:00:00,0.0443438240582105,0.060733025137696586,-0.31451417712100266,0.0531897786969144,-0.0141808589164682,-0.20436109409838069,0.2189106743400557,0.3840471738676992,0.5012663886385841,0.2148048688775924,0.3913442159332324
2021-01-19 02:10:00,0.0441997413945514,0.060797144139666144,-0.3188238782173294,0.0533131374012858,-0.3624692552213204,-0.19881855913627083,0.2450379731025722,0.4483996154203102,0.5012255402246197,0.2148048688775924,0.3913442159332324
2021-01-19 02:20:00,0.0442171850055431,0.06085834733702662,-0.31943547439066816,0.0533032124553054,0.0368372900538815,-0.19676651015004187,0.2122235254722723,0.3684329866035932,0.5034015782586863,0.2148048688775924,0.3913442159332324
2021-01-19 02:30:00,0.0443108569766655,0.06092053696500611,-0.31834061674852626,0.0529734626105929,0.1679674858127811,-0.2007583630621394,0.2366656387826771,0.4327490885078637,0.5024296549456071,0.2148048688775924,0.3913442159332324
2021-01-19 02:40:00,0.0441728338080109,0.06093106892080123,-0.32163322713088094,0.0530874752310688,-0.377109044263868,-0.19750682848939555,0.2450738548000312,0.4511019726862239,0.5023368092329381,0.2148048688775924,0.3913442159332324
2021-01-19 02:50:00,0.0442577540465527,0.06095720973909641,-0.32014154954143054,0.0531373208811457,0.2477261963914401,-0.19545174001622367,0.247435218615335,0.4536230892797861,0.5009851725985328,0.2148048688775924,0.3913442159332324
2021-01-19 03:00:00,0.0442650120287718,0.06096669647124423,-0.3201331867878539,0.05314025099477,-0.0704335977040671,-0.19460897882396488,0.2465068597214592,0.4529959761412125,0.5029097894366494,0.2148048688775924,0.3913442159332324
2021-01-19 03:10:00,0.0443502523261714,0.06099104657429568,-0.3186086777615849,0.0531482542024212,-0.5676338145480742,-0.193994544458011,0.2273309119723965,0.4012106170746661,0.5014084137511043,0.2148048688775924,0.3913442159332324
2021-01-19 03:20:00,0.0450409261164243,0.061022382662800814,-0.30366918006212834,0.0517485754202437,0.1658192433021454,-0.2198952199641128,0.2246105409045882,0.3998016199968648,0.5020826416378991,0.2148048688775924,0.3913442159332324
2021-01-19 03:30:00,0.0457065724819978,0.060922406104202964,-0.2873589178302416,0.0516352422346568,0.0392148383522084,-0.2227551225184347,0.2071776277366036,0.354981683137911,0.500579745765245,0.2148048688775924,0.3913442159332324
2021-01-19 03:40:00,0.0457254045572366,0.06073106585892606,-0.2838013186827237,0.0515925577455604,-0.0711205545101734,-0.2251294232096539,0.2134573850873911,0.3688612659893289,0.5005060328091184,0.2148048688775924,0.3913442159332324
2021-01-19 03:50:00,0.0461034386381197,0.06063968594914262,-0.27406202431233717,0.0516548509123285,-0.4677195817111013,-0.2246118239429874,0.2335688048056352,0.4212137837215824,0.5000969678767239,0.2148048688775924,0.3913442159332324
2021-01-19 04:00:00,0.0461280348869439,0.06055511506638041,-0.27213304596432353,0.0517354663709545,0.3308887493988166,-0.22374877006821478,0.2014929922121738,0.3426706269791029,0.502221030613694,0.2148048688775924,0.3913442159332324
2021-01-19 04:10:00,0.0461235288395013,0.06049765579596647,-0.27128141033852693,0.0517213711573548,-0.0671488022996769,-0.22479649119088632,0.2315595704735658,0.4164092292970258,0.5022718769017924,0.2148048688775924,0.3913442159332324
2021-01-19 04:20:00,0.0461322775382971,0.060414096075900196,-0.26970958792923394,0.051620919108428,-0.0797534400119204,-0.22719964697363346,0.2421961015681639,0.44165597946498,0.5038145002481393,0.2148048688775924,0.3913442159332324
2021-01-19 04:30:00,0.0461241425632656,0.060361640811379076,-0.2690173045103617,0.0511713090282948,-0.0950939544402729,-0.23608794955276374,0.2408710607761133,0.439975519604901,0.5011361853697001,0.2148048688775924,0.3913442159332324
2021-01-19 04:40:00,0.0459873731134948,0.060267846154032974,-0.2704318689633521,0.0513531757665954,-0.4341097864006826,-0.23349849259253877,0.2313240918729527,0.418133449681381,0.5012835818953247,0.2148048688775924,0.3913442159332324
2021-01-19 04:50:00,0.0460064186895178,0.06021528241082294,-0.2691452572591146,0.0511240263297893,-0.1401200437856076,-0.23826745459148013,0.2180093251422447,0.3779501416794862,0.5007592909389369,0.2148048688775924,0.3913442159332324
2021-01-19 05:00:00,0.0459798543028142,0.06013722175410194,-0.26842562956419264,0.0511962200600023,0.2717928197986552,-0.2372155277757998,0.2174311262576019,0.3828204068632335,0.5020744267438991,0.2148048688775924,0.3913442159332324
2021-01-19 05:10:00,0.0460071974027292,0.06007653821421271,-0.2668215366657543,0.0511459607690241,0.0507574296394253,-0.23844390257748377,0.2011181577890142,0.3415965598669653,0.5015773360958566,0.2148048688775924,0.3913442159332324
2021-01-19 05:20:00,0.0462405143573559,0.060034981908632414,-0.2610710761881338,0.0507760163636694,0.091692697875878,-0.24525768521165317,0.2071992787723854,0.3538926053417818,0.5007470571459247,0.2148048688775924,0.3913442159332324
2021-01-19 05:30:00,0.0461860766294265,0.059938453107002486,-0.26063987318949167,0.0501198295403823,-0.3427986708084418,-0.25845264686773506,0.2362391851141437,0.4211105867152477,0.5009359157778233,0.2148048688775924,0.3913442159332324
2021-01-19 05:40:00,0.0461563821949582,0.059795457328613875,-0.2588944498642188,0.0497339371156999,-0.1753493620485713,-0.26710532587986713,0.2121181627065859,0.3632962166186263,0.504445368667503,0.2148048688775924,0.3913442159332324
2021-01-19 05:50:00,0.0462370420202466,0.059641951576490215,-0.25457795980409625,0.0497297080236651,-0.0917836624006795,-0.26868990701536993,0.2381213527304694,0.4306559108050239,0.5037655716435188,0.2148048688775924,0.3913442159332324
2021-01-19 06:00:00,0.0459411631034143,0.059481030670869434,-0.2582959346452435,0.0499935965398315,0.5224310888785055,-0.264504881175076,0.2477935952810528,0.4530699840990642,0.5037334478596842,0.2148048688775924,0.3913442159332324
2021-01-19 06:10:00,0.0462677275956898,0.05940066095609385,-0.2498606636293957,0.0499529552074482,0.0572743114082285,-0.2655690380343843,0.2450157285424132,0.449193606219784,0.5011826424369819,0.2148048688775924,0.3913442159332324
2021-01-19 06:20:00,0.0466193028046473,0.05931832924122765,-0.24090367304760044,0.0499591999952049,0.0968342556889823,-0.2652240189987285,0.2412399416301485,0.4357737681777258,0.5024987128907392,0.2148048688775924,0.3913442159332324
2021-01-19 06:30:00,0.0465850688771575,0.05923958317208773,-0.2403098736892342,0.0498224774895864,0.3295129867106894,-0.26706271157473754,0.222738614490134,0.3847462549935532,0.5011049964925637,0.2148048688775924,0.3913442159332324
2021-01-19 06:40:00,0.0467448014037978,0.05916897451046023,-0.23569427566448628,0.0499597190362185,-0.3840220385603388,-0.26386325677318134,0.2228989555696011,0.3922834063529777,0.5028884314207385,0.2148048688775924,0.3913442159332324
2021-01-19 06:50:00,0.0468016620946171,0.05910290340489318,-0.23336133305650017,0.0500248818652352,0.3314929070041827,-0.26162498769892073,0.2115627297425899,0.3599868477663796,0.5029483970751538,0.2148048688775924,0.3913442159332324
2021-01-19 07:00:00,0.0468895584673779,0.05908777182879505,-0.23122897984600374,0.0469149577142497,-0.0030282209737109,-0.324865351209692,0.2171010756675169,0.3731456682780707,0.5030776569256569,0.2148048688775924,0.3913442159332324
2021-01-19 07:10:00,0.0473992206133453,0.05871823397766674,-0.21414452273235507,0.0467775796561719,-0.2503223892071915,-0.33111278993478827,0.2461302933452523,0.4405097583818138,0.50127016492054,0.2148048688775924,0.3913442159332324
2021-01-19 07:20:00,0.0473989715944008,0.058397956970058264,-0.20868037368783102,0.0469460162784849,0.442909194533847,-0.3293312870752537,0.214177425595501,0.3632665494585078,0.5026527765994058,0.2148048688775924,0.3913442159332324
2021-01-19 07:30:00,0.0474861512967072,0.05817558930736134,-0.20302772216153828,0.046891528353134,-0.0767613191170468,-0.3318024371597535,0.24586949936449,0.4386078111677899,0.5024413715795579,0.2148048688775924,0.3913442159332324
2021-01-19 07:40:00,0.0466329487472879,0.05797195535668385,-0.2176520193268161,0.0476514113216911,0.897475744243259,-0.3148425350515396,0.2625085070865465,0.4757289361186956,0.5027509396718448,0.2148048688775924,0.3913442159332324
2021-01-19 07:50:00,0.0463349173637452,0.057845641374825306,-0.2218822756523369,0.0478803815468653,0.5324202464338512,-0.3094348448357185,0.2590801820975961,0.4725509207439096,0.5004369204575938,0.2148048688775924,0.3913442159332324
2021-01-19 08:00:00,0.0460816793202924,0.057760917686488646,-0.22589692307601256,0.0481315734783001,-0.5049312722286814,-0.30309433031679583,0.251837979557782,0.4518855265314214,0.5007687343798397,0.2148048688775924,0.3913442159332324
2021-01-19 08:10:00,0.0455169956336087,0.05772752673565637,-0.23764833960909768,0.0485913223492009,0.8679459388559962,-0.2917219046349447,0.2415160394944643,0.4143498595566788,0.5000293852429001,0.2148048688775924,0.3913442159332324
2021-01-19 08:20:00,0.0468293556682807,0.05769431232420772,-0.2086483312692356,0.0486677429222009,0.4294185926523752,-0.28844975495501596,0.2445932352128942,0.4317016803452048,0.5026348818732016,0.2148048688775924,0.3913442159332324
2021-01-19 08:30:00,0.0471243637004214,0.05775886991020559,-0.20348678582795365,0.0487431880693144,-0.2852009788341547,-0.28523650928055333,0.2260096137708179,0.3828010036665742,0.5032338916017668,0.2148048688775924,0.3913442159332324
2021-01-19 08:40:00,0.0472136675229982,0.05775724360328751,-0.20156535505559467,0.0486610103108313,-0.019780167559702,-0.28460804335630946,0.2330131063526141,0.396254395335731,0.5027156748266113,0.2148048688775924,0.3913442159332324
2021-01-19 08:50:00,0.0472096489603498,0.057765917078898506,-0.20180063301421444,0.0486718224999367,-0.1913477753957337,-0.2823885320357643,0.2558250694556679,0.4535659573972492,0.5012607690601792,0.2148048688775924,0.3913442159332324
2021-01-19 09:00:00,0.0472472750741502,0.05773668978886694,-0.20049786110248602,0.0485228099624964,0.2111546702646904,-0.2833532399353774,0.2290758249163707,0.3857779745248654,0.5038021440274121,0.2148048688775924,0.3913442159332324
2021-01-19 09:10:00,0.0473046124303459,0.05772367518046372,-0.19905959931656178,0.048480234435251,-0.0749447140703907,-0.2815151936651995,0.2535319071855763,0.4511788259007468,0.5037109978813316,0.2148048688775924,0.3913442159332324
2021-01-19 09:20:00,0.0474822741544079,0.05770288497723558,-0.19495070617304283,0.0484400275250736,0.1076803047237007,-0.2800768193530006,0.2649937077134515,0.4787389562604831,0.5050876623249345,0.2148048688775924,0.3913442159332324
2021-01-19 09:30:00,0.0489387959947546,0.05766643458876845,-0.16410482529755013,0.0484475619609567,0.0922700348509053,-0.2780260440749121,0.2664637467437791,0.4850322550218804,0.5046395634224402,0.2148048688775924,0.3913442159332324
2021-01-19 09:40:00,0.0487939426974532,0.057640347449892625,-0.16661661894052113,0.048592225625065,-0.3796666514906732,-0.2720748202008545,0.2579981537228389,0.4646083963791625,0.5068794749250878,0.2148048688775924,0.3913442159332324
2021-01-19 09:50:00,0.0487555698519813,0.057665160982579,-0.1678337510686941,0.0482936344489976,-0.3546765992240352,-0.27489808989154546,0.243285224499962,0.4194507470255393,0.5050167626803379,0.2148048688775924,0.3913442159332324
2021-01-19 10:00:00,0.0491990228374231,0.0576338899559054,-0.15823699969865493,0.0481133243200906,0.2968084685951666,-0.27556301636855807,0.2371043635452637,0.4155004176493245,0.5057722472145676,0.2148048688775924,0.3913442159332324
2021-01-19 10:10:00,0.0496047279134036,0.05760102035307469,-0.1494541319851589,0.0478077658193286,0.0042092332083853,-0.279176491527443,0.2208754191553703,0.3712980885107371,0.5068329283629434,0.2148048688775924,0.3913442159332324
2021-01-19 10:20:00,0.0496025137881789,0.05753934808097467,-0.14842751455875047,0.0477296037910724,-0.0502542624126078,-0.2786336714719907,0.2317712980090132,0.3960293086674999,0.507185648861035,0.2148048688775924,0.3913442159332324
2021-01-19 10:30:00,0.0487851213506022,0.057478571243946806,-0.16398682831069356,0.048576811701384,-0.9046726458713296,-0.2587926701617589,0.2568628072519185,0.4620130730994078,0.5067557450387106,0.2148048688775924,0.3913442159332324
2021-01-19 10:40:00,0.0489141603734049,0.057479925860482735,-0.1613688386290517,0.0486903671239851,0.3505531267173012,-0.2543594493587722,0.2224383566562526,0.3762529004149648,0.508498323210478,0.2148048688775924,0.3913442159332324
2021-01-19 10:50:00,0.0490835347293622,0.05751764200686784,-0.15856808125511374,0.0487601501414624,0.278882582555795,-0.25112868842409386,0.2548685029227926,0.4517550935374066,0.508821618716174,0.2148048688775924,0.3913442159332324
2021-01-19 11:00:00,0.0491861416366052,0.05756872239383343,-0.15736749645246903,0.0477139292546286,0.0899845780327979,-0.2714095168664681,0.2742184156731844,0.4996438866826843,0.5102001873772484,0.2148048688775924,0.3913442159332324
2021-01-19 11:10:00,0.0509883864598281,0.05750039060301746,-0.1201938505571536,0.0476876503348569,-0.117342817398125,-0.2720182953747267,0.2680196131547616,0.4879644568963363,0.5084949343804959,0.2148048688775924,0.3913442159332324
2021-01-19 11:20:00,0.0510142727551969,0.05744999813124507,-0.11880952024995992,0.0476390175177983,-0.1128477482909673,-0.27240250384090936,0.2613811130672603,0.4687761005437485,0.5096805501611472,0.2148048688775924,0.3913442159332324
2021-01-19 11:30:00,0.0516949188760392,0.05738962362235875,-0.10450401809762906,0.0476170966093007,0.0201991964638992,-0.2725865097659555,0.2410979968336388,0.4139775057310727,0.5078028743573458,0.2148048688775924,0.3913442159332324
2021-01-19 11:40:00,0.0516940162218909,0.05734145648944724,-0.10368182663774621,0.0474063028188443,-0.068235805431982,-0.27574197004186307,0.2372020316410024,0.4111981628234472,0.5094115217202755,0.2148048688775924,0.3913442159332324
2021-01-19 11:50:00,0.0511614686631542,0.057256857044464315,-0.11256072541111543,0.0472564060994166,0.7499976763783778,-0.27828627753327667,0.218097789914722,0.3615404982833907,0.5096752707629737,0.2148048688775924,0.3913442159332324
2021-01-19 12:00:00,0.0514910533318391,0.057176190659368874,-0.10472949365053852,0.0420262652518605,-0.0828684572949711,-0.395691912242282,0.2284095042580645,0.3848168204645437,0.5098551964804774,0.2148048688775924,0.3913442159332324
2021-01-19 12:10:00,0.0516641513786452,0.05673759287948784,-0.09367286071265751,0.0420527286704504,0.1604568991732335,-0.4003547341436799,0.2605042076451753,0.460750400757133,0.51009572835511,0.2148048688775924,0.3913442159332324
2021-01-19 12:20:00,0.0517765098644938,0.056330507811947365,-0.08429969891869674,0.0422756702247567,-0.6026624089011889,-0.3984302016163781,0.2298279252172896,0.3837379397010849,0.512743811861639,0.2148048688775924,0.3913442159332324
2021-01-19 12:30:00,0.0509424219719211,0.05600651862947995,-0.09477207405602861,0.0433511158511845,-0.9601995616566938,-0.37598551969835653,0.2607755928868579,0.4580402346411348,0.5101797883756638,0.2148048688775924,0.3913442159332324
2021-01-19 12:40:00,0.0510436795265746,0.05569906183545808,-0.08728157614587269,0.0433905213988081,0.1859454459495424,-0.3786926270244029,0.2718274936628748,0.4863976031060162,0.5092964994768785,0.2148048688775924,0.3913442159332324
2021-01-19 12:50:00,0.0513593538565026,0.05550245566672165,-0.07758018739379341,0.0434136904388518,-0.1897732174091615,-0.3804386348193703,0.2714464322654855,0.4868530221638023,0.5079628515093958,0.2148048688775924,0.3913442159332324
2021-01-19 13:00:00,0.0524101963269996,0.05534600839000214,-0.05450338195508118,0.0433080860832934,0.2742240119674832,-0.38466371456165227,0.2657241385410478,0.4728088235402833,0.5091396662568752,0.2148048688775924,0.3913442159332324
2021-01-19 13:10:00,0.0524710530600595,0.055174072198264756,-0.05023148913069205,0.0433076129576828,0.1528483514697143,-0.38593259986882716,0.2477450380618754,0.4253435404180251,0.5080603130314776,0.2148048688775924,0.3913442159332324
2021-01-19 13:20:00,0.0524699855185741,0.0550444017624994,-0.047898862605780294,0.0433137576968,0.0897064605572595,-0.38715984812922005,0.243249950929572,0.4202368111465276,0.5085296039131497,0.2148048688775924,0.3913442159332324
2021-01-19 13:30:00,0.0529449203421868,0.05492535755672397,-0.03672299381561296,0.0432792846467179,0.0141511395954196,-0.38882005606779163,0.2324811772690923,0.3847510601026623,0.5091428958545524,0.2148048688775924,0.3913442159332324
2021-01-19 13:40:00,0.0531045652504074,0.05485730202868066,-0.03247240595646119,0.0433786315075336,0.3018546453125381,-0.38601385738456895,0.2491887601984693,0.4274955292893723,0.509669819603894,0.2148048688775924,0.3913442159332324
2021-01-19 13:50:00,0.0531471806115134,0.054761842522673916,-0.029928589589110065,0.0433286078972328,-0.0227253329471821,-0.38752065183890627,0.2708981940564841,0.484775504256732,0.5092187077960187,0.2148048688775924,0.3913442159332324
2021-01-19 14:00:00,0.0531717981238722,0.054653303964942807,-0.027481524274318096,0.0432291014323412,-0.0942413693957533,-0.3900095805173819,0.2377362974192012,0.4001936267687452,0.511156500375781,0.2148048688775924,0.3913442159332324
2021-01-19 14:10:00,0.0531487287106165,0.05455179932546705,-0.02605651101516655,0.0431782016638226,0.1589572825348995,-0.39127284527337675,0.2629495772540155,0.4651670593758444,0.5097994167325522,0.2148048688775924,0.3913442159332324
2021-01-19 14:20:00,0.0533980743929321,0.0544783842703509,-0.020029318843959903,0.0432569349022121,0.2660953054441251,-0.3885628868204279,0.2743909392110486,0.4913438041401688,0.51043862990232,0.2148048688775924,0.3913442159332324
2021-01-19 14:30:00,0.0539258634678125,0.054433951453700405,-0.009377862261405237,0.0412300515858729,-0.0040260620421506,-0.43588114763639485,0.2667141448739332,0.4775325439811851,0.5089943878681266,0.2148048688775924,0.3913442159332324
2021-01-19 14:40:00,0.0540639267337818,0.05420005417832308,-0.0025147332498262963,0.0413474936729892,-0.3135639850372129,-0.4344275084409526,0.2588390228814092,0.4583024767225009,0.5109372740794547,0.2148048688775924,0.3913442159332324
2021-01-19 14:50:00,0.0541691527546622,0.05402646040188754,0.0026376750654020006,0.0412986871301921,-0.2026022008433159,-0.43657619303415157,0.2436620511617097,0.414914961003565,0.5108047968178038,0.2148048688775924,0.3913442159332324
2021-01-19 15:00:00,0.0541526997064742,0.05388315428930508,0.004989935590715319,0.041297749426837,-0.1387456874679671,-0.4361795962033802,0.2394405498098772,0.4133172175262395,0.5127091002879482,0.2148048688775924,0.3913442159332324
2021-01-19 15:10:00,0.054065361603516,0.053725967973594996,0.006297255128371738,0.0413938589431213,0.3087899620469514,-0.4317255098603448,0.2279327364208044,0.3800323516733931,0.5114114119818023,0.2148048688775924,0.3913442159332324
2021-01-19 15:20:00,0.0550330809791649,0.05361123855143327,0.026175756203753214,0.0411429151864172,0.1929306731700109,-0.42964700704379616,0.2342370570010646,0.3984096619601379,0.5097468281569795,0.2148048688775924,0.3913442159332324
2021-01-19 15:30:00,0.0550691549827657,0.05347115443271674,0.02944741972031292,0.041111941616807,-0.1034689625607043,-0.426156315368301,0.2644329477751992,0.4704006307999994,0.5097344853225789,0.2148048688775924,0.3913442159332324
2021-01-19 15:40:00,0.0550038827793988,0.05334172944350089,0.03068483748874169,0.0412878393793875,0.4089203215631443,-0.4184450928114841,0.2373886410551063,0.4005832439246134,0.5117724775051571,0.2148048688775924,0.3913442159332324
2021-01-19 15:50:00,0.0555810683221785,0.053252860569897316,0.042791122702280575,0.041322127048787,0.1692602133246623,-0.414857935487564,0.2636099255246405,0.468409118212867,0.5103181069306153,0.2148048688775924,0.3913442159332324
2021-01-19 16:00:00,0.0558774881902438,0.05319460629553488,0.04920457752578495,0.0423801169884555,1.0613026128590164,-0.3866589265345807,0.2733406432482225,0.4900650641710768,0.5098851170197829,0.2148048688775924,0.3913442159332324
2021-01-19 16:10:00,0.0583298968940283,0.053295380315954335,0.09026511896321252,0.0417900289789114,-0.1558847182277389,-0.3986959252916193,0.2740977171172346,0.4902088523046067,0.5085680467923728,0.2148048688775924,0.3913442159332324
2021-01-19 16:20:00,0.0583343084180305,0.0532590663310713,0.0910223510179453,0.0412515214047677,-0.1097471456056098,-0.41028327151472843,0.271089241129238,0.4864926024987651,0.5111128963496425,0.2148048688775924,0.3913442159332324
2021-01-19 16:30:00,0.0583549394886236,0.05320030024599024,0.09247996785775801,0.0412776367973924,-0.1513817021113084,-0.4087791790136596,0.2510674581906626,0.4319131141202026,0.5105579741902553,0.2148048688775924,0.3913442159332324
2021-01-19 16:40:00,0.0584876876587575,0.0531180927244538,0.09629866522783945,0.0412782941697652,-0.2956671218354856,-0.4077982056840152,0.2484654204340994,0.4310026325968062,0.5115903844639876,0.2148048688775924,0.3913442159332324
2021-01-19 16:50:00,0.0585891600404374,0.05305789122054424,0.09916609260594182,0.0412488523803081,-0.1673353397903199,-0.4073881572600382,0.235496892524021,0.3957895700402167,0.5103151134236124,0.2148048688775924,0.3913442159332324
2021-01-19 17:00:00,0.0584049810898799,0.05300655046198557,0.09698567929447258,0.0415355937559338,-0.5590008218707254,-0.40014419814597146,0.2483472625591546,0.423751229077714,0.5100336955640821,0.2148048688775924,0.3913442159332324
2021-01-19 17:10:00,0.0585109876578822,0.05300102304802923,0.0989033436540717,0.0404027385343747,0.2586380480270378,-0.42685880221498856,0.2710467335895736,0.4829367096198977,0.509719435664348,0.2148048688775924,0.3913442159332324
2021-01-19 17:20:00,0.0580938450709725,0.052895316907478146,0.09374491375321696,0.0405307932584063,-0.7042850540859291,-0.4241976903574516,0.2410198602373495,0.4093046932003716,0.5126842191762633,0.2148048688775924,0.3913442159332324
2021-01-19 17:30:00,0.0578554714396883,0.05279911560324162,0.0914535883038656,0.0409142954346573,0.5900818621295656,-0.41620814877389245,0.273478661239969,0.4894422197756801,0.5126707509682797,0.2148048688775924,0.3913442159332324
2021-01-19 17:40:00,0.058097224377959,0.05274302552436137,0.09668634346480594,0.0409075148292704,-0.1557956067840038,-0.4168104554474113,0.2807611971617155,0.5086753061416377,0.5142626308124123,0.2148048688775924,0.3913442159332324
2021-01-19 17:50:00,0.0582085138736379,0.052700682898036304,0.09940321684682348,0.0409012095812349,-0.0131618213895734,-0.4180983188770607,0.2787268612441292,0.5038382876554226,0.5120245938008943,0.2148048688775924,0.3913442159332324
2021-01-19 18:00:00,0.0580833642212063,0.05265747137577843,0.09807115777311838,0.041014260215487,-0.3823404803169339,-0.4158663906512012,0.2684368825400203,0.4809909466282752,0.5127397025014941,0.2148048688775924,0.3913442159332324
2021-01-19 18:10:00,0.0581848804543314,0.052629292985414855,0.1003526693837835,0.0409967844049264,-0.0596385693899748,-0.4167190147946686,0.2534837137875028,0.4368959167571496,0.5124788005234335,0.2148048688775924,0.3913442159332324
2021-01-19 18:20:00,0.0581947552878556,0.0525724988881016,0.1016020871569089,0.0408981055305494,0.0417048832588307,-0.41949896314413165,0.2541270132099212,0.4458742616309493,0.5137777132099943,0.2148048688775924,0.3913442159332324
2021-01-19 18:30:00,0.0582261443112788,0.05255063866277441,0.10255721816134074,0.0408985225088205,-0.0203916767061329,-0.4194694126222947,0.2365302658563566,0.4050472100415817,0.5130790837526047,0.2148048688775924,0.3913442159332324
2021-01-19 18:40:00,0.0578267750812137,0.052526865302240974,0.0961271463603236,0.0414305602802255,-0.7326171004379489,-0.40646987218739195,0.2409069532851194,0.4126836802159903,0.5120390838707716,0.2148048688775924,0.3913442159332324
2021-01-19 18:50:00,0.05804260425269,0.05254047867054942,0.09959340216424287,0.0419275328726474,-0.6694718463137406,-0.3941985988324416,0.2726912207479783,0.485879276725381,0.5119635680927428,0.2148048688775924,0.3913442159332324
2021-01-19 19:00:00,0.0579019053935214,0.052588444627662434,0.09625388066357533,0.0422376689792846,0.5198201738545905,-0.3868632181624875,0.2472525691390804,0.4267065937174296,0.5149051402195193,0.2148048688775924,0.3913442159332324
2021-01-19 19:10:00,0.0579329759961144,0.05267866710729361,0.09507618119676806,0.0419298832589912,0.1341068086464503,-0.3931242947995636,0.2705482210366427,0.4858888474348179,0.5141967872701054,0.2148048688775924,0.3913442159332324
2021-01-19 19:20:00,0.0573776739906725,0.05271827943335395,0.084693019072835,0.0425890896139027,-0.8155718524555766,-0.37697281346432754,0.2776868136325069,0.5008308090973327,0.5146287182300926,0.2148048688775924,0.3913442159332324
2021-01-19 19:30:00,0.0573907099113421,0.05277406455497203,0.08386257356941726,0.0425903753385609,-0.0331881344093787,-0.3771486668471214,0.2691058722209604,0.4843059878417833,0.5118650660551031,0.2148048688775924,0.3913442159332324
2021-01-19 19:40:00,0.0576729713010651,0.052847015862516035,0.08738738233723438,0.0425943498000138,-0.1884575099776242,-0.37679507252924416,0.2627265635419103,0.466971292759385,0.5130362101379871,0.2148048688775924,0.3913442159332324
2021-01-19 19:50:00,0.0576491583640695,0.05290737336807706,0.08583293525561381,0.0426347494649326,-0.1865022176630759,-0.3759107180672101,0.2435791265425911,0.4180120158668337,0.511893332585168,0.2148048688775924,0.3913442159332324
2021-01-19 20:00:00,0.0576055202720948,0.05297468071785615,0.08380432406500758,0.0429536679620406,0.5547180225642379,-0.3678917938665782,0.2417397645885934,0.4221247611200384,0.5136473263334231,0.2148048688775924,0.3913442159332324
2021-01-19 20:10:00,0.0573936479523234,0.053047209806215356,0.07875136622093615,0.0432326712443965,-0.4936301364878659,-0.36073932055838615,0.232922219752432,0.3949749539297357,0.5143166709252152,0.2148048688775924,0.3913442159332324
2021-01-19 20:20:00,0.057414966930561,0.05312417708521554,0.07767288029191295,0.0430105072899993,0.1139071693266657,-0.36563564280770594,0.2419714845898635,0.4149127848800402,0.5142659056526362,0.2148048688775924,0.3913442159332324
2021-01-19 20:30:00,0.057400839812582,0.0531897114925672,0.07619394945180524,0.0425872435024057,0.1282066764849432,-0.37548014586252587,0.271540951524664,0.4819093542777566,0.5124743394283633,0.2148048688775924,0.3913442159332324
2021-01-19 20:40:00,0.0574583170584468,0.0532029898430944,0.07694516937195985,0.0426575878340768,-0.2895286664163166,-0.37377323658798045,0.2385772972140771,0.4040644228991201,0.5136797270571416,0.2148048688775924,0.3913442159332324
2021-01-19 20:50:00,0.0574504964067136,0.05324416621951793,0.07603540090634879,0.0427121823969001,0.3318164527049916,-0.3715258067024141,0.2675451273578853,0.4744502235628102,0.5134843121041948,0.2148048688775924,0.3913442159332324
2021-01-19 21:00:00,0.0575552714218579,0.053256630613933854,0.07762341281594311,0.0431384108774936,0.6103542681247021,-0.36114439352105554,0.278650443444509,0.5010230625137295,0.5142808919494413,0.2148048688775924,0.3913442159332324
2021-01-19 21:10:00,0.0574644265916906,0.05329952640473861,0.07523864271095265,0.043261141636047,-0.3261576955001288,-0.3571092647503986,0.2733311068668126,0.493755328522078,0.5122601888764073,0.2148048688775924,0.3913442159332324
2021-01-19 21:20:00,0.0574779398096743,0.053345003106114786,0.07462090783444733,0.0432595910903987,0.015282103142411,-0.3557010979934551,0.2649513809677231,0.4703939358034302,0.5132559157377663,0.2148048688775924,0.3913442159332324
2021-01-19 21:30:00,0.0574853303874023,0.05338313524973679,0.0740349147649517,0.0432583503790023,-0.0833007489447368,-0.35425222286876684,0.2561867602394445,0.4361833737102474,0.5128011826741372,0.2148048688775924,0.3913442159332324
2021-01-19 21:40:00,0.057592834145916,0.05340787543983628,0.07543993753490277,0.0430551142427006,0.0782707617455358,-0.35780610423141496,0.2616029787475216,0.4600106316936371,0.5146848633538315,0.2148048688775924,0.3913442159332324
2021-01-19 21:50:00,0.0575518838390136,0.0533999179402355,0.07487765932020946,0.0430722851674691,-0.2385860270273099,-0.35682024196122997,0.243204570171731,0.4132450859898646,0.5145764237833896,0.2148048688775924,0.3913442159332324
2021-01-19 22:00:00,0.0573617402132099,0.05338214650959609,0.07190117923880217,0.0432022585254592,0.4680402178346199,-0.35284558134498145,0.2517763050660502,0.4315353960622827,0.5140023953429085,0.2148048688775924,0.3913442159332324
2021-01-19 22:10:00,0.0576130989077012,0.05339817117686882,0.07597345568427723,0.0431291512945598,-0.1742202095462275,-0.3541030025857901,0.2767778220824819,0.4931291882461931,0.5123657672334915,0.2148048688775924,0.3913442159332324
2021-01-19 22:20:00,0.057690129976004,0.05340723021899059,0.07713996711365464,0.0431502794687485,-0.1361585992993852,-0.35325454784297267,0.2447486731995513,0.4142334021764132,0.5149241775035069,0.2148048688775924,0.3913442159332324
2021-01-19 22:30:00,0.0577040057500255,0.05340597007034368,0.07740405606107499,0.0430670343574432,-0.0988447346433218,-0.3545267959220015,0.2676255828347527,0.4736677022880037,0.5149723806185609,0.2148048688775924,0.3913442159332324
2021-01-19 22:40:00,0.0572505214272434,0.05340614013996288,0.06951102704187656,0.0436452620317715,0.7284029514019963,-0.34072505971504574,0.2786629884316487,0.4993830292958973,0.5166764065248207,0.2148048688775924,0.3913442159332324
2021-01-19 22:50:00,0.0572048747114735,0.05349880270426209,0.0669798426911499,0.0436092979029718,-0.2608826265728226,-0.3405642105862822,0.2787091501512221,0.5014469781674321,0.5158156286930146,0.2148048688775924,0.3913442159332324
2021-01-19 23:00:00,0.0571250389074319,0.053562119909127466,0.06440043018653913,0.0437765563446272,-0.3904015568783947,-0.3359857588923402,0.2711390527812922,0.4826549265123869,0.5180689933367378,0.2148048688775924,0.3913442159332324
2021-01-19 23:10:00,0.0586384534242452,0.053588659564166106,0.09005321275951107,0.0436251631206266,-0.0952230571966694,-0.3388389008717102,0.2570021903277675,0.4409090587901486,0.5159793272907764,0.2148048688775924,0.3913442159332324
2021-01-19 23:20:00,0.0592426623262963,0.05362717443516618,0.09958600441833382,0.0437608330778539,-0.3758625019941064,-0.33562132288174434,0.2527350269707354,0.4401770215357489,0.5162123882015162,0.2148048688775924,0.3913442159332324
2021-01-19 23:30:00,0.0592047752169512,0.05367130517659717,0.0981236966420255,0.0432076845141593,-0.2806486686079523,-0.34769024823156947,0.2409712010563439,0.4067900491077269,0.5169995727699859,0.2148048688775924,0.3913442159332324
2021-01-19 23:40:00,0.0591387670747964,0.0536290337505345,0.09779607076409695,0.0432979059010925,0.279493877365411,-0.34575171307113073,0.2505822383644296,0.4308970628348704,0.5163338982821439,0.2148048688775924,0.3913442159332324
2021-01-19 23:50:00,0.0577405477053999,0.053629382088945875,0.07386256872265103,0.0452612922056884,-1.3256855449290228,-0.2983307963052964,0.2739503665821485,0.4916221658283768,0.5152411789162765,0.2148048688775924,0.3913442159332324
2021-01-20 00:00:00,0.0577909679009059,0.053761443586288,0.0722759504996375,0.0452944416265518,0.1905623528323019,-0.29612449492220555,0.2377786900606161,0.4021045325083481,0.5170955279480612,0.2461153201920055,0.4328783643224705
2021-01-20 00:10:00,0.0577147037440985,0.05386631888694941,0.0690065708790102,0.0454169061499047,0.3403593268066274,-0.29216181025819143,0.2673325491017445,0.470942625957869,0.5174448128533091,0.2461153201920055,0.4328783643224705
2021-01-20 00:20:00,0.0577056909747314,0.05398099571053562,0.06672374572613557,0.0454371030510223,0.3348130178347119,-0.29004342068357514,0.2846638464825791,0.5154106381343828,0.5193932029724238,0.2461153201920055,0.4328783643224705
2021-01-20 00:30:00,0.0576785323745102,0.05408001567584369,0.06442032678440834,0.0455350525245817,0.3058591324132109,-0.286608320374696,0.2785516606985616,0.5067804461313574,0.5176858452248442,0.2461153201920055,0.4328783643224705
2021-01-20 00:40:00,0.0576776840431112,0.05415900077370898,0.06294616144361664,0.045360219696629,-0.0326373681479807,-0.28959336836415356,0.2725516321111703,0.4908128628466117,0.5185667307625861,0.2461153201920055,0.4328783643224705
2021-01-20 00:50:00,0.0577062561227545,0.05423497245987473,0.06203964394132892,0.0447340518157827,0.1556821965047916,-0.3028136824962998,0.2563805643154159,0.4474174033393134,0.5164588954309661,0.2461153201920055,0.4328783643224705
2021-01-20 01:00:00,0.0585318343209484,0.05423347863816679,0.07627237784745865,0.0447065454205956,-0.1811660278406179,-0.3036109127862108,0.2570451678798993,0.4540632060180246,0.5175299832210039,0.2461153201920055,0.4328783643224705
2021-01-20 01:10:00,0.0585343714602466,0.05420902828821509,0.07676665987198164,0.0446915198572088,-0.0171398071337591,-0.3044307047269745,0.2379844491625701,0.4062650497350181,0.5174359450275904,0.2461153201920055,0.4328783643224705
2021-01-20 01:20:00,0.0585232841878377,0.05420088641990921,0.07672743243092274,0.0447046089248282,-0.1169156035706109,-0.30439195502228883,0.2478236341959379,0.4320502796808531,0.5175052091595287,0.2461153201920055,0.4328783643224705
2021-01-20 01:30:00,0.0585160677862291,0.05418486234611239,0.07689980260826108,0.0441267472864506,-0.0919187988412062,-0.3175686486905551,0.2770801123133479,0.5012828595686436,0.518170826749545,0.2461153201920055,0.4328783643224705
2021-01-20 01:40:00,0.058559526776409,0.054104952472155084,0.07911806403043771,0.0440306296679992,0.336843514927132,-0.32026814586243324,0.2413950220914809,0.415284115089146,0.5209663237146496,0.2461153201920055,0.4328783643224705
2021-01-20 01:50:00,0.0583972275907301,0.05406258024217882,0.07712614700645229,0.0435593768388112,-0.4612201453387143,-0.3314479059066165,0.2690784793437588,0.4811688360939459,0.5193101116831087,0.2461153201920055,0.4328783643224705
2021-01-20 02:00:00,0.0578281219248082,0.053988427725063175,0.06870547363761646,0.0443438240582105,-0.8305150883392898,-0.31451417712100266,0.2784248581220959,0.5049373896731892,0.5191232288935518,0.2461153201920055,0.4328783643224705
2021-01-20 02:10:00,0.0579115365952463,0.05399143201961395,0.07009124740891269,0.0441997413945514,0.0617092649255468,-0.3188238782173294,0.2787601932551116,0.5053801561054507,0.5178692369425926,0.2461153201920055,0.4328783643224705
2021-01-20 02:20:00,0.0579034814738951,0.053977603045151826,0.07020830974899064,0.0442171850055431,0.129537989140438,-0.31943547439066816,0.2751904678924904,0.494752944161005,0.518787531271778,0.2461153201920055,0.4328783643224705
2021-01-20 02:30:00,0.0579210952831406,0.053975980510909835,0.07054251591837482,0.0443108569766655,0.3333752213514174,-0.31834061674852626,0.2548601364609852,0.4449049022642611,0.5169301701899812,0.2461153201920055,0.4328783643224705
2021-01-20 02:40:00,0.0579426933073305,0.053947742237538815,0.07143863401818529,0.0441728338080109,-0.1417153396850778,-0.32163322713088094,0.2512555204526961,0.4420094691929286,0.5169313591189417,0.2461153201920055,0.4328783643224705
2021-01-20 02:50:00,0.0578329173064861,0.05392547780274855,0.0699550644038691,0.0442577540465527,0.3694099816309304,-0.32014154954143054,0.2426750576093737,0.4114657595267715,0.517143981358156,0.2461153201920055,0.4328783643224705
2021-01-20 03:00:00,0.0579007249305704,0.05391376511900263,0.0713440770382131,0.0442650120287718,-0.1067045374252728,-0.3201331867878539,0.2556407299811154,0.4478577372155933,0.5173467141205846,0.2461153201920055,0.4328783643224705
2021-01-20 03:10:00,0.057578217912907,0.05387296258325456,0.06651560471798183,0.0443502523261714,-0.6306695349357128,-0.3186086777615849,0.2762065124140387,0.4974618284608819,0.5177355085369851,0.2461153201920055,0.4328783643224705
2021-01-20 03:20:00,0.0571221049683333,0.05386490832643142,0.05871195460758307,0.0450409261164243,-0.8030550801473524,-0.30366918006212834,0.242968484527067,0.4129028210221086,0.5193926575673542,0.2461153201920055,0.4328783643224705
2021-01-20 03:30:00,0.0567524818669815,0.05390858601141624,0.051409628312773084,0.0457065724819978,-0.7781999934568518,-0.2873589178302416,0.2660785168244422,0.4721819972240946,0.5173756880638967,0.2461153201920055,0.4328783643224705
2021-01-20 03:40:00,0.0570457040986373,0.05402442827067866,0.0544164531791493,0.0457254045572366,0.1492537168118701,-0.2838013186827237,0.2800247729848866,0.5018848197290007,0.5184965737932601,0.2461153201920055,0.4328783643224705
2021-01-20 03:50:00,0.0565546182372307,0.054101123184427606,0.044351918766709165,0.0461034386381197,-0.752267193539069,-0.27406202431233717,0.2721925204527803,0.4902132645064695,0.5170548105718393,0.2461153201920055,0.4328783643224705
2021-01-20 04:00:00,0.0565482325323873,0.054196783437057604,0.04247238661552248,0.0461280348869439,0.3635558378038084,-0.27213304596432353,0.2649556299228785,0.4713957702717066,0.5190894358313765,0.2461153201920055,0.4328783643224705
2021-01-20 04:10:00,0.0565641614089767,0.054290894581296545,0.04101906839528364,0.0461235288395013,0.0187633265232634,-0.27128141033852693,0.2528133855312919,0.4360190460254817,0.5184730218011189,0.2461153201920055,0.4328783643224705
2021-01-20 04:20:00,0.0565882308709987,0.054404437250064996,0.039355310813997464,0.0461322775382971,0.120132401188755,-0.26970958792923394,0.2472491177621284,0.4310405230430949,0.5199497751500171,0.2461153201920055,0.4328783643224705
2021-01-20 04:30:00,0.0565921339823899,0.05445823516788166,0.03843591927940196,0.0461241425632656,-0.0392150918759881,-0.2690173045103617,0.2334289105713575,0.3899974232181257,0.5187514026441229,0.2461153201920055,0.4328783643224705
2021-01-20 04:40:00,0.0569450860816213,0.05451494386409304,0.04361253796308977,0.0459873731134948,0.2499417801853809,-0.2704318689633521,0.2374998657989879,0.4038938552208913,0.5173110681366395,0.2461153201920055,0.4328783643224705
2021-01-20 04:50:00,0.0572370874912973,0.05455067279265067,0.04807202528432359,0.0460064186895178,-0.1927546996178364,-0.2691452572591146,0.2625720107507001,0.4630491098686078,0.5178081032802037,0.2461153201920055,0.4328783643224705
2021-01-20 05:00:00,0.0571940497116169,0.05458096258890405,0.046764715535723915,0.0459798543028142,0.2223415112437621,-0.26842562956419264,0.2326144602763896,0.3902785105899968,0.5198974246711612,0.2461153201920055,0.4328783643224705
2021-01-20 05:10:00,0.057364642408772,0.05460808346443339,0.04924620702649523,0.0460071974027292,-0.1665185518801237,-0.2668215366657543,0.2578671404619573,0.4596901430663968,0.518760279208965,0.2461153201920055,0.4328783643224705
2021-01-20 05:20:00,0.057226315217437,0.05461476433472055,0.046709593583485955,0.0462405143573559,0.4729028469308005,-0.2610710761881338,0.2662111708241528,0.4783097730604446,0.5188855418693901,0.2461153201920055,0.4328783643224705
2021-01-20 05:30:00,0.0573896985663658,0.054654009053370034,0.04884224909486471,0.0461860766294265,-0.2592218983268779,-0.26063987318949167,0.2691064231312917,0.4832513644203769,0.5175937832577805,0.2461153201920055,0.4328783643224705
2021-01-20 05:40:00,0.0578436977258453,0.054697441942556,0.05592756294420756,0.0461563821949582,0.0576786602552559,-0.2588944498642188,0.2695121839785093,0.4853625025602783,0.5193992449671977,0.2461153201920055,0.4328783643224705
2021-01-20 05:50:00,0.0577824243232659,0.054732623671220636,0.05422470953114781,0.0462370420202466,0.2880080124469941,-0.25457795980409625,0.2480768922079476,0.4297173343077666,0.5178142601346469,0.2461153201920055,0.4328783643224705
2021-01-20 06:00:00,0.0577871580013392,0.05473994299962014,0.05417290876612127,0.0459411631034143,0.0140843086951392,-0.2582959346452435,0.2449459484520149,0.4285828119261648,0.5182792917446756,0.2461153201920055,0.4328783643224705
2021-01-20 06:10:00,0.0575644411706841,0.05473603269291091,0.05038281076323313,0.0462677275956898,-0.5517262387195743,-0.2498606636293957,0.2266859863945335,0.381516281718703,0.5168685676521652,0.2461153201920055,0.4328783643224705
2021-01-20 06:20:00,0.0572746575719538,0.05476506629086861,0.04480573542107674,0.0466193028046473,0.5796073190525775,-0.24090367304760044,0.232927406543582,0.3970162342907693,0.5161201058919449,0.2461153201920055,0.4328783643224705
2021-01-20 06:30:00,0.0572097894102694,0.054817224413317024,0.04272056859928391,0.0465850688771575,0.2768958132440602,-0.2403098736892342,0.2539718472718711,0.4481428171213268,0.5165970097953825,0.2461153201920055,0.4328783643224705
2021-01-20 06:40:00,0.0569784856630806,0.05484243304968057,0.03820953203451356,0.0467448014037978,-0.5445650429562576,-0.23569427566448628,0.2231755897552387,0.3731070661528211,0.5192619341843387,0.2461153201920055,0.4328783643224705
2021-01-20 06:50:00,0.056863240402998,0.05489301462009129,0.035262991577476414,0.0468016620946171,-0.4038300543252049,-0.23336133305650017,0.2559885627098436,0.4526753685021848,0.5190382390604642,0.2461153201920055,0.4328783643224705
2021-01-20 07:00:00,0.0568524594171342,0.05493194563516997,0.03436441378341377,0.0468895584673779,0.2869849379175448,-0.23122897984600374,0.2670701817820108,0.4772379437476679,0.5202356623385962,0.2461153201920055,0.4328783643224705
2021-01-20 07:10:00,0.0564435159828397,0.05500525316313722,0.025811728255530318,0.0473992206133453,0.737031555232015,-0.21414452273235507,0.266728098399913,0.4756846964078596,0.5170451064233657,0.2461153201920055,0.4328783643224705
2021-01-20 07:20:00,0.0567081111483324,0.05509633788747703,0.028834003337059974,0.0473989715944008,0.4426426201179723,-0.20868037368783102,0.2590497837580338,0.4584009425890904,0.5171678711917821,0.2461153201920055,0.4328783643224705
2021-01-20 07:30:00,0.0566438259547876,0.055167087522376666,0.026416460816625076,0.0474861512967072,-0.2976791356177344,-0.20302772216153828,0.2444971640572595,0.4173510979218343,0.5160002948018925,0.2461153201920055,0.4328783643224705
2021-01-20 07:40:00,0.0566787944938709,0.05522273209596637,0.026025464119175112,0.0466329487472879,0.0493573747190723,-0.2176520193268161,0.241798223688619,0.4203980903263136,0.5168649440848048,0.2461153201920055,0.4328783643224705
2021-01-20 07:50:00,0.0568153398123599,0.05521918179329896,0.02849596720893281,0.0463349173637452,-0.0799868813736282,-0.2218822756523369,0.2248118837477364,0.3783451977868177,0.5166566952774829,0.2461153201920055,0.4328783643224705
2021-01-20 08:00:00,0.0574669174923984,0.05519346202046435,0.04036492965883911,0.0460816793202924,-0.1446430378765129,-0.22589692307601256,0.2309568078981363,0.3910917097555344,0.5156371096125492,0.2461153201920055,0.4328783643224705
2021-01-20 08:10:00,0.0572630461765847,0.055130881890394355,0.037945468252764646,0.0455169956336087,-0.4858882362164252,-0.23764833960909768,0.2620032787625255,0.4586261620747281,0.5166350135451789,0.2461153201920055,0.4328783643224705
2021-01-20 08:20:00,0.0560450111769756,0.05505439239919398,0.017833489648110216,0.0468293556682807,1.1816585529158985,-0.2086483312692356,0.23856058630839,0.4041240103552376,0.5197244205165086,0.2461153201920055,0.4328783643224705
2021-01-20 08:30:00,0.05750141200306,0.05501829893736639,0.04414366622718377,0.0471243637004214,-0.5987575610884477,-0.20348678582795365,0.2632920414806332,0.4708701198540233,0.5189811460074056,0.2461153201920055,0.4328783643224705
2021-01-20 08:40:00,0.0574488045934628,0.0550544695602352,0.042571145511151966,0.0472136675229982,-0.2909273501321863,-0.20156535505559467,0.2740022128706698,0.4930029700491037,0.5196891743517631,0.2461153201920055,0.4328783643224705
2021-01-20 08:50:00,0.059371524298724,0.05512134062268111,0.07427777421310539,0.0472096489603498,-0.1811615605511463,-0.20180063301421444,0.2697678876493143,0.487674576754846,0.5169504509541363,0.2461153201920055,0.4328783643224705
2021-01-20 09:00:00,0.0593669854350313,0.05517015483457846,0.07331613731713404,0.0472472750741502,-0.2830667138752574,-0.20049786110248602,0.2633106546702667,0.4714963544159535,0.5182189646024574,0.2461153201920055,0.4328783643224705
2021-01-20 09:10:00,0.059700212472124,0.055198504761516866,0.07839971412678262,0.0473046124303459,0.2446022540683046,-0.19905959931656178,0.2429393656144853,0.4193222212271935,0.5174862049979738,0.2461153201920055,0.4328783643224705
2021-01-20 09:20:00,0.0605482614407,0.05524574573890177,0.09164941956678108,0.0474822741544079,-0.4242582526204685,-0.19495070617304283,0.2394766697442999,0.4204102195170244,0.5196033587412155,0.2461153201920055,0.4328783643224705
2021-01-20 09:30:00,0.0597727475147381,0.055297716976519314,0.07781820655760784,0.0489387959947546,-1.1886579427025978,-0.16410482529755013,0.2281958675893837,0.3861002121876131,0.5205214414248529,0.2461153201920055,0.4328783643224705
2021-01-20 09:40:00,0.059887429150599,0.05544948253890541,0.07699423744471613,0.0487939426974532,0.0507707761952858,-0.16661661894052113,0.2349646290251159,0.4030017001472316,0.5206341047400505,0.2461153201920055,0.4328783643224705
2021-01-20 09:50:00,0.0598196157147058,0.05556552231109963,0.07377072255896036,0.0487555698519813,-0.2972590895632621,-0.1678337510686941,0.2662199240797259,0.4740206116149558,0.5197461828848278,0.2461153201920055,0.4328783643224705
2021-01-20 10:00:00,0.0594776112826659,0.05567784867811877,0.06601758274324358,0.0491990228374231,-0.7228262811272756,-0.15823699969865493,0.2333759569076748,0.3961435244691816,0.5211697707408836,0.2461153201920055,0.4328783643224705
2021-01-20 10:10:00,0.0621689863295235,0.055794884139488486,0.10817408023507745,0.0496047279134036,0.6331425982347483,-0.1494541319851589,0.2640923682433142,0.4710365286873004,0.5210445347393731,0.2461153201920055,0.4328783643224705
2021-01-20 10:20:00,0.0632217048131796,0.05595057203999172,0.1221790139481038,0.0496025137881789,-0.0181361056299067,-0.14842751455875047,0.2782731816948214,0.5017976941658475,0.522071643640828,0.2461153201920055,0.4328783643224705
2021-01-20 10:30:00,0.0642835741437082,0.056086157079628746,0.13641511435105677,0.0487851213506022,-0.119245574562754,-0.16398682831069356,0.2747006118208429,0.4978355622535005,0.5200299350936685,0.2461153201920055,0.4328783643224705
2021-01-20 10:40:00,0.0641516627326037,0.05612949556682901,0.1335885681330556,0.0489141603734049,0.4989566043988702,-0.1613688386290517,0.2675980880235527,0.4785348377823051,0.520634176119718,0.2461153201920055,0.4328783643224705
2021-01-20 10:50:00,0.0641698462335704,0.056147782383867674,0.133546229618807,0.0490835347293622,-0.493719008937532,-0.15856808125511374,0.255490131562691,0.4386567555414544,0.5202734018941241,0.2461153201920055,0.4328783643224705
2021-01-20 11:00:00,0.0641189882506121,0.05616900455339829,0.13237546426413896,0.0491861416366052,-0.330043481924136,-0.15736749645246903,0.255405400476219,0.4506132999924779,0.5223401831284162,0.2461153201920055,0.4328783643224705
2021-01-20 11:10:00,0.0627899527427924,0.056221371177211224,0.11049811783013355,0.0509883864598281,-1.3487622413164146,-0.1201938505571536,0.2366051282623977,0.3995000056590076,0.5225496983078555,0.2461153201920055,0.4328783643224705
2021-01-20 11:20:00,0.0636099761703298,0.05642034933842799,0.11994041876641175,0.0510142727551969,0.197836609207691,-0.11880952024995992,0.2451460194900477,0.417084897199139,0.5213305126416958,0.2461153201920055,0.4328783643224705
2021-01-20 11:30:00,0.0633492788973254,0.056576217461232585,0.11307481315726589,0.0516949188760392,0.8363576604086376,-0.10450401809762906,0.2732652504067063,0.4807851928913044,0.5204281948395639,0.2461153201920055,0.4328783643224705
2021-01-20 11:40:00,0.0634175405681391,0.05679458492668911,0.11029950290641691,0.0516940162218909,-0.0610154130647799,-0.10368182663774621,0.2457979389676898,0.4103434165249874,0.5224520980732591,0.2461153201920055,0.4328783643224705
2021-01-20 11:50:00,0.065383013353861,0.057016639865156635,0.1369193373849145,0.0511614686631542,-0.1214172178517714,-0.11256072541111543,0.2697271245392644,0.4722741648559085,0.5219687873409322,0.2461153201920055,0.4328783643224705
2021-01-20 12:00:00,0.0687392438354749,0.057136075131110346,0.1848845652009494,0.0514910533318391,0.5875322593086096,-0.10472949365053852,0.283479860215788,0.5030669094324005,0.5236451372912831,0.2461153201920055,0.4328783643224705
2021-01-20 12:10:00,0.0691767089522586,0.0572528870407178,0.18918616031315846,0.0516641513786452,-0.4520022798891077,-0.09367286071265751,0.2860404927410295,0.5097448412087454,0.5224644948315673,0.2461153201920055,0.4328783643224705
2021-01-20 12:20:00,0.0689273867257899,0.05739405331117533,0.18311288707017748,0.0517765098644938,0.6924061956880223,-0.08429969891869674,0.2759770314037127,0.4861451571432357,0.5242904239708848,0.2461153201920055,0.4328783643224705
2021-01-20 12:30:00,0.0716447900262494,0.05748634763206355,0.2201729502860445,0.0509424219719211,-0.2553762408256332,-0.09477207405602861,0.2620684875738837,0.442981020251933,0.5226439314114344,0.2461153201920055,0.4328783643224705
2021-01-20 12:40:00,0.0716140686627814,0.05752860871349671,0.219009177455352,0.0510436795265746,-0.3712739437842671,-0.08728157614587269,0.2574918936771927,0.4416365645770788,0.522497360977895,0.2461153201920055,0.4328783643224705
2021-01-20 12:50:00,0.0713715819827535,0.05754997444754586,0.21524608750855354,0.0513593538565026,0.5993946642270487,-0.07758018739379341,0.2447767014651558,0.4036411859582913,0.5233551745308491,0.2461153201920055,0.4328783643224705
2021-01-20 13:00:00,0.0705502670995581,0.05759836193732964,0.20283133554335742,0.0524101963269996,-1.0796542564689204,-0.05450338195508118,0.2570126713267009,0.4330557344128264,0.5225171656990473,0.2461153201920055,0.4328783643224705
2021-01-20 13:10:00,0.0707440343470288,0.0577326283012652,0.2032457172710524,0.0524710530600595,0.2952793939922316,-0.05023148913069205,0.2823994727428862,0.4979490098874475,0.5224054187186439,0.2461153201920055,0.4328783643224705
2021-01-20 13:20:00,0.0707504337197968,0.0578433531686154,0.2014201174715783,0.0524699855185741,0.0832283602120398,-0.047898862605780294,0.2485286024349091,0.4129836709422435,0.52403567344786,0.2461153201920055,0.4328783643224705
2021-01-20 13:30:00,0.0704217112011826,0.057936359337478475,0.19515645804150356,0.0529449203421868,0.7077092284005104,-0.03672299381561296,0.2808663254426194,0.4895502350852061,0.5239102813780108,0.2461153201920055,0.4328783643224705
2021-01-20 13:40:00,0.0703022160365822,0.058077628339164945,0.1910227855865045,0.0531045652504074,0.5103124835230233,-0.03247240595646119,0.2974356662658411,0.5322355508444181,0.5259820292135462,0.2461153201920055,0.4328783643224705
2021-01-20 13:50:00,0.0704025810795838,0.05821026786665825,0.19016816255191074,0.0531471806115134,0.2140000138739495,-0.029928589589110065,0.2901007211169027,0.5186522759232854,0.524281646308586,0.2461153201920055,0.4328783643224705
2021-01-20 14:00:00,0.0712602046225617,0.05832651316738592,0.20028127037661683,0.0531717981238722,-0.1872285326426137,-0.027481524274318096,0.2812023758341138,0.4950492232628794,0.5252263563732261,0.2461153201920055,0.4328783643224705
2021-01-20 14:10:00,0.0712638024404449,0.05844522626106874,0.19829850644759822,0.0531487287106165,-0.0272010286529678,-0.02605651101516655,0.2602474367571269,0.4402856054020535,0.5231716065402111,0.2461153201920055,0.4328783643224705
2021-01-20 14:20:00,0.0719151717916058,0.05853532669818618,0.20585680770641931,0.0533980743929321,0.5800660003512093,-0.020029318843959903,0.2586183092422472,0.4436714868244718,0.5241641054630438,0.2461153201920055,0.4328783643224705
2021-01-20 14:30:00,0.0715762560156615,0.058618803424109016,0.1997078764182679,0.0539258634678125,-0.7526355213089531,-0.009377862261405237,0.2420534420512963,0.4019521514889038,0.5245412889991883,0.2461153201920055,0.4328783643224705
2021-01-20 14:40:00,0.0714505995785854,0.0587564513349964,0.19560533897040625,0.0540639267337818,0.4974098953359984,-0.0025147332498262963,0.2513836103909279,0.4263517955248701,0.5242180130372585,0.2461153201920055,0.4328783643224705
2021-01-20 14:50:00,0.0724664885016527,0.05888244342871238,0.20758125542794473,0.0541691527546622,-0.3936203940455129,0.0026376750654020006,0.2854285395165348,0.5040560632599913,0.5247354254543988,0.2461153201920055,0.4328783643224705
2021-01-20 15:00:00,0.0735911081680437,0.05899216605715785,0.22111954910456272,0.0541526997064742,0.0377904645031179,0.004989935590715319,0.255646811576595,0.4279985851770593,0.5271737687661644,0.2461153201920055,0.4328783643224705
2021-01-20 15:10:00,0.0737527470422346,0.05910430704192018,0.22141444361004836,0.054065361603516,-0.0289074186785143,0.006297255128371738,0.2864550549626493,0.4998466719482233,0.525116946971302,0.2461153201920055,0.4328783643224705
2021-01-20 15:20:00,0.0735955184360986,0.05919004002672924,0.21783084812321377,0.0550330809791649,-1.0454611480364306,0.026175756203753214,0.2973491107447698,0.5271652256441695,0.5251198819802172,0.2461153201920055,0.4328783643224705
2021-01-20 15:30:00,0.0735674130787218,0.05936559496026862,0.21448732146745364,0.0550691549827657,0.2245531357582209,0.02944741972031292,0.2952613977518497,0.5236979392515402,0.5236066311153235,0.2461153201920055,0.4328783643224705
2021-01-20 15:40:00,0.0735651571959969,0.05950115879842382,0.2121757180132602,0.0550038827793988,-0.3088182836670228,0.03068483748874169,0.2879049127006743,0.5064537556517215,0.5247211143607486,0.2461153201920055,0.4328783643224705
2021-01-20 15:50:00,0.0732434256848914,0.05960947596526252,0.2059739379881007,0.0555810683221785,-0.8166574374014246,0.042791122702280575,0.2685024899900224,0.4571532851834123,0.5234867285759486,0.2461153201920055,0.4328783643224705
2021-01-20 16:00:00,0.0743207341649846,0.05974664294328445,0.2182769687041447,0.0558774881902438,-1.2069583846276544,0.04920457752578495,0.2642436401273466,0.4528575967884465,0.5239378063399235,0.2461153201920055,0.4328783643224705
2021-01-20 16:10:00,0.0724582451312001,0.059817164999070256,0.19171780683817713,0.0583298968940283,1.680812868093362,0.09026511896321252,0.2571441523972854,0.4238012479555539,0.5248063899607682,0.2461153201920055,0.4328783643224705
2021-01-20 16:20:00,0.0725084408020307,0.06015584762528504,0.18676432486602018,0.0583343084180305,-0.1311148557103791,0.0910223510179453,0.2762055301852533,0.4731584419714568,0.5244965336100924,0.2461153201920055,0.4328783643224705
2021-01-20 16:30:00,0.0727774162902963,0.06044692158062718,0.18564004057071706,0.0583549394886236,0.2167732936602107,0.09247996785775801,0.3003776283139168,0.5318583723537855,0.5241799331761092,0.2461153201920055,0.4328783643224705
2021-01-20 16:40:00,0.0733854276660983,0.060804017981236747,0.18806951074443065,0.0584876876587575,0.4924687770904157,0.09629866522783945,0.2701625263116695,0.4550973045391911,0.5260337476068352,0.2461153201920055,0.4328783643224705
2021-01-20 16:50:00,0.073938483928521,0.061059179209435106,0.19138990436558195,0.0585891600404374,0.3831472063044572,0.09916609260594182,0.2956788562995925,0.5206282031094607,0.5239965292882867,0.2461153201920055,0.4328783643224705
2021-01-20 17:00:00,0.0756250426511916,0.06126583480750949,0.210565136851634,0.0584049810898799,0.3114535880426317,0.09698567929447258,0.3069003064166438,0.5475000034427184,0.5250959579132719,0.2461153201920055,0.4328783643224705
2021-01-20 17:10:00,0.0761970428559798,0.06143509533231404,0.21534139719792794,0.0585109876578822,-0.4368435026451678,0.0989033436540717,0.2986079310234329,0.533045861426158,0.5242971305159646,0.2461153201920055,0.4328783643224705
2021-01-20 17:20:00,0.0775678926752261,0.06158955146204923,0.2306613503541152,0.0580938450709725,0.0980256175804328,0.09374491375321696,0.2916338735609067,0.5160517579250272,0.5261015106864819,0.2461153201920055,0.4328783643224705
2021-01-20 17:30:00,0.0775359450199487,0.0616891564117102,0.22863346705110085,0.0578554714396883,0.2679626985209182,0.0914535883038656,0.2779792041346189,0.4761039013616144,0.5258533109561958,0.2461153201920055,0.4328783643224705
2021-01-20 17:40:00,0.0774397157714054,0.06174367920972653,0.22650816336156532,0.058097224377959,0.551897925559075,0.09668634346480594,0.2750123029700215,0.4771712882129786,0.5274772391034154,0.2461153201920055,0.4328783643224705
2021-01-20 17:50:00,0.0773589271497588,0.06182259835505164,0.22418701596901658,0.0582085138736379,-0.3600129207239178,0.09940321684682348,0.2624671358919731,0.4405464364411125,0.5267005998561121,0.2461153201920055,0.4328783643224705
2021-01-20 18:00:00,0.078097043727923,0.061892824000379563,0.23254795967507066,0.0580833642212063,0.025403969119786,0.09807115777311838,0.2671222134183112,0.4546077128803206,0.5248778762717141,0.2461153201920055,0.4328783643224705
2021-01-20 18:10:00,0.0780456960870527,0.06191446885452597,0.23154060441121618,0.0581848804543314,0.3486945673138564,0.1003526693837835,0.2934258193906411,0.5171601659102194,0.52518720664975,0.2461153201920055,0.4328783643224705
2021-01-20 18:20:00,0.0786043417348389,0.06199702281148485,0.237340571543773,0.0581947552878556,-0.1150286597905392,0.1016020871569089,0.2630253348591435,0.4430790367411021,0.5274095253215129,0.2461153201920055,0.4328783643224705
2021-01-20 18:30:00,0.0786128979356421,0.06199685115338857,0.2374521859394414,0.0582261443112788,-0.1922477670184719,0.10255721816134074,0.2867771933834573,0.5076257619445338,0.5261326272335807,0.2461153201920055,0.4328783643224705
2021-01-20 18:40:00,0.0787410701440097,0.06200578688477504,0.23893715873865257,0.0578267750812137,0.2706439823979778,0.0961271463603236,0.2932418633211768,0.5216787641338442,0.526712755101592,0.2461153201920055,0.4328783643224705
2021-01-20 18:50:00,0.0783010625952747,0.06202894015270542,0.2329601209302563,0.05804260425269,0.8356269947876527,0.09959340216424287,0.2903880924568587,0.5133130451187379,0.5262118701767582,0.2461153201920055,0.4328783643224705
2021-01-20 19:00:00,0.0782696457862147,0.06205737194738751,0.2321005511103048,0.0579019053935214,-0.3272314330949655,0.09625388066357533,0.2886635611264251,0.512531568339875,0.5279496320171855,0.2461153201920055,0.4328783643224705
2021-01-20 19:10:00,0.0796673476277369,0.062053375850811957,0.24986489535328985,0.0579329759961144,-0.2323257019485325,0.09507618119676806,0.2687834320827859,0.4622537059674131,0.5261398340855832,0.2461153201920055,0.4328783643224705
2021-01-20 19:20:00,0.0799945949857967,0.06204322916664848,0.2541276830075287,0.0573776739906725,-0.1575915437236119,0.084693019072835,0.2655118866051394,0.460329502447219,0.5263157588598593,0.2461153201920055,0.4328783643224705
2021-01-20 19:30:00,0.0799845974952889,0.06201220480152433,0.25450286751862167,0.0573907099113421,-0.1267381858193417,0.08386257356941726,0.2511307111631077,0.4210247633286494,0.5253329047329323,0.2461153201920055,0.4328783643224705
2021-01-20 19:40:00,0.079761212710811,0.0619698671060012,0.2523890775541621,0.0576729713010651,0.6002470980551067,0.08738738233723438,0.2623200942091181,0.4456335777770861,0.5243957646302744,0.2461153201920055,0.4328783643224705
2021-01-20 19:50:00,0.0798535215527347,0.06195935080719263,0.25371543790687867,0.0576491583640695,0.085565712257285,0.08583293525561381,0.2852007367904321,0.5005730082676282,0.5243904472188692,0.2461153201920055,0.4328783643224705
2021-01-20 20:00:00,0.0797652242348076,0.06191937317636638,0.2532545168324494,0.0576055202720948,-0.5073629291633353,0.08380432406500758,0.2552541563813407,0.4281969098490985,0.5272228973817658,0.2461153201920055,0.4328783643224705
2021-01-20 20:10:00,0.0797901345379328,0.061890643371715064,0.25403085836522465,0.0573936479523234,-0.0043938837146484,0.07875136622093615,0.285829363904058,0.503374350372614,0.5266812596660833,0.2461153201920055,0.4328783643224705
2021-01-20 20:20:00,0.0799606407494847,0.06185072598535015,0.2568106863666003,0.057414966930561,-0.1935222644704026,0.07767288029191295,0.2933121953555596,0.5209873408186201,0.5282427691165497,0.2461153201920055,0.4328783643224705
2021-01-20 20:30:00,0.0799721774446922,0.061810855297201366,0.2575997911454664,0.057400839812582,-0.0147237026004276,0.07619394945180524,0.2916522076251897,0.5155620384715823,0.5259401385874891,0.2461153201920055,0.4328783643224705
2021-01-20 20:40:00,0.0799290421233755,0.06176855998908183,0.2577447706505679,0.0574583170584468,0.3870978282938253,0.07694516937195985,0.2825954958649177,0.4958700024048984,0.5260815695164321,0.2461153201920055,0.4328783643224705
2021-01-20 20:50:00,0.0803527698163845,0.06173530357708362,0.263570615049459,0.0574504964067136,-0.3179866981083634,0.07603540090634879,0.2689924900269321,0.4558000433532039,0.5251532277649191,0.2461153201920055,0.4328783643224705
2021-01-20 21:00:00,0.0801172872468326,0.061701906190143714,0.26117682667183717,0.0575552714218579,-0.7021606961922444,0.07762341281594311,0.2696407516723649,0.4650219733745683,0.5258875533845003,0.2461153201920055,0.4328783643224705
2021-01-20 21:10:00,0.0801234267720058,0.06168813541022014,0.26147666276703874,0.0574644265916906,0.0434671486827298,0.07523864271095265,0.2526990638993662,0.4243545040266075,0.5255446933392142,0.2461153201920055,0.4328783643224705
2021-01-20 21:20:00,0.0801787036848363,0.06167956740611357,0.26230522381021415,0.0574779398096743,-0.12556255494367,0.07462090783444733,0.259216290721088,0.4394336211014686,0.5242690618988479,0.2461153201920055,0.4328783643224705
2021-01-20 21:30:00,0.0805032610442217,0.06165557652587428,0.26673401335403946,0.0574853303874023,0.1242395453038724,0.0740349147649517,0.2896440652548553,0.5069282212930728,0.5250295956901079,0.2461153201920055,0.4328783643224705
2021-01-20 21:40:00,0.0807413586685081,0.061657962111880855,0.26964857147888965,0.057592834145916,0.3603327132610801,0.07543993753490277,0.2623016510068393,0.4454730471322021,0.5280203594867448,0.2461153201920055,0.4328783643224705
2021-01-20 21:50:00,0.0811317748529205,0.06164680168678319,0.2746533331167241,0.0575518838390136,0.0988492635073612,0.07487765932020946,0.2842859635511214,0.5025710913787,0.527118935210088,0.2461153201920055,0.4328783643224705
2021-01-20 22:00:00,0.0825214397186165,0.061667347649956156,0.29130355563454435,0.0573617402132099,-0.023679404454846,0.07190117923880217,0.293345275341362,0.5208414861422126,0.5272873929884576,0.2461153201920055,0.4328783643224705
2021-01-20 22:10:00,0.0823317743683715,0.06161516761975698,0.28984904515960175,0.0576130989077012,0.5651123215981713,0.07597345568427723,0.2862688610292541,0.5074550414288003,0.5247222177109367,0.2461153201920055,0.4328783643224705
2021-01-20 22:20:00,0.0843114296972525,0.06160254968093986,0.3138141788072441,0.057690129976004,-0.327656028725265,0.07713996711365464,0.2814043185231363,0.4945687756479321,0.5259653918391607,0.2461153201920055,0.4328783643224705
2021-01-20 22:30:00,0.0844701546707456,0.06160694629970269,0.31562364402325194,0.0577040057500255,0.1605680885917948,0.07740405606107499,0.2595515549401798,0.4422808744995727,0.5246182535481043,0.2461153201920055,0.4328783643224705
2021-01-20 22:40:00,0.0855069323166603,0.061617269458550235,0.3276552727806463,0.0572505214272434,-0.096281361300754,0.06951102704187656,0.2557383607474182,0.4416003313085283,0.5258927744446537,0.2461153201920055,0.4328783643224705
2021-01-20 22:50:00,0.0855686358854108,0.0615534218384769,0.32941336726138387,0.0572048747114735,-0.1257561747541657,0.0669798426911499,0.2469380729060872,0.4141540320365954,0.5262534805394078,0.2461153201920055,0.4328783643224705
2021-01-20 23:00:00,0.0858294906479996,0.061496064291136125,0.3333894837853853,0.0571250389074319,-0.2472593169436265,0.06440043018653913,0.2535131983663739,0.4305462311002372,0.5258402881440016,0.2461153201920055,0.4328783643224705
2021-01-20 23:10:00,0.0847974921748071,0.06145165527909698,0.3220151962937387,0.0586384534242452,1.3270451871505884,0.09005321275951107,0.2821110046689055,0.4940890259136422,0.5247885143289717,0.2461153201920055,0.4328783643224705
2021-01-20 23:20:00,0.0844167461405729,0.06164349865339019,0.31439802760265834,0.0592426623262963,0.9238619028876016,0.09958600441833382,0.246577305890883,0.4110117560088798,0.5257389470472718,0.2461153201920055,0.4328783643224705
2021-01-20 23:30:00,0.0853806233749423,0.06177996252191091,0.32354010163307595,0.0592047752169512,-0.1840852112826141,0.0981236966420255,0.2718118281494094,0.4742962457423791,0.5250371361261108,0.2461153201920055,0.4328783643224705
2021-01-20 23:40:00,0.0857906714783484,0.06193915925265933,0.32575767567822056,0.0591387670747964,0.000673689694608,0.09779607076409695,0.2842977328804201,0.503949330668088,0.5261622485466397,0.2461153201920055,0.4328783643224705
2021-01-20 23:50:00,0.0861123962723321,0.062031889616064144,0.3280047748992851,0.0577405477053999,-0.351017016623345,0.07386256872265103,0.2801860100661827,0.5022680134547375,0.5244965952549254,0.2461153201920055,0.4328783643224705
2021-01-21 00:00:00,0.0864419472333276,0.0620054935916086,0.33225007094251424,0.0577909679009059,-0.3075145953555847,0.0722759504996375,0.2706125221784081,0.4782521240539157,0.5252371870569131,0.2650282724704064,0.4621384434479488
2021-01-21 00:10:00,0.0871746643632364,0.06200307914306765,0.3407296949952604,0.0577147037440985,0.1665984537728704,0.0690065708790102,0.2617384121569531,0.4491661261521725,0.5243684978670486,0.2650282724704064,0.4621384434479488
2021-01-21 00:20:00,0.0887309029155413,0.06196914211692936,0.3589716734288969,0.0577056909747314,-0.3188999575618467,0.06672374572613557,0.2674942647861459,0.4728927816373485,0.526400266647326,0.2650282724704064,0.4621384434479488
2021-01-21 00:30:00,0.0887329408505883,0.061946570068938535,0.35935895368812554,0.0576785323745102,-0.2494254777339222,0.06442032678440834,0.2499884728021221,0.4267827713832205,0.526093663415151,0.2650282724704064,0.4621384434479488
2021-01-21 00:40:00,0.0898054598072052,0.06192703004591701,0.3716890159245107,0.0576776840431112,-0.0093056324393714,0.06294616144361664,0.2589622473971707,0.4472772814189551,0.5247358199709666,0.2650282724704064,0.4621384434479488
2021-01-21 00:50:00,0.0916743717644206,0.061906779493299396,0.39261316406790786,0.0577062561227545,0.2391747009788503,0.06203964394132892,0.2836824555932299,0.5065197609104894,0.523460827298157,0.2650282724704064,0.4621384434479488
2021-01-21 01:00:00,0.0914281064814367,0.061879779900270084,0.3903594731075756,0.0585318343209484,-0.996221592992086,0.07627237784745865,0.2501098691332168,0.4260892115775568,0.5256775782790054,0.2650282724704064,0.4621384434479488
2021-01-21 01:10:00,0.0918281149430033,0.06194689717955698,0.39364099279523124,0.0585343714602466,0.0571306021353024,0.07676665987198164,0.2719352343445783,0.4835228391650574,0.525092820415989,0.2650282724704064,0.4621384434479488
2021-01-21 01:20:00,0.0929974588553479,0.06202366600972863,0.40505614659714195,0.0585232841878377,0.0262822601971635,0.07672743243092274,0.2829286115956136,0.5098538691901039,0.5268109258435049,0.2650282724704064,0.4621384434479488
2021-01-21 01:30:00,0.0932243463890582,0.06209217060127876,0.4063890112111005,0.0585160677862291,0.0017423839612007,0.07689980260826108,0.286481851834933,0.5180347252455341,0.5260819117165185,0.2650282724704064,0.4621384434479488
2021-01-21 01:40:00,0.0933160782625583,0.06214903225433233,0.40645717494472267,0.058559526776409,-0.4053929262980205,0.07911806403043771,0.2792931760632226,0.4991768297026848,0.5278418345389817,0.2650282724704064,0.4621384434479488
2021-01-21 01:50:00,0.0934837451694555,0.06217538672873995,0.40782836305224207,0.0583972275907301,-0.1513412122720936,0.07712614700645229,0.2639963595250081,0.4559964042706529,0.5252371028472868,0.2650282724704064,0.4621384434479488
2021-01-21 02:00:00,0.0936838733177748,0.062190337942786784,0.4097264155577542,0.0578281219248082,-0.1682565381457834,0.06870547363761646,0.2585131204823853,0.4529599924985213,0.5259344884342596,0.2650282724704064,0.4621384434479488
2021-01-21 02:10:00,0.0946080994825514,0.06213051070017321,0.42050590669540355,0.0579115365952463,-0.316783661349973,0.07009124740891269,0.246526341328172,0.4183216493539497,0.5261870379531159,0.2650282724704064,0.4621384434479488
2021-01-21 02:20:00,0.0947815589050399,0.062088840246458915,0.42300859740597496,0.0579034814738951,0.0863194669941336,0.07020830974899064,0.2555278954528935,0.4425571581227112,0.5252776086667466,0.2650282724704064,0.4621384434479488
2021-01-21 02:30:00,0.0948508642339945,0.062063641067993655,0.4241454805013786,0.0579210952831406,-0.3626846539633632,0.07054251591837482,0.2797121284116047,0.5025865405314858,0.5257526217254961,0.2650282724704064,0.4621384434479488
2021-01-21 02:40:00,0.0949990390640936,0.062033033699986015,0.42619973166519187,0.0579426933073305,0.2123853257387509,0.07143863401818529,0.2437104604467563,0.4127892673361754,0.5277699672616153,0.2650282724704064,0.4621384434479488
2021-01-21 02:50:00,0.0953881491137268,0.06200050807649661,0.43081176781763786,0.0578329173064861,-0.0967982398780264,0.0699550644038691,0.2731128421407287,0.4814841017682679,0.5275198817503326,0.2650282724704064,0.4621384434479488
2021-01-21 03:00:00,0.0955451675096036,0.06197899010297705,0.43280363558385293,0.0579007249305704,0.2997700641730105,0.0713440770382131,0.2915639063816713,0.528061228177332,0.5290897155348686,0.2650282724704064,0.4621384434479488
2021-01-21 03:10:00,0.095676433460489,0.061985958385059346,0.43406413206715333,0.057578217912907,-0.1591111803186606,0.06651560471798183,0.284483181070953,0.5164749502472088,0.5273284114300909,0.2650282724704064,0.4621384434479488
2021-01-21 03:20:00,0.0957337816159365,0.06194237112076495,0.4353667763709901,0.0571221049683333,-0.3489046311260679,0.05871195460758307,0.2758154378838195,0.4921612245481234,0.527868303944995,0.2650282724704064,0.4621384434479488
2021-01-21 03:30:00,0.0956890264039038,0.061871562879017974,0.4360429553423987,0.0567524818669815,-0.4297539415805573,0.051409628312773084,0.2570891486158222,0.4445250688068805,0.5248784545282936,0.2650282724704064,0.4621384434479488
2021-01-21 03:40:00,0.0956088448217604,0.06177354871171104,0.43679007636806266,0.0570457040986373,0.5966223700585971,0.0544164531791493,0.2543740501475137,0.4451712645646619,0.5259106705382774,0.2650282724704064,0.4621384434479488
2021-01-21 03:50:00,0.0958505385164604,0.06171076436797587,0.4403317090923303,0.0565546182372307,0.0896147809877234,0.044351918766709165,0.2340776492524474,0.3942849221027238,0.5261502256993391,0.2650282724704064,0.4621384434479488
2021-01-21 04:00:00,0.09625336654431,0.061607058279460926,0.4462075032057632,0.0565482325323873,0.3534832852929881,0.04247238661552248,0.2403688220777665,0.4119475759076073,0.5257392827913656,0.2650282724704064,0.4621384434479488
2021-01-21 04:10:00,0.0962588020998011,0.06150552644226026,0.4479133877491175,0.0565641614089767,-0.1355344829201854,0.04101906839528364,0.269234447137382,0.4782574304187927,0.5264342830139449,0.2650282724704064,0.4621384434479488
2021-01-21 04:20:00,0.0962635760364745,0.061410529059802293,0.44950870944069393,0.0565882308709987,0.2041248782051141,0.039355310813997464,0.2359368800200255,0.3970619051225792,0.5294438248898532,0.2650282724704064,0.4621384434479488
2021-01-21 04:30:00,0.0962967955265843,0.061353232211917255,0.4507871877463822,0.0565921339823899,-0.0771711030372657,0.03843591927940196,0.2659324269160737,0.4706774838792059,0.5274606590454911,0.2650282724704064,0.4621384434479488
2021-01-21 04:40:00,0.0960571918330649,0.06130234666256332,0.4491256385240541,0.0569450860816213,-0.6805901079998122,0.04361253796308977,0.2746050096436504,0.4939461005830109,0.5275388886047406,0.2650282724704064,0.4621384434479488
2021-01-21 04:50:00,0.095915503582014,0.06127233879485302,0.44813913491870666,0.0572370874912973,-0.6087429101487629,0.04807202528432359,0.2746374642515093,0.4961567058185215,0.5262451669198449,0.2650282724704064,0.4621384434479488
2021-01-21 05:00:00,0.0959170900839984,0.06129072686650908,0.4478556164626409,0.0571940497116169,0.013679433721947,0.046764715535723915,0.2704983381952875,0.4851142103628396,0.5271245568933411,0.2650282724704064,0.4621384434479488
2021-01-21 05:10:00,0.0959483898377747,0.0612978382920341,0.4480658631331299,0.057364642408772,-0.4723951638554879,0.04924620702649523,0.251179332489908,0.4384773264469812,0.5251086046356122,0.2650282724704064,0.4621384434479488
2021-01-21 05:20:00,0.0967939154367312,0.061325906912562546,0.4563817565859874,0.057226315217437,0.2551992347695986,0.046709593583485955,0.2470667820230641,0.4349774823597981,0.5260209232861481,0.2650282724704064,0.4621384434479488
2021-01-21 05:30:00,0.0970243650020665,0.06132901404087111,0.4587090893355032,0.0573896985663658,0.504439762807074,0.04884224909486471,0.2370262292501386,0.4015307138861673,0.5265274941054128,0.2650282724704064,0.4621384434479488
2021-01-21 05:40:00,0.096833083817529,0.06133575542607017,0.45662575206165257,0.0578436977258453,0.7255931907447888,0.05592756294420756,0.2494656059454555,0.4366731039079948,0.5263258254334255,0.2650282724704064,0.4621384434479488
2021-01-21 05:50:00,0.0968512728093787,0.061377002042404066,0.45614132641743443,0.0577824243232659,-0.1100025271687954,0.05422470953114781,0.2716933385766788,0.4887633885948435,0.5259699957301336,0.2650282724704064,0.4621384434479488
2021-01-21 06:00:00,0.0970064774252085,0.06144133100566647,0.4566950017448762,0.0577871580013392,0.075293158582923,0.05417290876612127,0.2396569079212878,0.4078114203655503,0.5277981708304846,0.2650282724704064,0.4621384434479488
2021-01-21 06:10:00,0.0971370707087393,0.061473454906213094,0.457517627013893,0.0575644411706841,0.2179321378450893,0.05038281076323313,0.2674431745631687,0.4760001364073106,0.5255014629070953,0.2650282724704064,0.4621384434479488
2021-01-21 06:20:00,0.0972189527275708,0.06147401162271903,0.4583511691060281,0.0572746575719538,-0.0562118422882562,0.04480573542107674,0.2814331503831301,0.5072358942903943,0.5261080042730447,0.2650282724704064,0.4621384434479488
2021-01-21 06:30:00,0.0974603917472697,0.06145317761209233,0.46117051177156254,0.0572097894102694,0.0490646025175678,0.04272056859928391,0.2741489110016989,0.4948535345363775,0.5246872667479892,0.2650282724704064,0.4621384434479488
2021-01-21 06:40:00,0.09759245080978,0.061441538673947735,0.46271401011994734,0.0569784856630806,0.180081445226854,0.03820953203451356,0.2692751740142765,0.4818714091577345,0.5264194830535174,0.2650282724704064,0.4621384434479488
2021-01-21 06:50:00,0.0975765467278437,0.06139763826348473,0.4632657949735443,0.056863240402998,-0.1785539680010828,0.035262991577476414,0.2575321025166283,0.4474068793749718,0.5250780290872703,0.2650282724704064,0.4621384434479488
2021-01-21 07:00:00,0.0978332204696691,0.061342027701147425,0.4667989820759607,0.0568524594171342,0.2647653320753562,0.03436441378341377,0.2512426198463458,0.4411738417938308,0.5268330971390247,0.2650282724704064,0.4621384434479488
2021-01-21 07:10:00,0.097937069901505,0.06129320294158392,0.46865617361788015,0.0564435159828397,-0.2826642189766915,0.025811728255530318,0.2376129650440052,0.4001760647202561,0.5263732335510266,0.2650282724704064,0.4621384434479488
2021-01-21 07:20:00,0.0984990429904533,0.06119889214129222,0.4759177452099173,0.0567081111483324,0.7037941632397349,0.028834003337059974,0.2423340724540447,0.4145392872424608,0.5244733461949258,0.2650282724704064,0.4621384434479488
2021-01-21 07:30:00,0.0986461515685254,0.06116312967451775,0.4779946690750998,0.0566438259547876,-0.1254765142508773,0.026416460816625076,0.268475072422159,0.4757088878161729,0.5247467420693622,0.2650282724704064,0.4621384434479488
2021-01-21 07:40:00,0.0986281800019953,0.06111980524925974,0.47852106352610607,0.0566787944938709,-0.2050936743563269,0.026025464119175112,0.2395806718577934,0.4057560292511996,0.5274097125094306,0.2650282724704064,0.4621384434479488
2021-01-21 07:50:00,0.0986568021229641,0.0610848840509481,0.479382743479229,0.0568153398123599,-0.4017073914512892,0.02849596720893281,0.2631906154722789,0.47210667924097,0.5264053574152223,0.2650282724704064,0.4621384434479488
2021-01-21 08:00:00,0.0988595020011731,0.06106483167961031,0.4817635562455635,0.0574669174923984,-0.8749624501932729,0.04036492965883911,0.2722835456742779,0.4925021768798387,0.5268010669343202,0.2650282724704064,0.4621384434479488
2021-01-21 08:10:00,0.0993639678169935,0.061154776771249635,0.48538157641366286,0.0572630461765847,-0.0467535188938939,0.037945468252764646,0.2738503978003505,0.4963249431170827,0.5261864381184154,0.2650282724704064,0.4621384434479488
2021-01-21 08:20:00,0.0994076220727401,0.06116777935593818,0.48560822176866436,0.0560450111769756,-0.1272208305888256,0.017833489648110216,0.2717028823510362,0.4955655289507095,0.528142281196117,0.2650282724704064,0.4621384434479488
2021-01-21 08:30:00,0.0983979995790275,0.06108456970417497,0.4767611817531309,0.05750141200306,-1.4185209417361122,0.04414366622718377,0.2493421466662381,0.4398414498167227,0.5262590506421214,0.2650282724704064,0.4621384434479488
2021-01-21 08:40:00,0.0985757028946601,0.06113249507441441,0.4777812512130166,0.0574488045934628,-0.155455433411511,0.042571145511151966,0.2447798331455378,0.4349617870852281,0.5268903908892796,0.2650282724704064,0.4621384434479488
2021-01-21 08:50:00,0.1002486794846465,0.06115889185209637,0.4941786318144977,0.059371524298724,-1.5096181617821005,0.07427777421310539,0.2247857982733478,0.3838147590609131,0.5260516193764871,0.2650282724704064,0.4621384434479488
2021-01-21 09:00:00,0.1003010634026649,0.06144626687178383,0.49001321362761835,0.0593669854350313,0.2733813918258221,0.07331613731713404,0.2331627938658192,0.4043475667293378,0.5252769231381572,0.2650282724704064,0.4621384434479488
2021-01-21 09:10:00,0.1000845103939593,0.06162274715498865,0.4849838586564941,0.059700212472124,-0.6757176617719907,0.07839971412678262,0.2552359465824916,0.4606864719579682,0.5255603896146228,0.2650282724704064,0.4621384434479488
2021-01-21 09:20:00,0.0998802880447846,0.061896801433289295,0.4785038440899157,0.0605482614407,-1.0953360249999378,0.09164941956678108,0.223440047258299,0.3849251290799681,0.5288339107735007,0.2650282724704064,0.4621384434479488
2021-01-21 09:30:00,0.0997985743034473,0.0621157955391152,0.47415358457498674,0.0597727475147381,0.6926770708220786,0.07781820655760784,0.2563088217913788,0.4644496152841721,0.5284814143932122,0.2650282724704064,0.4621384434479488
2021-01-21 09:40:00,0.0997406691952581,0.06223516630834915,0.47165329477912565,0.059887429150599,-0.3739062981408025,0.07699423744471613,0.2664963254003245,0.485929314710587,0.5296535466341242,0.2650282724704064,0.4621384434479488
2021-01-21 09:50:00,0.0997618062192694,0.06235231568207515,0.469984595368429,0.0598196157147058,0.0847673651742653,0.07377072255896036,0.263050669175171,0.4767509721078349,0.5276202574622008,0.2650282724704064,0.4621384434479488
2021-01-21 10:00:00,0.0999406816474067,0.062447622826655155,0.47024865583781633,0.0594776112826659,-0.3383430641472174,0.06601758274324358,0.2541182281380158,0.4576615733732082,0.5280531577728869,0.2650282724704064,0.4621384434479488
2021-01-21 10:10:00,0.0984245489398361,0.0625097724278615,0.4539673506734999,0.0621689863295235,-1.9169861040667868,0.10817408023507745,0.2373840519827842,0.4137179584486701,0.52644394338235,0.2650282724704064,0.4621384434479488
2021-01-21 10:20:00,0.097981890316119,0.06279859680426111,0.44484993955830293,0.0632217048131796,1.1490604426098727,0.1221790139481038,0.2336855451500699,0.4134660557129944,0.5276821556372349,0.2650282724704064,0.4621384434479488
2021-01-21 10:30:00,0.0974044597748585,0.06312663167666994,0.4337292622383927,0.0642835741437082,1.1696832729850115,0.13641511435105677,0.214460571170333,0.3654604714959911,0.5281567588672802,0.2650282724704064,0.4621384434479488
2021-01-21 10:40:00,0.0973657598893287,0.0635636415223611,0.4264329749647025,0.0641516627326037,0.2820229773517368,0.1335885681330556,0.2201026504692633,0.3768099518415815,0.526865314899215,0.2650282724704064,0.4621384434479488
2021-01-21 10:50:00,0.0972590966019223,0.0639176821660329,0.41978247712926153,0.0641698462335704,-0.5168092516679934,0.133546229618807,0.2529867091564077,0.4482637733190411,0.5271281926244031,0.2650282724704064,0.4621384434479488
2021-01-21 11:00:00,0.0985431825242042,0.06422248892915451,0.42814140916560056,0.0641189882506121,0.2090061874230997,0.13237546426413896,0.2295425309157008,0.3928527034569012,0.5298629021531238,0.2650282724704064,0.4621384434479488
2021-01-21 11:10:00,0.0985628652212846,0.06448703573024625,0.42423036302655365,0.0627899527427924,-0.3639982076887094,0.11049811783013355,0.2525422867533667,0.4523000734277598,0.5284070473578436,0.2650282724704064,0.4621384434479488
2021-01-21 11:20:00,0.0983085664738414,0.06457849448785705,0.4202297168809236,0.0636099761703298,-1.0371346843207618,0.11994041876641175,0.2641243101827061,0.4754261707105789,0.5285716721215781,0.2650282724704064,0.4621384434479488
2021-01-21 11:30:00,0.098258494434961,0.0647681275404037,0.41678808095388953,0.0633492788973254,0.6070542153185698,0.11307481315726589,0.2599678318765151,0.4676188231169797,0.5260830030941873,0.2650282724704064,0.4621384434479488
2021-01-21 11:40:00,0.0982524494866191,0.06488926119474663,0.4148580385342909,0.0634175405681391,0.3004264130131773,0.11029950290641691,0.2517397722700455,0.4487325402460134,0.5271834507218195,0.2650282724704064,0.4621384434479488
2021-01-21 11:50:00,0.0969517334872683,0.06496452118843585,0.400371968741026,0.065383013353861,-1.5957073591316373,0.1369193373849145,0.2292202479391779,0.3933545701938132,0.5263203216969443,0.2650282724704064,0.4621384434479488
2021-01-21 12:00:00,0.0944871917746468,0.0653357339829381,0.36892517401338637,0.0687392438354749,-2.201509989562922,0.1848845652009494,0.2265923901444593,0.3941038335204522,0.5281467835651821,0.2650282724704064,0.4621384434479488
2021-01-21 12:10:00,0.0942825467520837,0.06590504526599132,0.35808109234599816,0.0691767089522586,0.8986880687709586,0.18918616031315846,0.2164187846736607,0.3611703589688657,0.528822690179515,0.2650282724704064,0.4621384434479488
2021-01-21 12:20:00,0.0942178757157947,0.066432308055578,0.34942642176774685,0.0689273867257899,-0.3675624214173112,0.18311288707017748,0.22532792523735,0.3817539141982872,0.5286537270859054,0.2650282724704064,0.4621384434479488
2021-01-21 12:30:00,0.0921531583342924,0.06686850511222117,0.32072387668532515,0.0716447900262494,1.97107331039863,0.2201729502860445,0.2545451113711786,0.4494460367999761,0.5279571042711306,0.2650282724704064,0.4621384434479488
2021-01-21 12:40:00,0.0923580486199235,0.06766801669904034,0.3110592148927885,0.0716140686627814,0.3063221615475342,0.219009177455352,0.2210243976479238,0.3687517813596792,0.5293577303806034,0.2650282724704064,0.4621384434479488
2021-01-21 12:50:00,0.092414245516399,0.06825766052730604,0.30299146909499847,0.0713715819827535,0.112039307107814,0.21524608750855354,0.249983809699582,0.4412991576388246,0.5285002861494137,0.2650282724704064,0.4621384434479488
2021-01-21 13:00:00,0.092682671166701,0.06871725835446066,0.2991811395513729,0.0705502670995581,-0.0052957050920454,0.20283133554335742,0.2627662911091086,0.4714188574295525,0.5293786606824022,0.2650282724704064,0.4621384434479488
2021-01-21 13:10:00,0.0925267404988725,0.06905338490255321,0.2926177895251718,0.0707440343470288,0.6008094533729746,0.2032457172710524,0.2564584724740895,0.4637113296280346,0.5282601789097098,0.2650282724704064,0.4621384434479488
2021-01-21 13:20:00,0.0932396926783406,0.06936417886450237,0.29580293856512724,0.0707504337197968,-0.1264188213886186,0.2014201174715783,0.2455503341428347,0.4367131616971892,0.5288293707642001,0.2650282724704064,0.4621384434479488
2021-01-21 13:30:00,0.0932220420328215,0.06955024834224609,0.2929347071633678,0.0704217112011826,-0.1918012554634529,0.19515645804150356,0.2302649460805761,0.3930080649468577,0.5279577194309335,0.2650282724704064,0.4621384434479488
2021-01-21 13:40:00,0.0931725948896078,0.06974448117025579,0.289615337638628,0.0703022160365822,-0.3037442054665717,0.1910227855865045,0.2334175534550213,0.4122728732797486,0.5298563924542115,0.2650282724704064,0.4621384434479488
2021-01-21 13:50:00,0.0930993621901344,0.0699004423262981,0.28659535624857235,0.0704025810795838,-0.4324516574936154,0.19016816255191074,0.2162487476133403,0.3678617541307853,0.5296333411098961,0.2650282724704064,0.4621384434479488
2021-01-21 14:00:00,0.0928157641368758,0.07001244156086077,0.2819435346903134,0.0712602046225617,-1.1180285887469663,0.20028127037661683,0.2252042642645201,0.3869992764094817,0.528148187414827,0.2650282724704064,0.4621384434479488
2021-01-21 14:10:00,0.0928336534521906,0.07022534518244831,0.2790999306546859,0.0712638024404449,0.0766005885987297,0.19829850644759822,0.2523124668819452,0.4512099113710235,0.526968261619012,0.2650282724704064,0.4621384434479488
2021-01-21 14:20:00,0.0922371417110719,0.07034863322959399,0.27089953273886896,0.0719151717916058,-1.1265436166512544,0.20585680770641931,0.2232924601517196,0.3780481696493801,0.5287698007697567,0.2650282724704064,0.4621384434479488
2021-01-21 14:30:00,0.0924000055131843,0.07057391643962349,0.2694664176098579,0.0715762560156615,-0.283099173381629,0.1997078764182679,0.246193144167043,0.4379094474715078,0.528038717279714,0.2650282724704064,0.4621384434479488
2021-01-21 14:40:00,0.092372360597677,0.07073558513328,0.26687903410368946,0.0714505995785854,0.2601810007984539,0.19560533897040625,0.2593745589495249,0.4683125441843266,0.529999399261007,0.2650282724704064,0.4621384434479488
2021-01-21 14:50:00,0.0916670855602755,0.0708115736474122,0.2581409218002873,0.0724664885016527,-1.2716032285334578,0.20758125542794473,0.2599351233712442,0.4706062419783257,0.5288484250536445,0.2650282724704064,0.4621384434479488
2021-01-21 15:00:00,0.0908395861463837,0.071016452198843,0.2461835900661623,0.0735911081680437,1.282193657609021,0.22111954910456272,0.2484203107789045,0.4430039593263844,0.5305439843854438,0.2650282724704064,0.4621384434479488
2021-01-21 15:10:00,0.0907476592742314,0.07133729748767917,0.24066338262404896,0.0737527470422346,0.4888768634391027,0.22141444361004836,0.2323425944522585,0.3971951392058536,0.5282390368123693,0.2650282724704064,0.4621384434479488
2021-01-21 15:20:00,0.0903095406841185,0.07160349122093602,0.23209927741158884,0.0735955184360986,-0.9280707882895812,0.21783084812321377,0.2280702934677758,0.3959254280677337,0.5288126667175999,0.2650282724704064,0.4621384434479488
2021-01-21 15:30:00,0.0903379791764453,0.07181498897923357,0.22946474646339807,0.0735674130787218,-0.095202116312798,0.21448732146745364,0.218393864776677,0.3634298788650091,0.5292653021721552,0.2650282724704064,0.4621384434479488
2021-01-21 15:40:00,0.0903317385168158,0.07200961072486117,0.22668928486252066,0.0735651571959969,0.3033967601862031,0.2121757180132602,0.230777949812666,0.3925350870089166,0.5282674863868775,0.2650282724704064,0.4621384434479488
2021-01-21 15:50:00,0.0903500788926247,0.0721758893444525,0.22458584269691625,0.0732434256848914,-0.4411347843095825,0.2059739379881007,0.2577004236836624,0.4620636120471635,0.5278258014031898,0.2650282724704064,0.4621384434479488
2021-01-21 16:00:00,0.0887157432165423,0.07229004003490022,0.20475100109347133,0.0743207341649846,1.7454139193509022,0.2182769687041447,0.2258969494823829,0.3833347929729266,0.5295562682763186,0.2650282724704064,0.4621384434479488
2021-01-21 16:10:00,0.0887738177824311,0.07249385715496276,0.2025899323565421,0.0724582451312001,0.3023069702406289,0.19171780683817713,0.2592180341526108,0.4606104848409202,0.5291824867860373,0.2650282724704064,0.4621384434479488
2021-01-21 16:20:00,0.0895097730179371,0.07248866231958885,0.21091764721758435,0.0725084408020307,-0.2999301683276556,0.18676432486602018,0.2753617181745739,0.5030069989488101,0.5308714857988617,0.2650282724704064,0.4621384434479488
2021-01-21 16:30:00,0.0892816856138954,0.07250723754682384,0.2081099934285526,0.0727774162902963,-0.6616449231568566,0.18564004057071706,0.268891265804535,0.490679524084995,0.5295941551323085,0.2650282724704064,0.4621384434479488
2021-01-21 16:40:00,0.0888501268633307,0.07246567306831288,0.2038380076206267,0.0733854276660983,-1.0635846063475896,0.18806951074443065,0.2606311777180551,0.4670257431712119,0.5301529242008972,0.2650282724704064,0.4621384434479488
2021-01-21 16:50:00,0.0883291113623069,0.07254879634424323,0.19681035179137277,0.073938483928521,-0.9806048647742928,0.19138990436558195,0.2409701827974441,0.4152994988835985,0.5275867870241822,0.2650282724704064,0.4621384434479488
2021-01-21 17:00:00,0.0868481422717548,0.07267654107621456,0.1781424511214901,0.0756250426511916,1.6184807817730018,0.210565136851634,0.2397694404709967,0.4199641406015039,0.5294035221024075,0.2650282724704064,0.4621384434479488
2021-01-21 17:10:00,0.0862421563198716,0.07295980085894486,0.16725049425008603,0.0761970428559798,-1.029201091049714,0.21534139719792794,0.2205364283209765,0.3736710853696437,0.5299269103985116,0.2650282724704064,0.4621384434479488
2021-01-21 17:20:00,0.0850113387716073,0.07331958856594242,0.14795683343564464,0.0775678926752261,1.4551616276193613,0.2306613503541152,0.2280965517887872,0.3920666284996725,0.5299535882727648,0.2650282724704064,0.4621384434479488
2021-01-21 17:30:00,0.0850469885568454,0.07373091703214375,0.1427817006688839,0.0775359450199487,0.1491709368801608,0.22863346705110085,0.2589792244578042,0.464077850647891,0.5296672065089858,0.2650282724704064,0.4621384434479488
2021-01-21 17:40:00,0.0849570634213375,0.07415883366336938,0.1359367988133973,0.0774397157714054,0.394283408770768,0.22650816336156532,0.2218477205810832,0.3761746066724682,0.5324189535919299,0.2650282724704064,0.4621384434479488
2021-01-21 17:50:00,0.0850192922202898,0.07445070511998221,0.13274096789533527,0.0773589271497588,0.0674508201910839,0.22418701596901658,0.2502643965749314,0.4434776790119359,0.5307493857035567,0.2650282724704064,0.4621384434479488
2021-01-21 18:00:00,0.0843918666829353,0.07466748220242536,0.12242634516125438,0.078097043727923,-1.0714903893369154,0.23254795967507066,0.2579742584719301,0.4637179126297346,0.5305299234521572,0.2650282724704064,0.4621384434479488
2021-01-21 18:10:00,0.0845172547750858,0.07496803593802003,0.11989387683963061,0.0780456960870527,-0.2035000933389597,0.23154060441121618,0.2536788349062054,0.4552347007107246,0.5293027263978722,0.2650282724704064,0.4621384434479488
2021-01-21 18:20:00,0.0840296325926467,0.07519437816783175,0.11109303584030093,0.0786043417348389,0.9425233212608576,0.237340571543773,0.2459091411610625,0.4375978540053523,0.5303762517901739,0.2650282724704064,0.4621384434479488
2021-01-21 18:30:00,0.084120212369555,0.07548462546243821,0.10831787617452109,0.0786128979356421,0.2245240001585102,0.2374521859394414,0.226056222558077,0.3933368719402308,0.5284409654880049,0.2650282724704064,0.4621384434479488
2021-01-21 18:40:00,0.0843873248945677,0.07575630358625066,0.10789555476228156,0.0787410701440097,-0.5243397954092899,0.23893715873865257,0.2206157511741674,0.3886139117876561,0.5288710077569356,0.2650282724704064,0.4621384434479488
2021-01-21 18:50:00,0.0850975094462634,0.07591532889200979,0.11417914325306795,0.0783010625952747,0.0852949920606249,0.2329601209302563,0.2138133459420498,0.3608089374429313,0.5291467767828921,0.2650282724704064,0.4621384434479488
2021-01-21 19:00:00,0.0851285730574314,0.07606910671445194,0.11252051183281936,0.0782696457862147,0.240605258274229,0.2321005511103048,0.2305359964858775,0.4022936877538138,0.5287209797432676,0.2650282724704064,0.4621384434479488
2021-01-21 19:10:00,0.0838132975430431,0.07616024252619762,0.09575210188913047,0.0796673476277369,1.503816310982664,0.24986489535328985,0.2539091331093936,0.457029372961198,0.5277867948016429,0.2650282724704064,0.4621384434479488
2021-01-21 19:20:00,0.0841244077625338,0.07641326784470649,0.09614040398658125,0.0799945949857967,0.7398138844891378,0.2541276830075287,0.2216359316690552,0.377431870855838,0.5290626685015123,0.2650282724704064,0.4621384434479488
2021-01-21 19:30:00,0.0842236651404264,0.07668007553094687,0.09383403724167329,0.0799845974952889,-0.0082863237954811,0.25450286751862167,0.2462789205385094,0.439164301077199,0.526877734994058,0.2650282724704064,0.4621384434479488
2021-01-21 19:40:00,0.0842371087475904,0.076896889833554,0.0911701142303011,0.079761212710811,0.0587260153787738,0.2523890775541621,0.254915984684215,0.4597206223333385,0.5276733824119039,0.2650282724704064,0.4621384434479488
2021-01-21 19:50:00,0.0841964004640739,0.0770578981737729,0.08859510686670463,0.0798535215527347,-0.393268361112753,0.25371543790687867,0.2461770787180519,0.4432977582058759,0.5268497054630272,0.2650282724704064,0.4621384434479488
2021-01-21 20:00:00,0.084300448537693,0.07718439835078537,0.08818984302021914,0.0797652242348076,-0.3412888372769984,0.2532545168324494,0.2395384398185647,0.4273022884452371,0.5288080861576887,0.2650282724704064,0.4621384434479488
2021-01-21 20:10:00,0.0845619364535814,0.07731551363970486,0.0895896122765792,0.0797901345379328,0.1994117091269842,0.25403085836522465,0.2266787390458972,0.3905444613691171,0.527205174235388,0.2650282724704064,0.4621384434479488
2021-01-21 20:20:00,0.0844643218938282,0.07743453275264697,0.08689637840103853,0.0799606407494847,-0.5566290162335008,0.2568106863666003,0.2218968775670682,0.3871529966879116,0.5287692414960581,0.2650282724704064,0.4621384434479488
2021-01-21 20:30:00,0.0845073785701906,0.07754926515597446,0.08592543707557036,0.0799721774446922,0.1366299717856733,0.2575997911454664,0.2126841190328364,0.3550859063179687,0.5277359546571702,0.2650282724704064,0.4621384434479488
2021-01-21 20:40:00,0.0846287842551906,0.07763650518643671,0.0862367039338894,0.0799290421233755,-0.2843779594478235,0.2577447706505679,0.2203320757639073,0.3750151627349555,0.5260132638604598,0.2650282724704064,0.4621384434479488
2021-01-21 20:50:00,0.0841668506071778,0.07767406900542205,0.08027967603807606,0.0803527698163845,-0.8833311747126871,0.263570615049459,0.2492266739484883,0.4418153814562789,0.5258406475062696,0.2650282724704064,0.4621384434479488
2021-01-21 21:00:00,0.0841019643933814,0.0777929953082971,0.07797853200140215,0.0801172872468326,0.3393385176240215,0.26117682667183717,0.2158546325618511,0.3651185286372874,0.5281463798861895,0.2650282724704064,0.4621384434479488
2021-01-21 21:10:00,0.084096292652273,0.07788123156402914,0.07677748940452593,0.0801234267720058,0.1082931760986838,0.26147666276703874,0.2402372882566197,0.43077313780273,0.5277459309447969,0.2650282724704064,0.4621384434479488
2021-01-21 21:20:00,0.0840569120887973,0.07794517203593071,0.07548843738620936,0.0801787036848363,-0.323072784557965,0.26230522381021415,0.2488591846014778,0.4481733603922584,0.5281017987777261,0.2650282724704064,0.4621384434479488
2021-01-21 21:30:00,0.0837716653744107,0.0779850579020866,0.07157758530741774,0.0805032610442217,-0.7327623123158489,0.26673401335403946,0.2494493330378218,0.4466613481379212,0.5271421586964877,0.2650282724704064,0.4621384434479488
2021-01-21 21:40:00,0.083836109030949,0.07806588340370436,0.07131068084892156,0.0807413586685081,-0.7167700280227507,0.26964857147888965,0.2499780423539721,0.4507575647039825,0.5289833443763902,0.2650282724704064,0.4621384434479488
2021-01-21 21:50:00,0.0834659612413599,0.0781836160167112,0.06537878719359357,0.0811317748529205,-0.8010930585014009,0.2746533331167241,0.2280606745893821,0.398387909316352,0.5269389486678955,0.2650282724704064,0.4621384434479488
2021-01-21 22:00:00,0.0823738812674753,0.07830726008267477,0.05062809169819795,0.0825214397186165,-1.5082413396662275,0.29130355563454435,0.2238667027508142,0.393350720824362,0.5274252380640649,0.2650282724704064,0.4621384434479488
2021-01-21 22:10:00,0.0823997300375338,0.07856853449822221,0.04761086583269993,0.0823317743683715,0.0817466215430329,0.28984904515960175,0.2094234122983559,0.3526513421540435,0.5256290043309753,0.2650282724704064,0.4621384434479488
2021-01-21 22:20:00,0.0803366292693467,0.07876628364613743,0.019740639440713897,0.0843114296972525,-1.845621722526936,0.3138141788072441,0.2180561031614598,0.3726581503807881,0.5246065633500292,0.2650282724704064,0.4621384434479488
2021-01-21 22:30:00,0.0802561846353056,0.07923110988847186,0.012854802831081506,0.0844701546707456,0.5419230905980399,0.31562364402325194,0.2396631126347781,0.4261161645996264,0.52487635766499,0.2650282724704064,0.4621384434479488
2021-01-21 22:40:00,0.0792988044369549,0.07957734948597404,-0.0035064460907158375,0.0855069323166603,1.3309975738506452,0.3276552727806463,0.2052283832789466,0.3460398928028027,0.5278829131521041,0.2650282724704064,0.4621384434479488
2021-01-21 22:50:00,0.0799186495388338,0.08012658431492631,-0.002598451551260797,0.0855686358854108,0.3483882120992376,0.32941336726138387,0.2334972771670501,0.4151925970815346,0.5267144359188078,0.2650282724704064,0.4621384434479488
2021-01-21 23:00:00,0.0796041892669761,0.08053343056214342,-0.011605664255612028,0.0858294906479996,0.7129076699445847,0.3333894837853853,0.2415688757707585,0.4323842918677274,0.5278869416191734,0.2650282724704064,0.4621384434479488
2021-01-21 23:10:00,0.0796907765907841,0.08092531376941617,-0.01537282458194753,0.0847974921748071,-0.0134562681925132,0.3220151962937387,0.2432245500318262,0.4355226246455147,0.5258395569097108,0.2650282724704064,0.4621384434479488
2021-01-21 23:20:00,0.0795839321316812,0.08102532525492981,-0.017949548441401855,0.0844167461405729,-0.4574323052231932,0.31439802760265834,0.2349814045489061,0.4175942239976259,0.5260516103335182,0.2650282724704064,0.4621384434479488
2021-01-21 23:30:00,0.0785276388872794,0.08114558496760975,-0.032794236103287244,0.0853806233749423,1.292488125412028,0.32354010163307595,0.2204738011863914,0.3782734181332751,0.5245146836131319,0.2650282724704064,0.4621384434479488
2021-01-21 23:40:00,0.0782714922840491,0.08132325085469841,-0.03824851055495227,0.0857906714783484,-0.8377858330023358,0.32575767567822056,0.2228707000898679,0.3925092375998595,0.5256864261008998,0.2650282724704064,0.4621384434479488
2021-01-21 23:50:00,0.0778704057931722,0.08153674469676962,-0.0460077930800951,0.0861123962723321,-0.8223549942279362,0.3280047748992851,0.2091992276184718,0.3565964980865657,0.5257176622761444,0.2650282724704064,0.4621384434479488
2021-01-22 00:00:00,0.0782616059840189,0.08178148700184282,-0.0439937600169022,0.0864419472333276,-0.8143830324970125,0.33225007094251424,0.2179108006061906,0.3752629532498587,0.5248789466395212,0.2468266891409941,0.4338957904662761
2021-01-22 00:10:00,0.0774444467145073,0.08205580540782219,-0.057838706810039615,0.0871746643632364,-1.1401200368096551,0.3407296949952604,0.249437776584814,0.4443486821380127,0.5250510951661436,0.2468266891409941,0.4338957904662761
2021-01-22 00:20:00,0.0756372636691701,0.08234946841130303,-0.08502293394242323,0.0887309029155413,-1.6849947882933591,0.3589716734288969,0.2215217183219747,0.3820563896307122,0.5278033027397109,0.2468266891409941,0.4338957904662761
2021-01-22 00:30:00,0.0756486970869012,0.082766388775917,-0.0899218291436285,0.0887329408505883,-0.2565729268857453,0.35935895368812554,0.2442096053449313,0.4390413621262626,0.5268802777154271,0.2468266891409941,0.4338957904662761
2021-01-22 00:40:00,0.0744097648056157,0.08311661891213333,-0.11065748816146219,0.0898054598072052,1.3838153007863951,0.3716890159245107,0.2551370926421281,0.4601491293075131,0.5270720360472729,0.2468266891409941,0.4338957904662761
2021-01-22 00:50:00,0.0721024931464887,0.08354328877701342,-0.1472763032851978,0.0916743717644206,-1.857122184931548,0.39261316406790786,0.2517033151771221,0.4516358998073508,0.5244677151744723,0.2468266891409941,0.4338957904662761
2021-01-22 01:00:00,0.0718620593171344,0.08409793716766034,-0.15723359972636552,0.0914281064814367,-0.7358937600910664,0.3903594731075756,0.2468228808578154,0.4387699443267603,0.5255316016843614,0.2468266891409941,0.4338957904662761
2021-01-22 01:10:00,0.0715299036121745,0.08468792543034617,-0.1688574399898647,0.0918281149430033,-0.8580817546977926,0.39364099279523124,0.2232966471787499,0.3829469295429938,0.5244279050672507,0.2468266891409941,0.4338957904662761
2021-01-22 01:20:00,0.0701706103621099,0.0851150793271215,-0.19307464770485816,0.0929974588553479,1.4703527987759202,0.40505614659714195,0.2206994650898841,0.3855612361287994,0.5267137150844625,0.2468266891409941,0.4338957904662761
2021-01-22 01:30:00,0.0699090574972606,0.08561529060119966,-0.20266867693960366,0.0932243463890582,0.6500131514451724,0.4063890112111005,0.2110378745543067,0.3534028865291259,0.5263711591007194,0.2468266891409941,0.4338957904662761
2021-01-22 01:40:00,0.0699033720661221,0.08607877829707809,-0.20814901430179808,0.0933160782625583,0.5791894776844941,0.40645717494472267,0.2162606118085989,0.365551428308577,0.5262226052539924,0.2468266891409941,0.4338957904662761
2021-01-22 01:50:00,0.069735405404133,0.0865003372586973,-0.2154401555851021,0.0934837451694555,0.5797461932344206,0.40782836305224207,0.2476579207012121,0.4344441313641706,0.5255537182603548,0.2468266891409941,0.4338957904662761
2021-01-22 02:00:00,0.0694629108967395,0.08688177128466833,-0.2237552897290783,0.0936838733177748,-0.6347325040996665,0.4097264155577542,0.2130252797476667,0.353443136523389,0.5268195345942797,0.2468266891409941,0.4338957904662761
2021-01-22 02:10:00,0.0691135128977631,0.08725390693374538,-0.23307207135118158,0.0946080994825514,1.3566855077330686,0.42050590669540355,0.239190826953572,0.4173294485905166,0.5265404034353285,0.2468266891409941,0.4338957904662761
2021-01-22 02:20:00,0.0689579026788636,0.08767852105028259,-0.24018074317062013,0.0947815589050399,0.5796251013148179,0.42300859740597496,0.2532400977814745,0.4492620762166062,0.5274095937658505,0.2468266891409941,0.4338957904662761
2021-01-22 02:30:00,0.0687737990141862,0.0880340193961374,-0.24690047969724743,0.0948508642339945,0.5128016506230182,0.4241454805013786,0.2481315230221497,0.4445887823276416,0.5260363665808803,0.2468266891409941,0.4338957904662761
2021-01-22 02:40:00,0.0685443317295704,0.08837314473926335,-0.254087416474688,0.0949990390640936,-0.5713294130748281,0.42619973166519187,0.2386399747406741,0.41882762585121,0.5263694221800179,0.2468266891409941,0.4338957904662761
2021-01-22 02:50:00,0.0679949232951156,0.08867893586520427,-0.2655893399959976,0.0953881491137268,0.8661325427770095,0.43081176781763786,0.2252592650681195,0.3797294421477611,0.5251510661156749,0.2468266891409941,0.4338957904662761
2021-01-22 03:00:00,0.0678522776296999,0.08897603891032463,-0.2710341534374342,0.0955451675096036,-0.6242295429812472,0.43280363558385293,0.2283969641341595,0.3974608943664542,0.5273368679142101,0.2468266891409941,0.4338957904662761
2021-01-22 03:10:00,0.0676928788976972,0.08925113486749332,-0.2764731479445225,0.095676433460489,-0.5256664536700484,0.43406413206715333,0.2113089571387847,0.3501101777268532,0.5268811947153706,0.2468266891409941,0.4338957904662761
2021-01-22 03:20:00,0.0675644723706786,0.08945975951233014,-0.2807066215377304,0.0957337816159365,0.4811493212150353,0.4353667763709901,0.2179883417634996,0.3640480100502065,0.5256906590055284,0.2468266891409941,0.4338957904662761
2021-01-22 03:30:00,0.0675128831545291,0.08968947233251887,-0.28403495566079634,0.0956890264039038,0.3146692973517773,0.4360429553423987,0.2402416078107533,0.4171371068800398,0.5240749525450187,0.2468266891409941,0.4338957904662761
2021-01-22 03:40:00,0.0673712378007844,0.08989617702745464,-0.2884372278723993,0.0956088448217604,0.4500806513268784,0.43679007636806266,0.2075749909189027,0.3413440329153702,0.5258891969251492,0.2468266891409941,0.4338957904662761
2021-01-22 03:50:00,0.0671524033905631,0.09005892299176552,-0.2934994423165242,0.0958505385164604,0.6861312311880141,0.4403317090923303,0.2319047396667956,0.4061927100136333,0.5254091003944852,0.2468266891409941,0.4338957904662761
2021-01-22 04:00:00,0.0665078272310248,0.09023556008824454,-0.30510394193199614,0.09625336654431,0.9480500014028336,0.4462075032057632,0.2439457358419238,0.4338700034579449,0.5271818385669295,0.2468266891409941,0.4338957904662761
2021-01-22 04:10:00,0.0674673136052143,0.09043998333887739,-0.2930432254774932,0.0962588020998011,-0.1698048933750584,0.4479133877491175,0.2467370669094525,0.4407329792763367,0.5258199016859131,0.2468266891409941,0.4338957904662761
2021-01-22 04:20:00,0.0674837092935207,0.09057656119029195,-0.2943092481190238,0.0962635760364745,-0.2255168781191585,0.44950870944069393,0.2388145313043799,0.4195637208852847,0.5269461766548622,0.2468266891409941,0.4338957904662761
2021-01-22 04:30:00,0.0674514089743258,0.09071868429978915,-0.29635586540322684,0.0962967955265843,-0.2644294853659801,0.4507871877463822,0.2238610574986846,0.3775555313537221,0.5243388635642473,0.2468266891409941,0.4338957904662761
2021-01-22 04:40:00,0.0674825990652381,0.09084630224811487,-0.29729931926857467,0.0960571918330649,-0.0481210635950191,0.4491256385240541,0.2210131990416985,0.3805042088641346,0.5252795988317087,0.2468266891409941,0.4338957904662761
2021-01-22 04:50:00,0.0674116106708744,0.09095020937901865,-0.29949493886589734,0.095915503582014,-0.3139509134046037,0.44813913491870666,0.2091934458986911,0.3446352413786158,0.5256486210505693,0.2468266891409941,0.4338957904662761
2021-01-22 05:00:00,0.0674225949507272,0.0910245076141583,-0.30014858630284397,0.0959170900839984,-0.0568379698107079,0.4478556164626409,0.2171277596368442,0.3657408573301564,0.5250261848989183,0.2468266891409941,0.4338957904662761
2021-01-22 05:10:00,0.0675669313043482,0.09107892487075962,-0.29860775542409246,0.0959483898377747,0.5321753598497736,0.4480658631331299,0.2418616452198129,0.4262619907205802,0.525130502930165,0.2468266891409941,0.4338957904662761
2021-01-22 05:20:00,0.0663758346675147,0.09114040596933116,-0.31706818566290523,0.0967939154367312,1.301849523002474,0.4563817565859874,0.2076640115566945,0.3428102810814192,0.526697783773432,0.2468266891409941,0.4338957904662761
2021-01-22 05:30:00,0.0669516792498313,0.09127613152983673,-0.30991817042444914,0.0970243650020665,0.8373248229405661,0.4587090893355032,0.2424701797418248,0.4213745097293955,0.5265690463439365,0.2468266891409941,0.4338957904662761
2021-01-22 05:40:00,0.0681097888701116,0.09142827672528989,-0.29443385856450294,0.096833083817529,0.3945537403685861,0.45662575206165257,0.263841938012319,0.4718910352591842,0.5283319091976191,0.2468266891409941,0.4338957904662761
2021-01-22 05:50:00,0.0681662425078146,0.09153423198800652,-0.2947635579873687,0.0968512728093787,-0.2175541032123362,0.45614132641743443,0.2581004155237364,0.4620686230148618,0.5266838874389759,0.2468266891409941,0.4338957904662761
2021-01-22 06:00:00,0.0679992162689164,0.09162170909694659,-0.29817206282267406,0.0970064774252085,-0.5536652745453452,0.4566950017448762,0.2519131239591508,0.4445928478275111,0.5268847945262247,0.2468266891409941,0.4338957904662761
2021-01-22 06:10:00,0.0677797583155647,0.09171396012108379,-0.3024110040931792,0.0971370707087393,0.5486646070023582,0.457517627013893,0.2331523564083943,0.3968610334986777,0.5238300577457435,0.2468266891409941,0.4338957904662761
2021-01-22 06:20:00,0.0677059829715345,0.09181214578985407,-0.3045700451760728,0.0972189527275708,0.4028677288189897,0.4583511691060281,0.2298828272807841,0.3988198134062163,0.5258288136395859,0.2468266891409941,0.4338957904662761
2021-01-22 06:30:00,0.0674882724470084,0.09191269695299716,-0.30888533909363575,0.0974603917472697,-0.6873421535715352,0.46117051177156254,0.2125534467857839,0.3528236721459036,0.5270492675671066,0.2468266891409941,0.4338957904662761
2021-01-22 06:40:00,0.0673455819599211,0.09201132194859171,-0.3120743316505305,0.09759245080978,-0.538529741235827,0.46271401011994734,0.2214109595726179,0.3732014605516897,0.5273775362958848,0.2468266891409941,0.4338957904662761
2021-01-22 06:50:00,0.0679434070714186,0.09212101675159562,-0.3044280024279841,0.0975765467278437,0.0290117597952388,0.4632657949735443,0.2516001320023699,0.4416614121509771,0.5270443315929245,0.2468266891409941,0.4338957904662761
2021-01-22 07:00:00,0.067530195269599,0.09221565377605309,-0.31155506162241614,0.0978332204696691,0.7560861342644998,0.4667989820759607,0.218021991959138,0.3610510912491985,0.5298065988070488,0.2468266891409941,0.4338957904662761
2021-01-22 07:10:00,0.0673297264769184,0.09231490722252216,-0.31560379671357786,0.097937069901505,-0.5321704566618735,0.46865617361788015,0.2501597041226252,0.4380960168931461,0.5284962494576126,0.2468266891409941,0.4338957904662761
2021-01-22 07:20:00,0.0662785145122327,0.09243657680393037,-0.33265697317564913,0.0984990429904533,-1.2646123183170488,0.4759177452099173,0.260055046731568,0.461925777111893,0.5287715780960358,0.2468266891409941,0.4338957904662761
2021-01-22 07:30:00,0.0666263597130886,0.09258775948941649,-0.3290566552459532,0.0986461515685254,-0.5529573655190134,0.4779946690750998,0.2613291057767521,0.4687738932134347,0.5276818121474879,0.2468266891409941,0.4338957904662761
2021-01-22 07:40:00,0.0666466995625895,0.0927772866821157,-0.3307963277962478,0.0986281800019953,-0.0813026907056979,0.47852106352610607,0.2559593030281876,0.4580837917817352,0.5286328247965429,0.2468266891409941,0.4338957904662761
2021-01-22 07:50:00,0.066572793775505,0.09289502589058318,-0.3331741095487022,0.0986568021229641,-0.4667290162220894,0.479382743479229,0.2349835325581122,0.4102467483169517,0.5272957986651003,0.2468266891409941,0.4338957904662761
2021-01-22 08:00:00,0.0659510440167838,0.09299967208467744,-0.34368325770893837,0.0988595020011731,-1.079779883657217,0.4817635562455635,0.2290803068592419,0.4030381292750948,0.5289748830941086,0.2468266891409941,0.4338957904662761
2021-01-22 08:10:00,0.0652512032428312,0.09308836479090767,-0.35530471454396406,0.0993639678169935,1.0010771876807212,0.48538157641366286,0.2204375309756651,0.3699056625545872,0.5295377113639057,0.2468266891409941,0.4338957904662761
2021-01-22 08:20:00,0.0652389946407642,0.09324386899813077,-0.3571609408851243,0.0994076220727401,0.3208697522948611,0.48560822176866436,0.2355954888554929,0.4088302120498116,0.5295054791879126,0.2468266891409941,0.4338957904662761
2021-01-22 08:30:00,0.0652950400620624,0.0933765884545839,-0.35772457764308635,0.0983979995790275,0.1229292972386275,0.4767611817531309,0.2606153279195732,0.4692404312610159,0.5286847890788253,0.2468266891409941,0.4338957904662761
2021-01-22 08:40:00,0.0651887008764629,0.09340145860519446,-0.3596208073970562,0.0985757028946601,-0.611714959762466,0.4777812512130166,0.226706197837402,0.3876303238307931,0.5302833679416885,0.2468266891409941,0.4338957904662761
2021-01-22 08:50:00,0.0613009474780901,0.0934403944902365,-0.4215284416918525,0.1002486794846465,2.3675371943800982,0.4941786318144977,0.2548661115216684,0.4574487026893949,0.5283703546156067,0.2468266891409941,0.4338957904662761
2021-01-22 09:00:00,0.0611590811403782,0.09356694421103211,-0.4251988038868984,0.1003010634026649,-0.4240202805252835,0.49001321362761835,0.2682920682399616,0.487107959956966,0.5288804022476157,0.2468266891409941,0.4338957904662761
2021-01-22 09:10:00,0.0611613429777361,0.09374835457193513,-0.42709877421145287,0.1000845103939593,-0.1505103629726889,0.4849838586564941,0.2605789476537934,0.4731499787950057,0.5277664848971386,0.2468266891409941,0.4338957904662761
2021-01-22 09:20:00,0.062188257003232,0.09381852155585362,-0.411196106710439,0.0998802880447846,0.8896000217898603,0.4785038440899157,0.2536449173026903,0.456469083559738,0.5296009007679554,0.2468266891409941,0.4338957904662761
2021-01-22 09:30:00,0.0620463621701379,0.09396874352511315,-0.41508032874719264,0.0997985743034473,-0.5627045897789174,0.47415358457498674,0.2385360034579076,0.4158396938521102,0.5272811584725167,0.2468266891409941,0.4338957904662761
2021-01-22 09:40:00,0.0620271268288129,0.09406263224843148,-0.4163890420516442,0.0997406691952581,0.1557642608608134,0.47165329477912565,0.2316518987262572,0.4068635826385889,0.5293365447876774,0.2468266891409941,0.4338957904662761
2021-01-22 09:50:00,0.0622042664438796,0.09412953509131333,-0.414248276802263,0.0997618062192694,-0.2221584847131197,0.469984595368429,0.2229912246820673,0.3728602670741591,0.5291143427578571,0.2468266891409941,0.4338957904662761
2021-01-22 10:00:00,0.0619035435760114,0.09419352775238864,-0.41977404687271314,0.0999406816474067,0.6868003416050428,0.47024865583781633,0.2293182000952448,0.3888491536468409,0.5280219972157668,0.2468266891409941,0.4338957904662761
2021-01-22 10:10:00,0.0613837098262519,0.09426673431940685,-0.42898387535255694,0.0984245489398361,-0.8169183446367967,0.4539673506734999,0.2596330692230761,0.4570938099798552,0.5281809326903946,0.2468266891409941,0.4338957904662761
2021-01-22 10:20:00,0.0610925213409767,0.09417751421441908,-0.4327919921066263,0.097981890316119,-0.6715131122090767,0.44484993955830293,0.2305946248088957,0.3888482465661208,0.5294852166232348,0.2468266891409941,0.4338957904662761
2021-01-22 10:30:00,0.0609026236147716,0.09406534500602835,-0.4347134459068318,0.0974044597748585,0.4898351765865172,0.4337292622383927,0.256679052640401,0.4578136373654601,0.5281639286265007,0.2468266891409941,0.4338957904662761
2021-01-22 10:40:00,0.0609001788315165,0.09388935829140972,-0.4328809383722897,0.0973657598893287,-0.0645066484800338,0.4264329749647025,0.2678266479982894,0.4802540560834295,0.5284182669121125,0.2468266891409941,0.4338957904662761
2021-01-22 10:50:00,0.0608513449270911,0.09373435673042356,-0.432030867861048,0.0972590966019223,0.2439232103879973,0.41978247712926153,0.2713268233612199,0.4841133026218936,0.527146308426177,0.2468266891409941,0.4338957904662761
2021-01-22 11:00:00,0.0587171027462989,0.09355937228745773,-0.46586518955830375,0.0985431825242042,1.5993602121307404,0.42814140916560056,0.2699499624686646,0.4834111768614107,0.5286447910647125,0.2468266891409941,0.4338957904662761
2021-01-22 11:10:00,0.0610514225632103,0.09357039037544947,-0.42699748940026033,0.0985628652212846,0.4138725425846701,0.42423036302655365,0.2470377668878782,0.4270462753840766,0.5261405781526827,0.2468266891409941,0.4338957904662761
2021-01-22 11:20:00,0.0606571567213507,0.09361135429031044,-0.4339140538663195,0.0983085664738414,-0.7582920074396426,0.4202297168809236,0.2431432793707025,0.4220672080835979,0.5273273081632583,0.2468266891409941,0.4338957904662761
2021-01-22 11:30:00,0.0604791378369588,0.0935928061880346,-0.43665504713607656,0.098258494434961,-0.5197015347022216,0.41678808095388953,0.2281722987353585,0.3785830671275675,0.5264311746814145,0.2468266891409941,0.4338957904662761
2021-01-22 11:40:00,0.0604551156600163,0.09357095738823734,-0.4368188512385077,0.0982524494866191,0.279959005194641,0.4148580385342909,0.2385355409525086,0.4036912699414967,0.5256762780435178,0.2468266891409941,0.4338957904662761
2021-01-22 11:50:00,0.0608401256913397,0.09355625904271353,-0.4303134230152062,0.0969517334872683,0.0850290341215753,0.400371968741026,0.2604788263089423,0.4600795316784477,0.5260733493292269,0.2468266891409941,0.4338957904662761
2021-01-22 12:00:00,0.0612545002617121,0.09334026437918753,-0.421214252563109,0.0944871917746468,0.3585443722485593,0.36892517401338637,0.2268499401016093,0.3812479575885726,0.5290600488513477,0.2468266891409941,0.4338957904662761
2021-01-22 12:10:00,0.0610045671802951,0.092973314396019,-0.42136377682056547,0.0942825467520837,-0.6491012023952081,0.35808109234599816,0.2580584604388133,0.4586224915620598,0.5276023234017454,0.2468266891409941,0.4338957904662761
2021-01-22 12:20:00,0.0610234161856242,0.09261337896180084,-0.41717595003585306,0.0942178757157947,-0.1148780092927737,0.34942642176774685,0.2653127858477249,0.474980400889287,0.5285221730575889,0.2468266891409941,0.4338957904662761
2021-01-22 12:30:00,0.0610415886745102,0.09227920217717203,-0.41326337417863945,0.0921531583342924,0.1926002618070299,0.32072387668532515,0.2644817088442034,0.4720713892923081,0.5265009279873334,0.2468266891409941,0.4338957904662761
2021-01-22 12:40:00,0.0606719067866241,0.09169687772137337,-0.41300755956053736,0.0923580486199235,-0.6869343531990424,0.3110592148927885,0.2532772472100319,0.4487228475905776,0.5269283308632313,0.2468266891409941,0.4338957904662761
2021-01-22 12:50:00,0.0608070873406291,0.09129821830428747,-0.4064249223900093,0.092414245516399,0.3411584693195024,0.30299146909499847,0.2331652167789586,0.3991347567883234,0.5251372762840167,0.2468266891409941,0.4338957904662761
2021-01-22 13:00:00,0.0604899608890059,0.09095719140458297,-0.40791155615821517,0.092682671166701,0.7048940677774951,0.2991811395513729,0.2322055976640631,0.4058604999962237,0.5268355389261246,0.2468266891409941,0.4338957904662761
2021-01-22 13:10:00,0.0612971261025998,0.0906691623317258,-0.3914843436259294,0.0925267404988725,0.2686516829855989,0.2926177895251718,0.2190273368100684,0.3719579625532606,0.5268186018070191,0.2468266891409941,0.4338957904662761
2021-01-22 13:20:00,0.0603100476104104,0.09039658315578598,-0.40470775284382615,0.0932396926783406,1.157759712746298,0.29580293856512724,0.2258935490097597,0.3867833388831816,0.5261776119967863,0.2468266891409941,0.4338957904662761
2021-01-22 13:30:00,0.0603205707591277,0.09030059333580254,-0.4034708452769239,0.0932220420328215,-0.062257704540336,0.2929347071633678,0.2604896081186013,0.4624546605533766,0.5265799246312719,0.2468266891409941,0.4338957904662761
2021-01-22 13:40:00,0.0605075362720753,0.09016430449978587,-0.39886568773137887,0.0931725948896078,0.0096808725270847,0.289615337638628,0.2361890801726939,0.4067932899200595,0.5292850685331798,0.2468266891409941,0.4338957904662761
2021-01-22 13:50:00,0.0607376118298827,0.0900360490052304,-0.3936469937060014,0.0930993621901344,-0.2249498911703895,0.28659535624857235,0.2597277740418667,0.4665863221356254,0.5272039195131415,0.2468266891409941,0.4338957904662761
2021-01-22 14:00:00,0.0601715037959883,0.08995208944186041,-0.40207830767791336,0.0928157641368758,0.8501389570410467,0.2819435346903134,0.271826498845755,0.4916766432562867,0.5270941881550213,0.2468266891409941,0.4338957904662761
2021-01-22 14:10:00,0.060170968471736,0.0898254645783837,-0.40067852033083856,0.0928336534521906,-0.1976842428376812,0.2790999306546859,0.2671056513399951,0.4830018328283848,0.5245276712540263,0.2468266891409941,0.4338957904662761
2021-01-22 14:20:00,0.0602152305058687,0.0897622716294189,-0.39923943051610544,0.0922371417110719,0.4063637504589934,0.27089953273886896,0.2581308304428287,0.4634144168265642,0.5254128656253065,0.2468266891409941,0.4338957904662761
2021-01-22 14:30:00,0.0599172676559962,0.08960614981365793,-0.4024592156359609,0.0924000055131843,-0.6171322549102243,0.2694664176098579,0.2338134703393709,0.4046875432695761,0.5239403454731049,0.2468266891409941,0.4338957904662761
2021-01-22 14:40:00,0.0599058854333521,0.08948831006897072,-0.40133324838775175,0.092372360597677,0.1288952624587835,0.26687903410368946,0.2318158971175039,0.4068905611415652,0.5266954654586226,0.2468266891409941,0.4338957904662761
2021-01-22 14:50:00,0.0597319526067125,0.08941067241750748,-0.4033729565637599,0.0916670855602755,0.564792438062689,0.2581409218002873,0.2254102476718432,0.3806323118511875,0.5267837749455686,0.2468266891409941,0.4338957904662761
2021-01-22 15:00:00,0.0600183262238289,0.08924852591109712,-0.3967749514715664,0.0908395861463837,0.3657580305702623,0.2461835900661623,0.2340020994303545,0.3990846703395921,0.5265159541973623,0.2468266891409941,0.4338957904662761
2021-01-22 15:10:00,0.0600730961998089,0.0889904657082754,-0.392967146390152,0.0907476592742314,-0.2684643601362779,0.24066338262404896,0.2652446233375214,0.4696908340771242,0.5256779605849591,0.2468266891409941,0.4338957904662761
2021-01-22 15:20:00,0.0600204500163837,0.08877024752879484,-0.3913662057468887,0.0903095406841185,-0.2609025418065513,0.23209927741158884,0.2341876129232733,0.3999249911230175,0.5269114514748191,0.2468266891409941,0.4338957904662761
2021-01-22 15:30:00,0.0599738653583889,0.08856019059137626,-0.3897735505433358,0.0903379791764453,-0.2458391222416978,0.22946474646339807,0.2642517454231253,0.4749089032006894,0.5259387300918024,0.2468266891409941,0.4338957904662761
2021-01-22 15:40:00,0.0600765444710058,0.08835037090494868,-0.3856909065495584,0.0903317385168158,-0.2842087471501386,0.22668928486252066,0.2763566150457483,0.5054202151987084,0.5264820589397464,0.2468266891409941,0.4338957904662761
2021-01-22 15:50:00,0.0599001246899793,0.08815983943988664,-0.38647293741258876,0.0903500788926247,0.4772186315086912,0.22458584269691625,0.270919985383279,0.4987397661589469,0.5255359412395004,0.2468266891409941,0.4338957904662761
2021-01-22 16:00:00,0.059827796031607,0.0880228241426663,-0.38612577656154545,0.0887157432165423,-0.3463136374206144,0.20475100109347133,0.2620759545297836,0.4752976526777679,0.5263248180441968,0.2468266891409941,0.4338957904662761
2021-01-22 16:10:00,0.0599310507348691,0.08772859670417364,-0.38105317337237055,0.0887738177824311,-0.4409827619127782,0.2025899323565421,0.2468453732393687,0.431433844071542,0.5251029048774027,0.2468266891409941,0.4338957904662761
2021-01-22 16:20:00,0.0589171118401286,0.08748810074826417,-0.3953712206022481,0.0895097730179371,1.184080033788426,0.21091764721758435,0.2520892170547674,0.4535484816204819,0.5278439340772296,0.2468266891409941,0.4338957904662761
2021-01-22 16:30:00,0.0589507402760947,0.08733966997663414,-0.39310258484611754,0.0892816856138954,0.1731277207658976,0.2081099934285526,0.2350481056695216,0.4085174100700486,0.5272541897633146,0.2468266891409941,0.4338957904662761
2021-01-22 16:40:00,0.0587702236410227,0.08719966121957964,-0.39456511983324083,0.0888501268633307,-0.6020538103646444,0.2038380076206267,0.242526154524556,0.4234902422454894,0.5260119934534988,0.2468266891409941,0.4338957904662761
2021-01-22 16:50:00,0.0587428630976124,0.08702648292590744,-0.39304280732557717,0.0883291113623069,-0.1960984575857693,0.19681035179137277,0.2673433249023486,0.4834362122806013,0.5247027124866226,0.2468266891409941,0.4338957904662761
2021-01-22 17:00:00,0.0587214874946692,0.08682607769011036,-0.39110129478374744,0.0868481422717548,-0.1586160804272651,0.1781424511214901,0.2327156042845793,0.4042218551395105,0.5261947746618606,0.2468266891409941,0.4338957904662761
2021-01-22 17:10:00,0.0587164416749374,0.08649736412776783,-0.3873941566709254,0.0862421563198716,0.101744740797649,0.16725049425008603,0.2518913999699186,0.4572785599553873,0.5255005385065934,0.2468266891409941,0.4338957904662761
2021-01-22 17:20:00,0.0587085261000026,0.08610000811237599,-0.3829245406452379,0.0850113387716073,-0.0983732326087505,0.14795683343564464,0.2614550235518603,0.4797923506875706,0.5269727502129234,0.2468266891409941,0.4338957904662761
2021-01-22 17:30:00,0.0588464863557094,0.08567477346473304,-0.3756262967956246,0.0850469885568454,-0.2878843463646419,0.1427817006688839,0.2589432875459287,0.4758054824065467,0.5253489916575912,0.2468266891409941,0.4338957904662761
2021-01-22 17:40:00,0.0588444452096414,0.0852396500245052,-0.3705692611656728,0.0849570634213375,-0.0508235410187296,0.1359367988133973,0.2478775936872468,0.4492778335167212,0.526844931874805,0.2468266891409941,0.4338957904662761
2021-01-22 17:50:00,0.0587653986563257,0.08490591415675838,-0.3679905276898671,0.0850192922202898,0.3321503541517501,0.13274096789533527,0.2318657220760162,0.4063207465744722,0.5244570142389697,0.2468266891409941,0.4338957904662761
2021-01-22 18:00:00,0.0587168320053426,0.08465485733286568,-0.3658560563134925,0.0843918666829353,0.2918266272194714,0.12242634516125438,0.2264091882435008,0.4030761869196926,0.525799280614639,0.2468266891409941,0.4338957904662761
2021-01-22 18:10:00,0.0585143769590111,0.08435419691621814,-0.3657520796990833,0.0845172547750858,0.5031940111461353,0.11989387683963061,0.2163160083306525,0.371097465410483,0.525988762633626,0.2468266891409941,0.4338957904662761
2021-01-22 18:20:00,0.0587680162827738,0.08410352231764086,-0.3584506824486316,0.0840296325926467,-0.2578336682921289,0.11109303584030093,0.2283747078979095,0.3984514981352373,0.5248660509606016,0.2468266891409941,0.4338957904662761
2021-01-22 18:30:00,0.0586320331428104,0.08384087236653709,-0.3576394377621423,0.084120212369555,0.4502452454891781,0.10831787617452109,0.2529142304268639,0.4595585661284009,0.5244853855230984,0.2468266891409941,0.4338957904662761
2021-01-22 18:40:00,0.0581743985076483,0.08360670748741571,-0.36267838020174625,0.0843873248945677,0.8514910208996085,0.10789555476228156,0.2188920730976929,0.3779080482765094,0.5260196794262519,0.2468266891409941,0.4338957904662761
2021-01-22 18:50:00,0.0571306874940579,0.08347154982409086,-0.37916444661116844,0.0850975094462634,1.100422803574297,0.11417914325306795,0.2511663442536938,0.451731470368844,0.5247397211744186,0.2468266891409941,0.4338957904662761
2021-01-22 19:00:00,0.0570926161194436,0.08337347969548242,-0.37865547612843065,0.0851285730574314,-0.3328201596728419,0.11252051183281936,0.2667404448727517,0.4908075866740566,0.525949954285879,0.2468266891409941,0.4338957904662761
2021-01-22 19:10:00,0.0570887887685453,0.08333485669686294,-0.37825915581372627,0.0838132975430431,0.1985256648895372,0.09575210188913047,0.2592104893422932,0.4746828692842015,0.5236307646810716,0.2468266891409941,0.4338957904662761
2021-01-22 19:20:00,0.0561447819359658,0.08315493004472786,-0.3927717487851902,0.0841244077625338,1.0343094059646063,0.09614040398658125,0.2520071958569084,0.4539461455484891,0.5239106452164743,0.2468266891409941,0.4338957904662761
2021-01-22 19:30:00,0.0560093427766313,0.08305431391425248,-0.39397626617280573,0.0842236651404264,-0.4088600568142198,0.09383403724167329,0.233732086679354,0.4068967638145155,0.5210895680821177,0.2468266891409941,0.4338957904662761
2021-01-22 19:40:00,0.0563419866823447,0.08294135485341164,-0.3866937658246185,0.0842371087475904,0.1615424078973859,0.0911701142303011,0.2330725946346015,0.4132913761444723,0.5224849913280518,0.2468266891409941,0.4338957904662761
2021-01-22 19:50:00,0.0564458314136906,0.0828564397810027,-0.38382802681729605,0.0841964004640739,0.2934171320589485,0.08859510686670463,0.2157492045032824,0.3679675717520306,0.5226581118272633,0.2468266891409941,0.4338957904662761
2021-01-22 20:00:00,0.0564251737283531,0.08280586273558703,-0.38358346324590276,0.084300448537693,-0.5401812621194324,0.08818984302021914,0.2258794331250477,0.3925254418626998,0.5226860625827516,0.2468266891409941,0.4338957904662761
2021-01-22 20:10:00,0.0560001440883468,0.08274422921666284,-0.39040001052437673,0.0845619364535814,0.693772124670744,0.0895896122765792,0.2565055347578979,0.4636798269337424,0.5218044870434244,0.2468266891409941,0.4338957904662761
2021-01-22 20:20:00,0.0559071550422975,0.08270098333915556,-0.39153912324718454,0.0844643218938282,0.3805806402853662,0.08689637840103853,0.2184424239177563,0.3761438737231494,0.5240023804093166,0.2468266891409941,0.4338957904662761
2021-01-22 20:30:00,0.0559933053274101,0.0826606724227942,-0.3895118079893049,0.0845073785701906,-0.3023596325618882,0.08592543707557036,0.2481951283590429,0.4466440413985843,0.5224845100022899,0.2468266891409941,0.4338957904662761
2021-01-22 20:40:00,0.0558520194223434,0.08266664312954734,-0.3921104899471212,0.0846287842551906,-0.5349876081560012,0.0862367039338894,0.2571092106134904,0.4686063825414846,0.5221896207521379,0.2468266891409941,0.4338957904662761
2021-01-22 20:50:00,0.0558524730899483,0.08269775972682587,-0.3924787070420772,0.0841668506071778,0.0234548590531957,0.08027967603807606,0.2543079865828559,0.4639310321216489,0.5211266754293469,0.2468266891409941,0.4338957904662761
2021-01-22 21:00:00,0.0558765954895611,0.08263247947222885,-0.3912572100390141,0.0841019643933814,-0.0772487313119185,0.07797853200140215,0.2497760473224302,0.4544503117233878,0.5218789737597872,0.2468266891409941,0.4338957904662761
2021-01-22 21:10:00,0.0559754083070162,0.08256655366146198,-0.3886922222608095,0.084096292652273,-0.0467722385726787,0.07677748940452593,0.2286404091369147,0.4074375414360826,0.5202094996488814,0.2468266891409941,0.4338957904662761
2021-01-22 21:20:00,0.0560070240187338,0.0825302388480234,-0.3876876459000079,0.0840569120887973,0.195336490683573,0.07548843738620936,0.2238749208807099,0.4013755835991335,0.5218742189482982,0.2468266891409941,0.4338957904662761
2021-01-22 21:30:00,0.0560983895890401,0.08250402293901722,-0.38573994901003555,0.0837716653744107,0.2412780622744748,0.07157758530741774,0.2175045653393841,0.3735250456142371,0.5222256039906212,0.2468266891409941,0.4338957904662761
2021-01-22 21:40:00,0.0570674282204576,0.08243152601993062,-0.36773444113784315,0.083836109030949,-0.7885251115475,0.07131068084892156,0.231255208557043,0.4097685064716747,0.5223734933940973,0.2468266891409941,0.4338957904662761
2021-01-22 21:50:00,0.0571118823748485,0.0823672833739101,-0.3661761189927616,0.0834659612413599,-0.1499505696202163,0.06537878719359357,0.2525638656268247,0.4611538738591531,0.5213738713914462,0.2468266891409941,0.4338957904662761
2021-01-22 22:00:00,0.0567595741876744,0.08228804993572648,-0.37140154558856175,0.0823738812674753,0.6809465690620797,0.05062809169819795,0.2170133744743196,0.3761810985049256,0.5229198490086816,0.2468266891409941,0.4338957904662761
2021-01-22 22:10:00,0.0570112346604971,0.08211021243286379,-0.3648140511714312,0.0823997300375338,0.2219785170620269,0.04761086583269993,0.240238915479821,0.4353893391683315,0.5210099069926899,0.2468266891409941,0.4338957904662761
2021-01-22 22:20:00,0.0569685036757248,0.08196435951307679,-0.3637859646758986,0.0803366292693467,-0.2211435363815184,0.019740639440713897,0.2517567949203256,0.4626819251156929,0.5214147515955616,0.2468266891409941,0.4338957904662761
2021-01-22 22:30:00,0.0572271502392875,0.0815474762746508,-0.35415694131290043,0.0802561846353056,-0.4055765460197591,0.012854802831081506,0.2469198034168965,0.4550509507073773,0.5208790727582022,0.2468266891409941,0.4338957904662761
2021-01-22 22:40:00,0.0570429351930384,0.08124660544576869,-0.3536848079224985,0.0792988044369549,-0.493970313620018,-0.0035064460907158375,0.2404955819988147,0.4394168792234842,0.5231071740566626,0.2468266891409941,0.4338957904662761
2021-01-22 22:50:00,0.0560731899217335,0.08075569025520472,-0.36477062688607215,0.0799186495388338,-1.0527468528259476,-0.002598451551260797,0.2274898206152829,0.4040115899904777,0.5217288398256421,0.2468266891409941,0.4338957904662761
2021-01-22 23:00:00,0.0561081229112118,0.08046953794100978,-0.36059810666511716,0.0796041892669761,0.0812489586515141,-0.011605664255612028,0.223045714150021,0.3993681512987589,0.5241900311449266,0.2468266891409941,0.4338957904662761
2021-01-22 23:10:00,0.0560324380902252,0.08016413181716443,-0.3581454059886241,0.0796907765907841,0.3716319672077972,-0.01537282458194753,0.2166236141112706,0.3723757173822831,0.5237310246762531,0.2468266891409941,0.4338957904662761
2021-01-22 23:20:00,0.0560480723210366,0.07996858277253499,-0.3554240854023298,0.0795839321316812,0.1976565527362694,-0.017949548441401855,0.2258079717574924,0.3965340350185942,0.522816960372549,0.2468266891409941,0.4338957904662761
2021-01-22 23:30:00,0.0561470481929564,0.07977217315968589,-0.3512006265960289,0.0785276388872794,-0.020092561816476,-0.032794236103287244,0.2538824954389334,0.4620684486005243,0.5229533214342308,0.2468266891409941,0.4338957904662761
2021-01-22 23:40:00,0.0562104699366975,0.07950695867753654,-0.34674151101039374,0.0782714922840491,-0.547950229116978,-0.03824851055495227,0.2195275339192148,0.3848201873350745,0.5249873393727756,0.2468266891409941,0.4338957904662761
2021-01-22 23:50:00,0.0561661453754506,0.07924787577406607,-0.34426642835343324,0.0778704057931722,0.2236150190510599,-0.0460077930800951,0.2445770477753598,0.4503744961560157,0.5240896660264517,0.2468266891409941,0.4338957904662761
2021-01-23 00:00:00,0.0551822723393439,0.07897325140646914,-0.35846745691148796,0.0782616059840189,-1.128719828683877,-0.0439937600169022,0.2540674246391246,0.4689047266217959,0.5245967834881,0.2405998696156963,0.4234351724025024
2021-01-23 00:10:00,0.0551877677513839,0.07878307505460758,-0.3559568602039542,0.0774444467145073,-0.1658531142856745,-0.057838706810039615,0.2585642155165721,0.4741225736937446,0.5236220273131298,0.2405998696156963,0.4234351724025024
2021-01-23 00:20:00,0.0551218517981244,0.07853083476847816,-0.3539451253631921,0.0756372636691701,0.2697048776155952,-0.08502293394242323,0.2591970445299459,0.4772908325250324,0.525438409316394,0.2405998696156963,0.4234351724025024
2021-01-23 00:30:00,0.0550756846774599,0.07812740211654823,-0.34963253033583547,0.0756486970869012,-0.2883172257645228,-0.0899218291436285,0.2366166289178355,0.4227936712687123,0.5227633591960926,0.2405998696156963,0.4234351724025024
2021-01-23 00:40:00,0.0550444783405493,0.077786440685519,-0.34582557623320037,0.0744097648056157,0.2362669285016494,-0.11065748816146219,0.2343637286759604,0.4216383500645174,0.5239396590445325,0.2405998696156963,0.4234351724025024
2021-01-23 00:50:00,0.0549830555304792,0.07735612031497975,-0.3413946423384442,0.0721024931464887,0.2616620050542195,-0.1472763032851978,0.22102252453426,0.3812209319049971,0.5225337987991514,0.2405998696156963,0.4234351724025024
2021-01-23 01:00:00,0.0548174039985974,0.07679141841647018,-0.3370851597936041,0.0718620593171344,-0.442040880168193,-0.15723359972636552,0.2259361140655422,0.396394995635259,0.521819358086002,0.2405998696156963,0.4234351724025024
2021-01-23 01:10:00,0.0546622572209943,0.07612987806170103,-0.3312673282940254,0.0715299036121745,-0.5099212806126019,-0.1688574399898647,0.2481514268739428,0.4491958572951061,0.5225729035731919,0.2405998696156963,0.4234351724025024
2021-01-23 01:20:00,0.0544553753446215,0.07562641883228598,-0.3284241123412396,0.0701706103621099,0.4856046036735506,-0.19307464770485816,0.2155811543558788,0.3724812601434349,0.5253993847419751,0.2405998696156963,0.4234351724025024
2021-01-23 01:30:00,0.0544045570734483,0.07506436860554305,-0.3218980734400152,0.0699090574972606,0.2369276528691344,-0.20266867693960366,0.2460161861520583,0.4451345292270175,0.5244150353423149,0.2405998696156963,0.4234351724025024
2021-01-23 01:40:00,0.0541108673491984,0.07454960229878924,-0.3204296656096144,0.0699033720661221,0.5722862148038743,-0.20814901430179808,0.2545879793613319,0.4629667497778063,0.5256520430155743,0.2405998696156963,0.4234351724025024
2021-01-23 01:50:00,0.054249396257978,0.07408276253624782,-0.3115910174252232,0.069735405404133,-0.3186833149234402,-0.2154401555851021,0.2551612029988476,0.4634048762135344,0.5237032580627087,0.2405998696156963,0.4234351724025024
2021-01-23 02:00:00,0.0542428793505295,0.07365686135702779,-0.3059455726455179,0.0694629108967395,0.1535499445019184,-0.2237552897290783,0.2455990404245286,0.4420382810504223,0.5236667856476418,0.2405998696156963,0.4234351724025024
2021-01-23 02:10:00,0.0536919342196423,0.07325077126524675,-0.3106259875781141,0.0691135128977631,-1.1646511559698425,-0.23307207135118158,0.2289079697807045,0.3997770649760187,0.5218913994105375,0.2405998696156963,0.4234351724025024
2021-01-23 02:20:00,0.0535862319609454,0.07285747391685635,-0.30721295192892656,0.0689579026788636,-0.3480115315012355,-0.24018074317062013,0.2265986374553313,0.4033988027733183,0.5232993524886882,0.2405998696156963,0.4234351724025024
2021-01-23 02:30:00,0.0535781810515599,0.07252227197587306,-0.30275179908397193,0.0687737990141862,-0.0969351465782253,-0.24690047969724743,0.2118016345338877,0.3631987413507839,0.5233948644097336,0.2405998696156963,0.4234351724025024
2021-01-23 02:40:00,0.0535758918125546,0.0722012330016257,-0.29835793605875854,0.0685443317295704,0.1063819173616309,-0.254087416474688,0.2186429601916974,0.3766122023713925,0.5230557298665234,0.2405998696156963,0.4234351724025024
2021-01-23 02:50:00,0.0535825038346027,0.07190099480828294,-0.29406750683604793,0.0679949232951156,-0.0052343299582702,-0.2655893399959976,0.2498197057951762,0.4433735891658553,0.5231050097573693,0.2405998696156963,0.4234351724025024
2021-01-23 03:00:00,0.0534012344928312,0.07159608755630727,-0.293206565863062,0.0678522776296999,0.4425860126831438,-0.2710341534374342,0.2241107504305908,0.3861225640389187,0.5256521886975084,0.2405998696156963,0.4234351724025024
2021-01-23 03:10:00,0.053353001041637,0.0713052742328188,-0.29004006897658774,0.0676928788976972,0.2454953354307676,-0.2764731479445225,0.2504960376021717,0.4523263867866472,0.5237081284296456,0.2405998696156963,0.4234351724025024
2021-01-23 03:20:00,0.0532998691754357,0.07108166242235747,-0.2878955143854801,0.0675644723706786,-0.2404691290053051,-0.2807066215377304,0.261960554357707,0.4754025992528535,0.5236393018068561,0.2405998696156963,0.4234351724025024
2021-01-23 03:30:00,0.0533352031007631,0.07083412473315617,-0.28374428824682585,0.0675128831545291,0.1712641754275878,-0.28403495566079634,0.2596145524050575,0.4720347079116642,0.521109085264537,0.2405998696156963,0.4234351724025024
2021-01-23 03:40:00,0.0533854481350633,0.07059396782517777,-0.27940649728374306,0.0673712378007844,0.1073103090405425,-0.2884372278723993,0.2546084889278967,0.4595354485685537,0.521489060364239,0.2405998696156963,0.4234351724025024
2021-01-23 03:50:00,0.0536287583320639,0.07038621909606219,-0.27191203228706234,0.0671524033905631,-0.4199905351340405,-0.2934994423165242,0.231878190782749,0.4042594190186745,0.5204551443835673,0.2405998696156963,0.4234351724025024
2021-01-23 04:00:00,0.0535943400540128,0.07018846852783538,-0.2697405650594983,0.0665078272310248,0.1930202678201098,-0.30510394193199614,0.2306194140175986,0.4091563044715418,0.5232020480865194,0.2405998696156963,0.4234351724025024
2021-01-23 04:10:00,0.0524440901987455,0.0699297679062365,-0.28774376922454536,0.0674673136052143,1.1464322583297104,-0.2930432254774932,0.2224148225494793,0.3791500836352277,0.5228923309817302,0.2405998696156963,0.4234351724025024
2021-01-23 04:20:00,0.0523763318716102,0.06984734946944439,-0.28785733149931914,0.0674837092935207,-0.2701555318653348,-0.2943092481190238,0.2260560283676171,0.3885028245922219,0.522836053234206,0.2405998696156963,0.4234351724025024
2021-01-23 04:30:00,0.0523564747792641,0.06974821941207822,-0.28681628005745097,0.0674514089743258,-0.1622913393386937,-0.29635586540322684,0.2569107037189574,0.4553340872078384,0.5219355633121354,0.2405998696156963,0.4234351724025024
2021-01-23 04:40:00,0.0525341324322146,0.06965891916910241,-0.2821476491005144,0.0674825990652381,-0.2107170532744007,-0.29729931926857467,0.223534746545162,0.3785343651318293,0.523039140430207,0.2405998696156963,0.4234351724025024
2021-01-23 04:50:00,0.0530083193255813,0.06957309622060302,-0.27192907441560416,0.0674116106708744,-0.0529711473001626,-0.29949493886589734,0.2548175751681307,0.4533819290413445,0.5223037400974953,0.2405998696156963,0.4234351724025024
2021-01-23 05:00:00,0.0530277934730315,0.06948227399980617,-0.27025548842604025,0.0674225949507272,-0.1343172412424209,-0.30014858630284397,0.2702223932318853,0.4884046267449686,0.5224949130359066,0.2405998696156963,0.4234351724025024
2021-01-23 05:10:00,0.0526085952178946,0.06943115377152197,-0.2774561548150478,0.0675669313043482,-0.6914112911994508,-0.29860775542409246,0.2665571608731169,0.4862165564921812,0.5207713050190605,0.2405998696156963,0.4234351724025024
2021-01-23 05:20:00,0.0525316135453764,0.06936902983772353,-0.2780253608309597,0.0663758346675147,0.3153163487183974,-0.31706818566290523,0.2600612444623041,0.4678889043137823,0.5214478958351793,0.2405998696156963,0.4234351724025024
2021-01-23 05:30:00,0.0511172012329035,0.06921371507193354,-0.30307797806138465,0.0669516792498313,1.2119703481285882,-0.30991817042444914,0.2480272529247792,0.4303244006032931,0.5196648371608776,0.2405998696156963,0.4234351724025024
2021-01-23 05:40:00,0.0494907856357776,0.06912702420914406,-0.3341592392540323,0.0681097888701116,1.3114238482000218,-0.29443385856450294,0.2511368188941751,0.4487393707518274,0.5220256631792637,0.2405998696156963,0.4234351724025024
2021-01-23 05:50:00,0.0494824120590238,0.0693069355739956,-0.33692768712349386,0.0681662425078146,0.3525089571267514,-0.2947635579873687,0.2358860548835691,0.403491582313108,0.5215238360415293,0.2405998696156963,0.4234351724025024
2021-01-23 06:00:00,0.04949763109859,0.06935616476513069,-0.3373302244877664,0.0679992162689164,-0.2812706734875547,-0.29817206282267406,0.2444809577911811,0.4202873070113904,0.5203791847673221,0.2405998696156963,0.4234351724025024
2021-01-23 06:10:00,0.0495678852453274,0.06938153460889941,-0.3362776110555722,0.0677797583155647,-0.0552728891239695,-0.3024110040931792,0.2691927648668738,0.4768383727786295,0.5190381499307188,0.2405998696156963,0.4234351724025024
2021-01-23 06:20:00,0.0495305339025107,0.06938451145671909,-0.3370743388294003,0.0677059829715345,-0.2496944836741121,-0.3045700451760728,0.2381301041780191,0.4054414242243101,0.5204226790295493,0.2405998696156963,0.4234351724025024
2021-01-23 06:30:00,0.049407537999046,0.06937770254030227,-0.33946252321689124,0.0674882724470084,-0.42202738474586,-0.30888533909363575,0.2624447140134752,0.4681608324905317,0.5203629821936735,0.2405998696156963,0.4234351724025024
2021-01-23 06:40:00,0.049494291938585,0.06936059526399549,-0.33746156611958406,0.0673455819599211,0.3124407121099182,-0.3120743316505305,0.2740542843587977,0.4934406449410216,0.522248411797795,0.2405998696156963,0.4234351724025024
2021-01-23 06:50:00,0.0486801747359808,0.06932296147202781,-0.3535043280946185,0.0679434070714186,-0.8997962167773821,-0.3044280024279841,0.2747692153699105,0.497858274968605,0.5207964333433894,0.2405998696156963,0.4234351724025024
2021-01-23 07:00:00,0.0487990800258384,0.06935095904312835,-0.3514685149418868,0.067530195269599,0.1089648071799231,-0.31155506162241614,0.2649356915754357,0.4769703655215661,0.521850614940127,0.2405998696156963,0.4234351724025024
2021-01-23 07:10:00,0.0488882207799287,0.06934412642237377,-0.3495449648538146,0.0673297264769184,0.1133725628555737,-0.31560379671357786,0.2493988653936547,0.4336651423458984,0.5198497600739399,0.2405998696156963,0.4234351724025024
2021-01-23 07:20:00,0.0488481623273073,0.06930034472484965,-0.3497331214704252,0.0662785145122327,0.4412918541682131,-0.33265697317564913,0.2437338880371918,0.4307575770495574,0.5210708120579612,0.2405998696156963,0.4234351724025024
2021-01-23 07:30:00,0.048084960242097,0.06916626281126526,-0.36354376077369616,0.0666263597130886,-0.8763932192675128,-0.3290566552459532,0.2307080576539186,0.3911456281848703,0.5215679678162813,0.2405998696156963,0.4234351724025024
2021-01-23 07:40:00,0.0480904930706763,0.06905685709583213,-0.3618456728459477,0.0666466995625895,0.1836237108813421,-0.3307963277962478,0.2416137262016598,0.4191774010875913,0.5205256636797603,0.2405998696156963,0.4234351724025024
2021-01-23 07:50:00,0.048124039383728,0.06899796790525622,-0.3602952219639923,0.066572793775505,0.3455127486535758,-0.3331741095487022,0.2682150523535396,0.4850791045488192,0.5203444998137327,0.2405998696156963,0.4234351724025024
2021-01-23 08:00:00,0.0477878962912575,0.06893598436285217,-0.36640591933286865,0.0659510440167838,-0.5847717122341223,-0.34368325770893837,0.233296210827356,0.4021777575903331,0.5215861399430298,0.2405998696156963,0.4234351724025024
2021-01-23 08:10:00,0.0479209645538428,0.06881866448718994,-0.3619219122751704,0.0652512032428312,0.2897390429849267,-0.35530471454396406,0.267457310072232,0.4806632066860939,0.5209085679302289,0.2405998696156963,0.4234351724025024
2021-01-23 08:20:00,0.0478457454286118,0.0686521004136863,-0.3610695285377123,0.0652389946407642,0.2950023202309637,-0.3571609408851243,0.2871544299071598,0.5275292672973736,0.5223349310366031,0.2405998696156963,0.4234351724025024
2021-01-23 08:30:00,0.0477574719425487,0.06849199343437637,-0.3605813191098333,0.0652950400620624,-0.2971026115778485,-0.35772457764308635,0.2793434479799141,0.5125287655694191,0.5200101328134978,0.2405998696156963,0.4234351724025024
2021-01-23 08:40:00,0.0475114898254099,0.06835802457763601,-0.36378738763597435,0.0651887008764629,-0.4852214386684039,-0.3596208073970562,0.2712080792796804,0.4921191940084533,0.520002551371337,0.2405998696156963,0.4234351724025024
2021-01-23 08:50:00,0.0467831701555006,0.06823511989669152,-0.3774358606170687,0.0613009474780901,0.8292326358020574,-0.4215284416918525,0.2476411935372404,0.4340345272640717,0.5172167507412502,0.2405998696156963,0.4234351724025024
2021-01-23 09:00:00,0.0468259444972071,0.06780954396722261,-0.3702655326019038,0.0611590811403782,-0.0778693812407027,-0.4251988038868984,0.2418440841799906,0.4307695724685151,0.518591267090657,0.2405998696156963,0.4234351724025024
2021-01-23 09:10:00,0.0469097631482772,0.06741794845555164,-0.36268545676663605,0.0611613429777361,0.1594366909188238,-0.42709877421145287,0.2247774195047565,0.3821325593293074,0.5194721168976558,0.2405998696156963,0.4234351724025024
2021-01-23 09:20:00,0.0447444654895804,0.06705674763689651,-0.4045714796994377,0.062188257003232,-1.4346018755620804,-0.411196106710439,0.2339181050057275,0.4036916981493552,0.5199221730825374,0.2405998696156963,0.4234351724025024
2021-01-23 09:30:00,0.0446052947707985,0.0668163291667315,-0.4040949304598935,0.0620463621701379,0.3746384254679213,-0.41508032874719264,0.2645673381405229,0.4721557908942986,0.5196792464451121,0.2405998696156963,0.4234351724025024
2021-01-23 09:40:00,0.044625031618586,0.06660381270842833,-0.4004668751427512,0.0620271268288129,-0.0199134592358873,-0.4163890420516442,0.2290987339358484,0.3889880868096699,0.5212543010803539,0.2405998696156963,0.4234351724025024
2021-01-23 09:50:00,0.0443250886565066,0.06641883140968062,-0.40442976973634615,0.0622042664438796,-0.5190543364285816,-0.414248276802263,0.2604995509061671,0.4633593647003941,0.5189540975235335,0.2405998696156963,0.4234351724025024
2021-01-23 10:00:00,0.0442216735452806,0.06629552572094,-0.40490738895549977,0.0619035435760114,-0.3138059012965044,-0.41977404687271314,0.2720801306788726,0.4908627886187389,0.5186034502647322,0.2405998696156963,0.4234351724025024
2021-01-23 10:10:00,0.04427991014687,0.06613272693274315,-0.4011326581419615,0.0613837098262519,0.1626862915786731,-0.42898387535255694,0.2710806012863713,0.4904451032162552,0.5173594354537321,0.2405998696156963,0.4234351724025024
2021-01-23 10:20:00,0.0441733281495381,0.06595152248944347,-0.4007987929954082,0.0610925213409767,-0.3070719419138612,-0.4327919921066263,0.2633659542890642,0.4755136939170516,0.5179355512430852,0.2405998696156963,0.4234351724025024
2021-01-23 10:30:00,0.0441935065556548,0.06576591602665817,-0.3975238428247505,0.0609026236147716,0.0909532510139143,-0.4347134459068318,0.2419378166192404,0.4249039894366227,0.5167117325053778,0.2405998696156963,0.4234351724025024
2021-01-23 10:40:00,0.04423601899295,0.06556393575157064,-0.39348641832400394,0.0609001788315165,0.0343990287598572,-0.4328809383722897,0.236793195402637,0.4179032757692488,0.5181855662558723,0.2405998696156963,0.4234351724025024
2021-01-23 10:50:00,0.044257004501262,0.06539952951495095,-0.3905014117356566,0.0608513449270911,0.0065199553143102,-0.432030867861048,0.2291402058998241,0.384857595516781,0.5187421244501085,0.2405998696156963,0.4234351724025024
2021-01-23 11:00:00,0.0442696554717073,0.06528274655798012,-0.3884283189881242,0.0587171027462989,0.0779284478412023,-0.46586518955830375,0.2460297303340438,0.4282450904003185,0.5192740710527418,0.2405998696156963,0.4234351724025024
2021-01-23 11:10:00,0.0407934807337004,0.06497517880635692,-0.4654830497449627,0.0610514225632103,-1.7225187668724828,-0.42699748940026033,0.269093052836685,0.48365221034474,0.5185205262582712,0.2405998696156963,0.4234351724025024
2021-01-23 11:20:00,0.040726840735568,0.06500681378644019,-0.4676047392641335,0.0606571567213507,-0.3084662279977834,-0.4339140538663195,0.2341551305741117,0.4005101564403888,0.5193232572671789,0.2405998696156963,0.4234351724025024
2021-01-23 11:30:00,0.0406601826476868,0.06493089072501727,-0.46807418439851217,0.0604791378369588,0.2333328202492879,-0.43665504713607656,0.2598402528257401,0.465903564455571,0.5176032038669057,0.2405998696156963,0.4234351724025024
2021-01-23 11:40:00,0.0406241437049328,0.06483284417486668,-0.46744976710592706,0.0604551156600163,0.2220945839734867,-0.4368188512385077,0.2695782692146888,0.4903797416564964,0.5180951902622861,0.2405998696156963,0.4234351724025024
2021-01-23 11:50:00,0.040167600092988,0.06474763735947597,-0.477436508435019,0.0608401256913397,-0.6886427109643378,-0.4303134230152062,0.2599512718474913,0.473148965568254,0.5174360308213958,0.2405998696156963,0.4234351724025024
2021-01-23 12:00:00,0.0399465972793822,0.064719385224974,-0.4825172796078633,0.0612545002617121,0.7965445051043574,-0.421214252563109,0.2509120880892078,0.4529546620208941,0.5196100507428741,0.2405998696156963,0.4234351724025024
2021-01-23 12:10:00,0.0398315048515452,0.06472624788428148,-0.48550862689841995,0.0610045671802951,-0.3402447889113702,-0.42136377682056547,0.2320328446874482,0.4047065545451253,0.5181507475258853,0.2405998696156963,0.4234351724025024
2021-01-23 12:20:00,0.039791422877917,0.06473755673597754,-0.4866901246643756,0.0610234161856242,-0.1902577675330974,-0.41717595003585306,0.225063307004658,0.3972035160027948,0.5201483249030359,0.2405998696156963,0.4234351724025024
2021-01-23 12:30:00,0.0401731057666927,0.06476988328803991,-0.47764297028985847,0.0610415886745102,0.2434689103152365,-0.41326337417863945,0.2188802980110314,0.3699196482664247,0.5197093689249601,0.2405998696156963,0.4234351724025024
2021-01-23 12:40:00,0.0401815276870621,0.06474928214351001,-0.47711523418578217,0.0606719067866241,-0.148074500749118,-0.41300755956053736,0.2251963901549197,0.3888441346892115,0.5183003919217521,0.2405998696156963,0.4234351724025024
2021-01-23 12:50:00,0.0398536736792787,0.06468740524052884,-0.4843519299049118,0.0608070873406291,-0.5297216990546971,-0.4064249223900093,0.2548589642191782,0.4569001078834538,0.5188268430238203,0.2405998696156963,0.4234351724025024
2021-01-23 13:00:00,0.0397201074894266,0.0646590416796882,-0.4872704059210342,0.0604899608890059,-0.3349785393327309,-0.40791155615821517,0.2245844107649711,0.3878312249430128,0.5195081696437387,0.2405998696156963,0.4234351724025024
2021-01-23 13:10:00,0.0385372875350421,0.06462132380428397,-0.5169181661737485,0.0612971261025998,1.0272276902501432,-0.3914843436259294,0.2496733068262704,0.4540246221688246,0.5184160276303218,0.2405998696156963,0.4234351724025024
2021-01-23 13:20:00,0.0383611437556523,0.06466264089248366,-0.5221385482845051,0.0603100476104104,0.3742316071337015,-0.40470775284382615,0.2597903160998052,0.4750211946913066,0.518594722897309,0.2405998696156963,0.4234351724025024
2021-01-23 13:30:00,0.0383400997485987,0.06460442787967091,-0.5217866121695471,0.0603205707591277,-0.1287251379652687,-0.4034708452769239,0.2613169691649853,0.4758345745728873,0.5170524449732663,0.2405998696156963,0.4234351724025024
2021-01-23 13:40:00,0.0380814592888303,0.06455079004220253,-0.5277248255969289,0.0605075362720753,0.4753952138891293,-0.39886568773137887,0.2576578468576868,0.4723162384118134,0.5187116534903189,0.2405998696156963,0.4234351724025024
2021-01-23 13:50:00,0.0376571176371111,0.0645283862014704,-0.5385832392895371,0.0607376118298827,-0.5740713408171061,-0.3936469937060014,0.233560457188822,0.4118869987211193,0.516599359506219,0.2405998696156963,0.4234351724025024
2021-01-23 14:00:00,0.0376534467567731,0.06452266501299511,-0.538592060246729,0.0601715037959883,-0.1956017101409912,-0.40207830767791336,0.2292574578974734,0.406370869105804,0.5174047495089225,0.2405998696156963,0.4234351724025024
2021-01-23 14:10:00,0.0376091172251151,0.0644729023797577,-0.5389985169902518,0.060170968471736,-0.1960480487698035,-0.40067852033083856,0.2163963800059523,0.3658462354388591,0.516295504101576,0.2405998696156963,0.4234351724025024
2021-01-23 14:20:00,0.0373379725731692,0.06442222608005094,-0.5454478587754109,0.0602152305058687,0.4673509154475397,-0.39923943051610544,0.225843163810746,0.3898977165485226,0.5151075922728571,0.2405998696156963,0.4234351724025024
2021-01-23 14:30:00,0.0375782852817408,0.06436891006882423,-0.5382043891715027,0.0599172676559962,-0.1513340837501431,-0.4024592156359609,0.2483415359959683,0.443678512989832,0.5157873873542957,0.2405998696156963,0.4234351724025024
2021-01-23 14:40:00,0.0376114505297643,0.0643165299477208,-0.5365081341971553,0.0599058854333521,-0.0545476912483522,-0.40133324838775175,0.2159811685207899,0.369874516349361,0.5181179525524378,0.2405998696156963,0.4234351724025024
2021-01-23 14:50:00,0.0374683849912028,0.06428110461015299,-0.5397682145794223,0.0597319526067125,-0.3330180545543015,-0.4033729565637599,0.2504072739149737,0.4533183186479354,0.5169614173532844,0.2405998696156963,0.4234351724025024
2021-01-23 15:00:00,0.0369782872241622,0.0642249793209594,-0.5520613124061767,0.0600183262238289,0.6904434386107994,-0.3967749514715664,0.2579457082876464,0.4718748782837889,0.5182394594352189,0.2405998696156963,0.4234351724025024
2021-01-23 15:10:00,0.0368001426442693,0.06420415360813146,-0.5565661851787237,0.0600730961998089,0.3712777341544182,-0.392967146390152,0.2590003982754628,0.47274152138319,0.516731187524536,0.2405998696156963,0.4234351724025024
2021-01-23 15:20:00,0.0367949115498439,0.06420078670524786,-0.5566559020844488,0.0600204500163837,0.0696093937502695,-0.3913662057468887,0.2501172222662188,0.453736262083265,0.5173886188269337,0.2405998696156963,0.4234351724025024
2021-01-23 15:30:00,0.0368372083517301,0.06416073905197438,-0.5548830515062902,0.0599738653583889,-0.0673641788644374,-0.3897735505433358,0.2329527747082204,0.4087618732473263,0.516720200291725,0.2405998696156963,0.4234351724025024
2021-01-23 15:40:00,0.0368169453264889,0.06416853212796073,-0.5555547267419766,0.0600765444710058,-0.4517093174403186,-0.3856909065495584,0.2328698257752227,0.4177579376159885,0.5184983474862411,0.2405998696156963,0.4234351724025024
2021-01-23 15:50:00,0.0370042591398863,0.06417905986006812,-0.550643969178678,0.0599001246899793,-0.1267874017491621,-0.38647293741258876,0.2196569362631948,0.3821981773113506,0.5189183915052333,0.2405998696156963,0.4234351724025024
2021-01-23 16:00:00,0.0372967157722368,0.06413992758830002,-0.5421617915296317,0.059827796031607,-0.1825802199268977,-0.38612577656154545,0.225584703896466,0.3949472148327585,0.5184239400931475,0.2405998696156963,0.4234351724025024
2021-01-23 16:10:00,0.0368698177068588,0.06413925739502584,-0.553663348301251,0.0599310507348691,0.5640234376008024,-0.38105317337237055,0.2588900902328446,0.4670455576308416,0.519226972698568,0.2405998696156963,0.4234351724025024
2021-01-23 16:20:00,0.0367831945674256,0.06413709501530587,-0.5559818304219836,0.0589171118401286,0.4438443199862973,-0.3953712206022481,0.2307266367525439,0.4068325295800206,0.5213996898172567,0.2405998696156963,0.4234351724025024
2021-01-23 16:30:00,0.0368569357330782,0.06402416694398408,-0.5522168043779272,0.0589507402760947,0.2638376828109301,-0.39310258484611754,0.2520447028017056,0.4617184700815157,0.5197594950293929,0.2405998696156963,0.4234351724025024
2021-01-23 16:40:00,0.0366583849912749,0.06393051647378263,-0.5561546257460777,0.0587702236410227,-0.3872503941083849,-0.39456511983324083,0.2590222373102093,0.4761087983357642,0.5199699301287826,0.2405998696156963,0.4234351724025024
2021-01-23 16:50:00,0.0366781489413598,0.06384142674432855,-0.5542211205955041,0.0587428630976124,0.0793875680297873,-0.39304280732557717,0.2519793749097012,0.4631027630899642,0.517447123590491,0.2405998696156963,0.4234351724025024
2021-01-23 17:00:00,0.036838550306042,0.06375486747967521,-0.5485006742179831,0.0587214874946692,-0.0070956174944569,-0.39110129478374744,0.2453325235243126,0.4498969134344738,0.5182183981659151,0.2405998696156963,0.4234351724025024
2021-01-23 17:10:00,0.0368335780923079,0.06368804935785914,-0.5475870594729715,0.0587164416749374,-0.0665303395249949,-0.3873941566709254,0.2251191371161198,0.3993641310690619,0.5180481712864171,0.2405998696156963,0.4234351724025024
2021-01-23 17:20:00,0.0368432375196256,0.06362393201140178,-0.5463176009741145,0.0587085261000026,0.0195558578825583,-0.3829245406452379,0.2214969073401895,0.3982539179764131,0.5213560242884119,0.2405998696156963,0.4234351724025024
2021-01-23 17:30:00,0.0367050635118081,0.06357220866610108,-0.549261688295303,0.0588464863557094,0.4950319107511092,-0.3756262967956246,0.2155305899574623,0.372300069348124,0.5216986384344231,0.2405998696156963,0.4234351724025024
2021-01-23 17:40:00,0.0367074775723784,0.06355166484264113,-0.5488727117860457,0.0588444452096414,0.0134457613988558,-0.3705692611656728,0.2239003387108868,0.3907282697855144,0.5212028554956751,0.2405998696156963,0.4234351724025024
2021-01-23 17:50:00,0.0368136124978025,0.06352985758304902,-0.5456423119398341,0.0587653986563257,-0.1317472194283908,-0.3679905276898671,0.2570883687412104,0.4605764954338259,0.5210321884281706,0.2405998696156963,0.4234351724025024
2021-01-23 18:00:00,0.0367901038197412,0.06349265235638243,-0.5456952972123528,0.0587168320053426,-0.1676472350554902,-0.3658560563134925,0.2248504493990937,0.3872428755175949,0.5220192938021939,0.2405998696156963,0.4234351724025024
2021-01-23 18:10:00,0.0367687826821507,0.06344944165631819,-0.5455942058919018,0.0585143769590111,-0.1259512383011696,-0.3657520796990833,0.2544758265678422,0.4585511894966061,0.5213885678966539,0.2405998696156963,0.4234351724025024
2021-01-23 18:20:00,0.0363535186805953,0.0634066836006501,-0.5562782761444557,0.0587680162827738,-0.6032847334518365,-0.3584506824486316,0.2660127822054545,0.4864509658325586,0.5219437471808406,0.2405998696156963,0.4234351724025024
2021-01-23 18:30:00,0.0362952680913904,0.06338256231064894,-0.5575014040285964,0.0586320331428104,0.2075488076529907,-0.3576394377621423,0.2611501320763448,0.4794958284431838,0.5206850526657996,0.2405998696156963,0.4234351724025024
2021-01-23 18:40:00,0.0361254969276177,0.06335202191677172,-0.5617079207405858,0.0581743985076483,0.4364519118336574,-0.36267838020174625,0.2528579400300946,0.4572325709737077,0.5216258153218958,0.2405998696156963,0.4234351724025024
2021-01-23 18:50:00,0.0361469148503716,0.06328815999598653,-0.5601066638199613,0.0571306874940579,0.0864781174435336,-0.37916444661116844,0.2420111297733304,0.4204435584310224,0.5209501224453417,0.2405998696156963,0.4234351724025024
2021-01-23 19:00:00,0.0361753487156777,0.06314353229068381,-0.5570325131935177,0.0570926161194436,0.2593894309125488,-0.37865547612843065,0.2478632844646022,0.4438832084427973,0.5235436972495877,0.2405998696156963,0.4234351724025024
2021-01-23 19:10:00,0.0401183092962223,0.0630039152278334,-0.4513640498992257,0.0570887887685453,0.1871959310300042,-0.37825915581372627,0.2322451642690456,0.3993945913526184,0.5229843588608902,0.2405998696156963,0.4234351724025024
2021-01-23 19:20:00,0.0401318733073422,0.06287571925101257,-0.44898920357469174,0.0561447819359658,0.0293820190345073,-0.3927717487851902,0.2417796471682083,0.4203583614916843,0.5216356918450974,0.2405998696156963,0.4234351724025024
2021-01-23 19:30:00,0.0401318083248928,0.0626079364303551,-0.44472280517229945,0.0560093427766313,-0.1235554223347534,-0.39397626617280573,0.2686349175850287,0.4814654699171046,0.5205568182178428,0.2405998696156963,0.4234351724025024
2021-01-23 19:40:00,0.0397850646992339,0.062437604294138534,-0.4506761437340049,0.0563419866823447,0.6323177998305951,-0.3866937658246185,0.2310462415753641,0.3991816565267221,0.5216125329124597,0.2405998696156963,0.4234351724025024
2021-01-23 19:50:00,0.0395572764576876,0.0623141593806945,-0.4544390188263096,0.0564458314136906,-0.4507968723032718,-0.38382802681729605,0.2566676163576606,0.4623674165218984,0.5220171536809028,0.2405998696156963,0.4234351724025024
2021-01-23 20:00:00,0.0392170047562091,0.06221768429825421,-0.46152882527656613,0.0564251737283531,-0.5181498420972375,-0.38358346324590276,0.2674594013110489,0.4856182623609469,0.5242940722917576,0.2405998696156963,0.4234351724025024
2021-01-23 20:10:00,0.039282007576497,0.06212323566741028,-0.45835349273224574,0.0560001440883468,-0.0589816698470357,-0.39040001052437673,0.2662470398303888,0.4847190286939641,0.5228632986546129,0.2405998696156963,0.4234351724025024
2021-01-23 20:20:00,0.0392762565199837,0.062007019906526045,-0.45662742643421983,0.0559071550422975,0.201940817664159,-0.39153912324718454,0.2572485373886087,0.4648426258215926,0.5244357013439517,0.2405998696156963,0.4234351724025024
2021-01-23 20:30:00,0.0393284842923385,0.06190525585650317,-0.4536560374202011,0.0559933053274101,-0.4333865630748335,-0.3895118079893049,0.2431887688722396,0.4240621917787164,0.5230592200085293,0.2405998696156963,0.4234351724025024
2021-01-23 20:40:00,0.0391678709887713,0.0618045886750626,-0.4561208190199099,0.0558520194223434,0.3580363969389211,-0.3921104899471212,0.2392747827453709,0.4229449002100152,0.5246335679572081,0.2405998696156963,0.4234351724025024
2021-01-23 20:50:00,0.0393166493231915,0.06172546914815077,-0.4510485597576836,0.0558524730899483,-0.0325099601488076,-0.3924787070420772,0.2305319263006814,0.3932521331567455,0.525403781934713,0.2405998696156963,0.4234351724025024
2021-01-23 21:00:00,0.0392755425269927,0.06166119718863048,-0.4510528406466186,0.0558765954895611,-0.1814362116439483,-0.3912572100390141,0.2403557403105038,0.4193886767153611,0.5247422741325294,0.2405998696156963,0.4234351724025024
2021-01-23 21:10:00,0.0391636587295564,0.06159511648797532,-0.4528333460315638,0.0559754083070162,0.3357257193492557,-0.3886922222608095,0.2650056094857931,0.4786928971403719,0.5251664306722797,0.2405998696156963,0.4234351724025024
2021-01-23 21:20:00,0.0390756519931036,0.06153385129827358,-0.45408788914459325,0.0560070240187338,-0.2712201828238392,-0.3876876459000079,0.2266529478365805,0.3879586326289267,0.5267045150738809,0.2405998696156963,0.4234351724025024
2021-01-23 21:30:00,0.0389038170668907,0.061491647179137555,-0.45780897643961804,0.0560983895890401,-0.4008002667438504,-0.38573994901003555,0.260395905110146,0.4639590114964131,0.526286751889342,0.2405998696156963,0.4234351724025024
2021-01-23 21:40:00,0.0366332611449359,0.06147742731207582,-0.5177134696888005,0.0570674282204576,1.3108746483453615,-0.36773444113784315,0.2787535457401854,0.509371548748815,0.5279305865853228,0.2405998696156963,0.4234351724025024
2021-01-23 21:50:00,0.0367807661182138,0.06155194282147779,-0.514906368353412,0.0571118823748485,-0.2706337383695967,-0.3661761189927616,0.2736050109358809,0.5008649989496627,0.5256164047010681,0.2405998696156963,0.4234351724025024
2021-01-23 22:00:00,0.036798851804976,0.06167462692994098,-0.516405969693426,0.0567595741876744,0.2500195304236285,-0.37140154558856175,0.2648349565849844,0.4801887661874662,0.5255489899934132,0.2405998696156963,0.4234351724025024
2021-01-23 22:10:00,0.0363539534194113,0.061703447582716855,-0.5290368480091783,0.0570112346604971,-0.5793018362810542,-0.3648140511714312,0.2464162468125738,0.4322332566951672,0.5235531747230873,0.2405998696156963,0.4234351724025024
2021-01-23 22:20:00,0.0365613665891168,0.06172859873890109,-0.5237552110689838,0.0569685036757248,-0.0141350292297559,-0.3637859646758986,0.2462279977350802,0.4379135051901155,0.5252810778686703,0.2405998696156963,0.4234351724025024
2021-01-23 22:30:00,0.0379273185721997,0.061757572404652815,-0.48754493893812484,0.0572271502392875,-0.6781264404743581,-0.35415694131290043,0.2299066092232903,0.3914949539570366,0.5263520510688979,0.2405998696156963,0.4234351724025024
2021-01-23 22:40:00,0.0380301307842417,0.061806073955762535,-0.485622882798064,0.0570429351930384,0.1830409244126585,-0.3536848079224985,0.2423972808036519,0.4233137144235712,0.5268422971241584,0.2405998696156963,0.4234351724025024
2021-01-23 22:50:00,0.0380863040774549,0.06182430244427015,-0.48444178612444533,0.0560731899217335,-0.1064784567466503,-0.36477062688607215,0.2734703791865916,0.4938504395284975,0.5267949787948061,0.2405998696156963,0.4234351724025024
2021-01-23 23:00:00,0.0380657506039935,0.06173848871676301,-0.48359259701732754,0.0561081229112118,-0.2139852319448465,-0.36059810666511716,0.2325944046383023,0.402106494578091,0.5284307032416615,0.2405998696156963,0.4234351724025024
2021-01-23 23:10:00,0.0379973325923159,0.06169997498340516,-0.4847675631323637,0.0560324380902252,0.2307313073758976,-0.3581454059886241,0.2663978623206189,0.4786053835628085,0.527315138503087,0.2405998696156963,0.4234351724025024
2021-01-23 23:20:00,0.0380342360174029,0.06165031857033137,-0.4829916950560821,0.0560480723210366,-0.2378887103917648,-0.3554240854023298,0.2777332997532844,0.5046615997037897,0.5278333601042736,0.2405998696156963,0.4234351724025024
2021-01-23 23:30:00,0.0378968908071269,0.06161081527878464,-0.48596835586401965,0.0561470481929564,-0.3338409948172582,-0.3512006265960289,0.2771760111512513,0.5041518452328616,0.52684111474426,0.2405998696156963,0.4234351724025024
2021-01-23 23:40:00,0.0388127122283583,0.06159329021076312,-0.4618051117365643,0.0562104699366975,0.6095150127858773,-0.34674151101039374,0.272309059946088,0.494674244886943,0.5270384437457647,0.2405998696156963,0.4234351724025024
2021-01-23 23:50:00,0.0389727875536643,0.06157457152025578,-0.4573853377671956,0.0561661453754506,0.0139009015549973,-0.34426642835343324,0.2495017887302163,0.4417171559486328,0.5256400374495198,0.2405998696156963,0.4234351724025024
2021-01-24 00:00:00,0.038751139583601,0.061533951321237484,-0.46242891251459156,0.0551822723393439,-0.4224705831614272,-0.35846745691148796,0.2468728975152304,0.4394609607069075,0.5273490298124138,0.2470928479592676,0.4392991779531955
2021-01-24 00:10:00,0.0395658112731723,0.061353623060893966,-0.4386888313403488,0.0551877677513839,-0.1832281200854879,-0.3559568602039542,0.2415622584830424,0.4117822089957739,0.5275909285934122,0.2470928479592676,0.4392991779531955
2021-01-24 00:20:00,0.0400220775392948,0.06124189609193472,-0.4254002916338755,0.0551218517981244,0.0053929348803549,-0.3539451253631921,0.253766474048449,0.4480065306422502,0.527512777061738,0.2470928479592676,0.4392991779531955
2021-01-24 00:30:00,0.0400341581925051,0.06114994430778817,-0.4235959068706315,0.0550756846774599,0.1795878421233965,-0.34963253033583547,0.2741703683617518,0.4945817928298078,0.5273716301623834,0.2470928479592676,0.4392991779531955
2021-01-24 00:40:00,0.0402917906381682,0.06106030178463324,-0.41571418776941005,0.0550444783405493,-0.1464841029793717,-0.34582557623320037,0.2352691340902812,0.4040452561073621,0.5277460169907406,0.2470928479592676,0.4392991779531955
2021-01-24 00:50:00,0.0408066707670079,0.060996259913383914,-0.40196698216130317,0.0549830555304792,-0.029748978715105,-0.3413946423384442,0.2620988801378324,0.4690687015927826,0.5259048027301092,0.2470928479592676,0.4392991779531955
2021-01-24 01:00:00,0.0408488660134766,0.06092518036358545,-0.3997674987741501,0.0548174039985974,0.1162497162006559,-0.3370851597936041,0.2746913390812899,0.4972026651061519,0.5268045207670209,0.2470928479592676,0.4392991779531955
2021-01-24 01:10:00,0.0409490506705027,0.060839120276394494,-0.3959043802803637,0.0546622572209943,0.3002757830872227,-0.3312673282940254,0.2665703730284074,0.4830549671529185,0.526241578682933,0.2470928479592676,0.4392991779531955
2021-01-24 01:20:00,0.0409892698249146,0.06076495469365157,-0.3937028988586659,0.0544553753446215,-0.1003355640021297,-0.3284241123412396,0.2568714435730601,0.4619327551011236,0.527840905172422,0.2470928479592676,0.4392991779531955
2021-01-24 01:30:00,0.0409892600955125,0.06066869916847858,-0.3921178171248338,0.0544045570734483,0.0285302828386235,-0.3218980734400152,0.2400305169171819,0.4190064065506508,0.5259555480879703,0.2470928479592676,0.4392991779531955
2021-01-24 01:40:00,0.0415672705480993,0.06058885978143116,-0.37679795225252716,0.0541108673491984,0.0938768389914912,-0.3204296656096144,0.2334993936618253,0.4093110435779312,0.5280216023342661,0.2470928479592676,0.4392991779531955
2021-01-24 01:50:00,0.0413471430543638,0.06047265617131064,-0.3801879714698066,0.054249396257978,-0.5016665684857813,-0.3115910174252232,0.2231685545751358,0.3726633477724129,0.5275078062775789,0.2470928479592676,0.4392991779531955
2021-01-24 02:00:00,0.0413951465556763,0.06039625753036586,-0.37776350059902747,0.0542428793505295,0.128480520961105,-0.3059455726455179,0.2278959336224003,0.3889535341824914,0.526089477818201,0.2470928479592676,0.4392991779531955
2021-01-24 02:10:00,0.0405359042829351,0.06031755389740804,-0.39743506389334643,0.0536919342196423,0.8727833151503717,-0.3106259875781141,0.2550885109417018,0.4490379969693806,0.5266639103406412,0.2470928479592676,0.4392991779531955
2021-01-24 02:20:00,0.0406162204712276,0.0602060069174309,-0.39360462420141434,0.0535862319609454,-0.0878440738825148,-0.30721295192892656,0.2190515993085009,0.3692342145132428,0.5273574654716195,0.2470928479592676,0.4392991779531955
2021-01-24 02:30:00,0.040913868184452,0.06009370073901946,-0.38443594206305803,0.0535781810515599,0.0277256714449336,-0.30275179908397193,0.2508741878405734,0.4498215105646652,0.5264848004386609,0.2470928479592676,0.4392991779531955
2021-01-24 02:40:00,0.0410295819628733,0.05999769337270954,-0.3800127998651817,0.0535758918125546,-0.0941493468364029,-0.29835793605875854,0.2613799880616425,0.4697816447412433,0.5270641158933249,0.2470928479592676,0.4392991779531955
2021-01-24 02:50:00,0.0410302484236765,0.05992258946529429,-0.37874399253104213,0.0535825038346027,-0.0843370319413949,-0.29406750683604793,0.2641017254675014,0.4741915969683823,0.5255912440889874,0.2470928479592676,0.4392991779531955
2021-01-24 03:00:00,0.0411552017315741,0.059835954612129705,-0.37425639981020714,0.0534012344928312,0.0442002302495581,-0.293206565863062,0.2656873964489847,0.4822417144743434,0.5269083301031507,0.2470928479592676,0.4392991779531955
2021-01-24 03:10:00,0.0411601287058314,0.05976615847947162,-0.3729695511287988,0.053353001041637,-0.0936840841548658,-0.29004006897658774,0.2415417400022826,0.4232107546339314,0.5244797415243253,0.2470928479592676,0.4392991779531955
2021-01-24 03:20:00,0.0413145026446344,0.05970184688372943,-0.3681493640458237,0.0532998691754357,0.0340402952552665,-0.2878955143854801,0.240822413312378,0.4254356498382372,0.5255849245982757,0.2470928479592676,0.4392991779531955
2021-01-24 03:30:00,0.0428110280530064,0.05964267996554057,-0.3315756904057919,0.0533352031007631,0.2588624627012592,-0.28374428824682585,0.225401920807365,0.3815718178556279,0.5242108282481002,0.2470928479592676,0.4392991779531955
2021-01-24 03:40:00,0.0437493452693647,0.059583400449003454,-0.30890037190223546,0.0533854481350633,0.2552201603423398,-0.27940649728374306,0.2307014627450642,0.4005050106559135,0.5227810690764545,0.2470928479592676,0.4392991779531955
2021-01-24 03:50:00,0.0434441274669098,0.059541607747565145,-0.3151996715729469,0.0536287583320639,0.6608846542142999,-0.27191203228706234,0.254209616899396,0.4515518335378513,0.5242178734295715,0.2470928479592676,0.4392991779531955
2021-01-24 04:00:00,0.0435231054317743,0.05953656372228365,-0.31329868372406106,0.0535943400540128,-0.0187744414539281,-0.2697405650594983,0.2167208324936625,0.368243946212106,0.5261241166053656,0.2470928479592676,0.4392991779531955
2021-01-24 04:10:00,0.043649546435385,0.05951813385267168,-0.3100881454618854,0.0524440901987455,-0.3075711827023042,-0.28774376922454536,0.2540522059313758,0.4546140715797606,0.5252042235275227,0.2470928479592676,0.4392991779531955
2021-01-24 04:20:00,0.0436607208720781,0.05939587380611457,-0.3077758973851662,0.0523763318716102,0.0442656402455554,-0.28785733149931914,0.2646111779405187,0.4764561567513135,0.5259423034408679,0.2470928479592676,0.4392991779531955
2021-01-24 04:30:00,0.0436893485431629,0.05926820118898264,-0.3049685939431476,0.0523564747792641,0.07444184771348,-0.28681628005745097,0.2660800589447138,0.4795074587457954,0.5234266200744373,0.2470928479592676,0.4392991779531955
2021-01-24 04:40:00,0.0434256030987642,0.05916679874103924,-0.30931135217233335,0.0525341324322146,0.4803622252822492,-0.2821476491005144,0.2605990683640251,0.4699923223650057,0.5234455652209079,0.2470928479592676,0.4392991779531955
2021-01-24 04:50:00,0.0428448881657325,0.05908500726859335,-0.321390866198362,0.0530083193255813,0.7094183643095775,-0.27192907441560416,0.2439555001796799,0.4280461147299445,0.5220580475353174,0.2470928479592676,0.4392991779531955
2021-01-24 05:00:00,0.0428362933448753,0.05906121282521935,-0.321188692973712,0.0530277934730315,0.1966996447677615,-0.27025548842604025,0.2410069675209466,0.430199790616544,0.5236898152918725,0.2470928479592676,0.4392991779531955
2021-01-24 05:10:00,0.0428396890904025,0.05902618647890772,-0.32051619597109254,0.0526085952178946,-0.1876797149829911,-0.2774561548150478,0.2273794971228802,0.3915002699760243,0.5240765247033989,0.2470928479592676,0.4392991779531955
2021-01-24 05:20:00,0.0428257972630556,0.05899294138603096,-0.32027713841958105,0.0525316135453764,0.1359621586104253,-0.2780253608309597,0.2344003820759001,0.4077853458020952,0.522929581696147,0.2470928479592676,0.4392991779531955
2021-01-24 05:30:00,0.0428423149175811,0.05895247425865001,-0.31920531778174754,0.0511172012329035,0.053390324842617,-0.30307797806138465,0.2658394060310614,0.4706570566527848,0.523891866176428,0.2470928479592676,0.4392991779531955
2021-01-24 05:40:00,0.0430256730015849,0.05878133936428002,-0.3120274627049455,0.0494907856357776,-0.2890130087749298,-0.3341592392540323,0.2350720772374633,0.4072233432623602,0.5256769880777112,0.2470928479592676,0.4392991779531955
2021-01-24 05:50:00,0.0430132910448947,0.05834317019062335,-0.3048331408767603,0.0494824120590238,0.3405509773585891,-0.33692768712349386,0.2603222275301309,0.4707261628826183,0.52389589224351,0.2470928479592676,0.4392991779531955
2021-01-24 06:00:00,0.0429434750573433,0.058088027087467596,-0.30207485100936216,0.04949763109859,-0.3068827197724388,-0.3373302244877664,0.270207417468141,0.4891525831953993,0.5238372202833748,0.2470928479592676,0.4392991779531955
2021-01-24 06:10:00,0.0428607332494456,0.05786597660550985,-0.3001734905547584,0.0495678852453274,-0.2695416952727569,-0.3362776110555722,0.2640841530272208,0.4797520981245717,0.5210339501383698,0.2470928479592676,0.4392991779531955
2021-01-24 06:20:00,0.0432652254311562,0.05767602746957845,-0.28749241419917865,0.0495305339025107,0.1591626366817422,-0.3370743388294003,0.254772835916652,0.4625738111131221,0.5215084190134467,0.2470928479592676,0.4392991779531955
2021-01-24 06:30:00,0.0431999787648373,0.05750340473935149,-0.2860041552133279,0.049407537999046,-0.2375233421572531,-0.33946252321689124,0.2263549050303333,0.3953263089243143,0.5206332933315716,0.2470928479592676,0.4392991779531955
2021-01-24 06:40:00,0.0432607982269266,0.05734663583222479,-0.2818673093600254,0.049494291938585,0.4282761169278615,-0.33746156611958406,0.2199888727074393,0.3887614536966119,0.5236598846077514,0.2470928479592676,0.4392991779531955
2021-01-24 06:50:00,0.0434699279535839,0.05722463526942683,-0.2749151045785171,0.0486801747359808,-0.1018725181996416,-0.3535043280946185,0.2104482193357053,0.3574879618321551,0.5234802986533121,0.2470928479592676,0.4392991779531955
2021-01-24 07:00:00,0.0434701678140567,0.05704322055278949,-0.2717343303662846,0.0487990800258384,-0.3574651306481158,-0.3514685149418868,0.2162006077850534,0.3759636497440874,0.5227804690317823,0.2470928479592676,0.4392991779531955
2021-01-24 07:10:00,0.0435519919335205,0.05688158123766946,-0.26701614339153723,0.0488882207799287,-0.3161210758509725,-0.3495449648538146,0.2508465869538696,0.451389250366647,0.5226958903655742,0.2470928479592676,0.4392991779531955
2021-01-24 07:20:00,0.043375025902564,0.05675719776103607,-0.26889864566838745,0.0488481623273073,0.3944449490541402,-0.3497331214704252,0.2131161099012631,0.3693821539045965,0.5232468952595781,0.2470928479592676,0.4392991779531955
2021-01-24 07:30:00,0.0433567595975343,0.05665595052696043,-0.2675344003415711,0.048084960242097,-0.1681352493349663,-0.36354376077369616,0.2496541708085372,0.4556159333903223,0.5229779016025281,0.2470928479592676,0.4392991779531955
2021-01-24 07:40:00,0.0433265898218255,0.05647189931020885,-0.2649766269066037,0.0480904930706763,0.1975826160496296,-0.3618456728459477,0.2647640631143365,0.4893722098291541,0.5235855854274494,0.2470928479592676,0.4392991779531955
2021-01-24 07:50:00,0.043286043691289,0.056316907401880306,-0.26316453269902906,0.048124039383728,0.389429695504262,-0.3602952219639923,0.2593034083624749,0.4842598790634909,0.5219969233571959,0.2470928479592676,0.4392991779531955
2021-01-24 08:00:00,0.0432638675090613,0.05619206355500196,-0.26145771101213783,0.0477878962912575,0.1398449455754402,-0.36640591933286865,0.2514692031428771,0.4662643597619183,0.5226444977716656,0.2470928479592676,0.4392991779531955
2021-01-24 08:10:00,0.0430194192641543,0.056056705901439186,-0.2647121592366112,0.0479209645538428,-0.4596812279141105,-0.3619219122751704,0.2343161614496355,0.4198249893343527,0.5209681602093222,0.2470928479592676,0.4392991779531955
2021-01-24 08:20:00,0.0430308816780775,0.05594809292258697,-0.2625063123031387,0.0478457454286118,-0.1224397297869828,-0.3610695285377123,0.2355253807775967,0.4328305107843957,0.5239656150690245,0.2470928479592676,0.4392991779531955
2021-01-24 08:30:00,0.0430458528492006,0.0558616751473129,-0.2606126555015705,0.0477574719425487,-0.0622709325801551,-0.3605813191098333,0.2179338982855792,0.3813381213554571,0.5231189364631506,0.2470928479592676,0.4392991779531955
2021-01-24 08:40:00,0.0430996206505032,0.055771161877588626,-0.257742728105687,0.0475114898254099,-0.0330943410627782,-0.36378738763597435,0.2260751078017278,0.4018271783314771,0.5212909523675274,0.2470928479592676,0.4392991779531955
2021-01-24 08:50:00,0.0431356294982565,0.055672855547632225,-0.25514336897222556,0.0467831701555006,0.0293293021423224,-0.3774358606170687,0.2528511084585885,0.4578055074214441,0.5210222984213376,0.2470928479592676,0.4392991779531955
2021-01-24 09:00:00,0.0431215044827945,0.055528049411497485,-0.2528664712902866,0.0468259444972071,-0.214719172653055,-0.3702655326019038,0.2163420956538965,0.3761202579887019,0.5218015788453143,0.2470928479592676,0.4392991779531955
2021-01-24 09:10:00,0.043104783194891,0.05538722264459053,-0.25071495901609564,0.0469097631482772,0.3224718036211271,-0.36268545676663605,0.2415866596756727,0.4375117632005206,0.5215504486999882,0.2470928479592676,0.4392991779531955
2021-01-24 09:20:00,0.0430194728366192,0.05530091445215541,-0.2511365747464174,0.0447444654895804,0.2711008568301309,-0.4045714796994377,0.253634264479158,0.4652046296235722,0.5230015828627159,0.2470928479592676,0.4392991779531955
2021-01-24 09:30:00,0.0430601843194934,0.05499281999844816,-0.24460385877383345,0.0446052947707985,-0.1265118423424027,-0.4040949304598935,0.2555117525109068,0.4717285445324966,0.520839879642819,0.2470928479592676,0.4392991779531955
2021-01-24 09:40:00,0.0433894538900082,0.05473727051426969,-0.23232842598985223,0.044625031618586,-0.1341931427401022,-0.4004668751427512,0.242975907056321,0.4453696903035916,0.5219494073840079,0.2470928479592676,0.4392991779531955
2021-01-24 09:50:00,0.043389106203493,0.05452964261930024,-0.2285360546178906,0.0443250886565066,-0.0511642320280003,-0.40442976973634615,0.22698680904795,0.4011459304939943,0.5199872170878013,0.2470928479592676,0.4392991779531955
2021-01-24 10:00:00,0.0434418776733426,0.05428306344568448,-0.2227883719931378,0.0442216735452806,-0.0830867683239588,-0.40490738895549977,0.2239644259077628,0.3999307503189626,0.5213874341910529,0.2470928479592676,0.4392991779531955
2021-01-24 10:10:00,0.0433550476765127,0.054082532198653686,-0.2210881173325975,0.04427991014687,-0.2792975906855233,-0.4011326581419615,0.2130013018433103,0.3621250722044067,0.5219902422692855,0.2470928479592676,0.4392991779531955
2021-01-24 10:20:00,0.0434181336981443,0.0539215491072303,-0.2166530149377741,0.0441733281495381,0.0042366767267765,-0.4007987929954082,0.2229057838364797,0.3910074498360456,0.5208080849043515,0.2470928479592676,0.4392991779531955
2021-01-24 10:30:00,0.0434265260615812,0.053772272604055725,-0.21368750123193242,0.0441935065556548,0.16156581522484,-0.3975238428247505,0.2484415310512664,0.4516022368158827,0.5217219862101634,0.2470928479592676,0.4392991779531955
2021-01-24 10:40:00,0.0433879515841419,0.053669868271731515,-0.21266994247812165,0.04423601899295,0.1969183581561395,-0.39348641832400394,0.2079484034818307,0.3573162078897058,0.5225388130609856,0.2470928479592676,0.4392991779531955
2021-01-24 10:50:00,0.0433669605406526,0.053566822531574285,-0.2112320204859737,0.044257004501262,0.1364302774980785,-0.3905014117356566,0.2445021082230457,0.4406629567357124,0.5220588739415645,0.2470928479592676,0.4392991779531955
2021-01-24 11:00:00,0.0433562320368103,0.05349620515084015,-0.2101602657908364,0.0442696554717073,0.1314242160805889,-0.3884283189881242,0.2612712207228112,0.4829698064321313,0.523856469370346,0.2470928479592676,0.4392991779531955
2021-01-24 11:10:00,0.0433525876327902,0.053407712205638475,-0.20858876577506624,0.0407934807337004,-0.1006362265739468,-0.4654830497449627,0.2496640591554969,0.460890246674406,0.5212396304743632,0.2470928479592676,0.4392991779531955
2021-01-24 11:20:00,0.0435193615395334,0.052887002293992756,-0.19495167341404776,0.040726840735568,0.2020551239404255,-0.4676047392641335,0.2366494696905788,0.4331174808995028,0.5210014071347321,0.2470928479592676,0.4392991779531955
2021-01-24 11:30:00,0.043591301216548,0.052533964925042934,-0.18660229430060501,0.0406601826476868,-0.0138986126909657,-0.46807418439851217,0.2100973384512633,0.3703366164362682,0.5181502204616304,0.2470928479592676,0.4392991779531955
2021-01-24 11:40:00,0.0435684567750398,0.052252907173680765,-0.18176210892176106,0.0406241437049328,-0.1415344212134073,-0.46744976710592706,0.2083076804398644,0.3734130679468331,0.5205024982285512,0.2470928479592676,0.4392991779531955
2021-01-24 11:50:00,0.0434495018319489,0.05200180726167558,-0.1796790866816659,0.040167600092988,0.3246216845438354,-0.477436508435019,0.1944461161444663,0.3304710806178833,0.5220218715297433,0.2470928479592676,0.4392991779531955
2021-01-24 12:00:00,0.0429268396733815,0.051744695223031496,-0.1868246554045571,0.0399465972793822,-0.6763346200818532,-0.4825172796078633,0.2027805219285891,0.3560169263613817,0.5221269100429075,0.2470928479592676,0.4392991779531955
2021-01-24 12:10:00,0.0439331317116824,0.051501521572583954,-0.15894260820587205,0.0398315048515452,-0.1547512899998437,-0.48550862689841995,0.2375052493791504,0.4336057282749038,0.5227047134913869,0.2470928479592676,0.4392991779531955
2021-01-24 12:20:00,0.0439398984641863,0.05128367037001774,-0.15454962895879332,0.039791422877917,0.0654490428667387,-0.4866901246643756,0.1985575478441901,0.3454380104727221,0.5239702998702112,0.2470928479592676,0.4392991779531955
2021-01-24 12:30:00,0.0435504498654035,0.05107811922619309,-0.1594361772206214,0.0401731057666927,-0.6037284432728995,-0.47764297028985847,0.2365274041988777,0.4307135133052926,0.5229056261696485,0.2470928479592676,0.4392991779531955
2021-01-24 12:40:00,0.0486142506186238,0.050952480963299365,-0.046976742031181684,0.0401815276870621,-0.1693914431566412,-0.47711523418578217,0.2494854192295989,0.4605928717830684,0.5235969008128789,0.2470928479592676,0.4392991779531955
2021-01-24 12:50:00,0.0486254723180768,0.0508282667747064,-0.04430511703246186,0.0398536736792787,0.1349313274682018,-0.4843519299049118,0.2477239224933167,0.4575703776641922,0.5223469051664459,0.2470928479592676,0.4392991779531955
2021-01-24 13:00:00,0.0486321329477912,0.05071466192189867,-0.04193057437692845,0.0397201074894266,0.0769867143418423,-0.4872704059210342,0.2398482704599003,0.4429924055216052,0.522902719013983,0.2470928479592676,0.4392991779531955
2021-01-24 13:10:00,0.0486723239937696,0.05059213627243134,-0.038685581848894264,0.0385372875350421,-0.3599342210540257,-0.5169181661737485,0.2172311713512746,0.3902234833266558,0.5213907417725127,0.2470928479592676,0.4392991779531955
2021-01-24 13:20:00,0.0493707891609975,0.05039006131509289,-0.020435022733241166,0.0383611437556523,0.0678048125942964,-0.5221385482845051,0.2139724393595536,0.3836184409203612,0.5235929080938765,0.2470928479592676,0.4392991779531955
2021-01-24 13:30:00,0.0496062318378864,0.05018913581446068,-0.011682117505817395,0.0383400997485987,0.0207158405807206,-0.5217866121695471,0.2089262138160399,0.3528409405155332,0.5243049787213947,0.2470928479592676,0.4392991779531955
2021-01-24 13:40:00,0.0496724492509498,0.050020343986745625,-0.00697936403832209,0.0380814592888303,-0.1683553911583146,-0.5277248255969289,0.2247719104094698,0.3980838422955355,0.5239109369560664,0.2470928479592676,0.4392991779531955
2021-01-24 13:50:00,0.0496673319168604,0.04984833194837677,-0.003637622944437517,0.0376571176371111,-0.0903746426349272,-0.5385832392895371,0.2467286186971366,0.4475731320658885,0.5235838505607089,0.2470928479592676,0.4392991779531955
2021-01-24 14:00:00,0.0498143422232465,0.04967015263579545,0.0028987369060915966,0.0376534467567731,0.1884024105720527,-0.538592060246729,0.209203196555407,0.3633945783019055,0.5236933688773493,0.2470928479592676,0.4392991779531955
2021-01-24 14:10:00,0.0498206674264534,0.04951314093296496,0.006191798765643111,0.0376091172251151,-0.0712130275962508,-0.5389985169902518,0.239210035431222,0.4345656025775505,0.521976625784718,0.2470928479592676,0.4392991779531955
2021-01-24 14:20:00,0.0498241734098264,0.049352334193803124,0.009515212572353767,0.0373379725731692,-0.1232957922741917,-0.5454478587754109,0.2503356649492252,0.4607809761387593,0.523011136883677,0.2470928479592676,0.4392991779531955
2021-01-24 14:30:00,0.0496343630011223,0.049234032915340405,0.008098286008327175,0.0375782852817408,-0.450483399601076,-0.5382043891715027,0.2414827975736909,0.4418558146482583,0.5229718415203429,0.2470928479592676,0.4392991779531955
2021-01-24 14:40:00,0.0496593301039843,0.049105821125280634,0.011208706042867953,0.0376114505297643,-0.1670697847924174,-0.5365081341971553,0.2327988713021617,0.4256031904530724,0.5246731723883318,0.2470928479592676,0.4392991779531955
2021-01-24 14:50:00,0.0497264611053429,0.04901007769394086,0.01451126383834047,0.0374683849912028,0.0590563596913895,-0.5397682145794223,0.2149016693199321,0.3813818909300609,0.5230838756591099,0.2470928479592676,0.4392991779531955
2021-01-24 15:00:00,0.0497133241257821,0.04891493358715083,0.0161902480456361,0.0369782872241622,0.3344408225039785,-0.5520613124061767,0.2103927016885717,0.3767078959116742,0.526392828869743,0.2470928479592676,0.4392991779531955
2021-01-24 15:10:00,0.0497070141255443,0.04880346772988831,0.018344682058236205,0.0368001426442693,-0.0800929581062703,-0.5565661851787237,0.2046008765180039,0.3498901609891107,0.5266833553340406,0.2470928479592676,0.4392991779531955
2021-01-24 15:20:00,0.0497203222506508,0.04868562753548549,0.021029883873143442,0.0367949115498439,0.0315537782359598,-0.5566559020844488,0.211705151227949,0.3716427391729971,0.5254718054316194,0.2470928479592676,0.4392991779531955
2021-01-24 15:30:00,0.0497126200205969,0.04857078626583427,0.023236580296273242,0.0368372083517301,0.1888967031829835,-0.5548830515062902,0.2429081767513701,0.440303957216281,0.527234438958631,0.2470928479592676,0.4392991779531955
2021-01-24 15:40:00,0.0496141903204025,0.048460420858101684,0.023529487982969822,0.0368169453264889,-0.4348755542812554,-0.5555547267419766,0.2049281392905643,0.3588903890456094,0.5280850900161165,0.2470928479592676,0.4392991779531955
2021-01-24 15:50:00,0.0495957260829039,0.048386038049429834,0.0246933602808502,0.0370042591398863,-0.3928770271015125,-0.550643969178678,0.2329841524483462,0.4306231742625041,0.527465491863041,0.2470928479592676,0.4392991779531955
2021-01-24 16:00:00,0.0500399858297076,0.048324500392806335,0.03488371586146929,0.0372967157722368,-0.5006332647159439,-0.5421617915296317,0.2401471983346846,0.4420485680264036,0.5283043253445484,0.2470928479592676,0.4392991779531955
2021-01-24 16:10:00,0.0500436805598646,0.04831282299829713,0.03519922331886883,0.0368698177068588,0.0388193454714524,-0.553663348301251,0.2380475997867432,0.4345065917322382,0.5270352763517054,0.2470928479592676,0.4392991779531955
2021-01-24 16:20:00,0.0506286363767562,0.04823988312928341,0.0483312227885311,0.0367831945674256,-0.3649619553666383,-0.5559818304219836,0.2383495163261013,0.4430545053191636,0.5284558306808043,0.2470928479592676,0.4392991779531955
2021-01-24 16:30:00,0.0505244715916176,0.0481883330780964,0.04734086544456245,0.0368569357330782,0.3520133709715267,-0.5522168043779272,0.2154318848470725,0.3896751245508077,0.5256024638660646,0.2470928479592676,0.4392991779531955
2021-01-24 16:40:00,0.0505374046875197,0.048135573851154585,0.04869226412827443,0.0366583849912749,-0.0632269966059695,-0.5561546257460777,0.212822273287055,0.3869100593803136,0.5270150391120982,0.2470928479592676,0.4392991779531955
2021-01-24 16:50:00,0.0505523008721121,0.048085408037116174,0.05002969731367691,0.0366781489413598,-0.1442102004649115,-0.5542211205955041,0.200536177602878,0.3461469299917593,0.5264181984265403,0.2470928479592676,0.4392991779531955
2021-01-24 17:00:00,0.0510844868109329,0.04803029193122168,0.061648972445280274,0.036838550306042,0.3434707216776189,-0.5485006742179831,0.2102850993026298,0.3727585118891276,0.5252046165046259,0.2470928479592676,0.4392991779531955
2021-01-24 17:10:00,0.0518125847986433,0.04798249045851627,0.0767969072942105,0.0368335780923079,-0.0276251767571622,-0.5475870594729715,0.2324920781953622,0.4207261612357332,0.5265710304591595,0.2470928479592676,0.4392991779531955
2021-01-24 17:20:00,0.051806723751449,0.04795140175230458,0.07733190846653447,0.0368432375196256,-0.086597863897353,-0.5463176009741145,0.1951572339269159,0.339838745521306,0.528174318317421,0.2470928479592676,0.4392991779531955
2021-01-24 17:30:00,0.0517107256810635,0.04791790509148404,0.07617598391656644,0.0367050635118081,0.3787241178550005,-0.549261688295303,0.2311392233915387,0.4260552065506647,0.5266396372082979,0.2470928479592676,0.4392991779531955
2021-01-24 17:40:00,0.0517091845627624,0.047880038892546085,0.07693672387200383,0.0367074775723784,0.0441928920485779,-0.5488727117860457,0.2390926546514854,0.4409497883049631,0.5284304214215021,0.2470928479592676,0.4392991779531955
2021-01-24 17:50:00,0.0516325331281874,0.04784224280574757,0.07624297085995695,0.0368136124978025,-0.3088509089254287,-0.5456423119398341,0.2409498418073111,0.4403227485756272,0.5266441452184534,0.2470928479592676,0.4392991779531955
2021-01-24 18:00:00,0.051804602428968,0.04781198980768385,0.08020255445773174,0.0367901038197412,0.1039342807331422,-0.5456952972123528,0.2336688575250028,0.4263617271650001,0.5267214877987756,0.2470928479592676,0.4392991779531955
2021-01-24 18:10:00,0.0518268680498319,0.04780908316165355,0.08069305726643777,0.0367687826821507,-0.0134209920823025,-0.5455942058919018,0.2176472788419726,0.3824797654971794,0.525436657011559,0.2470928479592676,0.4392991779531955
2021-01-24 18:20:00,0.0517791300119551,0.047776252016089635,0.08045847626461855,0.0363535186805953,-0.2455644008151125,-0.5562782761444557,0.2191144239116526,0.39163053948658,0.5272044070947894,0.2470928479592676,0.4392991779531955
2021-01-24 18:30:00,0.0519703916171587,0.04772474301962765,0.08522417944829229,0.0362952680913904,0.0275347274058646,-0.5575014040285964,0.2034005000602979,0.3506038861450806,0.52713990755009,0.2470928479592676,0.4392991779531955
2021-01-24 18:40:00,0.0519389123911531,0.0476726937594923,0.08570949019395561,0.0361254969276177,0.2598859283558852,-0.5617079207405858,0.2131750208111716,0.3756336686630381,0.5261883934992256,0.2470928479592676,0.4392991779531955
2021-01-24 18:50:00,0.051970262556168,0.04762717010293751,0.08726828220469779,0.0361469148503716,-0.1515180323378828,-0.5601066638199613,0.2494505773788185,0.4500978800733593,0.5270780912046937,0.2470928479592676,0.4392991779531955
2021-01-24 19:00:00,0.0519181946991223,0.047565053044787614,0.08757098910908057,0.0361753487156777,-0.296389763449767,-0.5570325131935177,0.21820368686857,0.3836104700109708,0.5294125306084699,0.2470928479592676,0.4392991779531955
2021-01-24 19:10:00,0.0489034721072655,0.047538067182817854,0.028317593744024653,0.0401183092962223,-1.744497399671019,-0.4513640498992257,0.2446234127842045,0.4469349956247432,0.5280157145014224,0.2470928479592676,0.4392991779531955
2021-01-24 19:20:00,0.0489063066678998,0.04782398971675591,0.022378968359625714,0.0401318733073422,-0.1083902520278456,-0.44898920357469174,0.2554859100620051,0.4685085656200154,0.5275290853738607,0.2470928479592676,0.4392991779531955
2021-01-24 19:30:00,0.0489204825665624,0.04813046210635807,0.01628089069122137,0.0401318083248928,-0.1233441732793494,-0.44472280517229945,0.2492380193744606,0.4542065815003655,0.5252648673389827,0.2470928479592676,0.4392991779531955
2021-01-24 19:40:00,0.0488105119248647,0.04843831616219066,0.007654541186798686,0.0397850646992339,0.3503129129015292,-0.4506761437340049,0.2449827584417298,0.4473538513711493,0.5259141882077158,0.2470928479592676,0.4392991779531955
2021-01-24 19:50:00,0.0495420999694645,0.04856749446535941,0.019868343561224997,0.0395572764576876,0.1499509798414067,-0.4544390188263096,0.2205741971131681,0.3885919113308291,0.5251950049771914,0.2470928479592676,0.4392991779531955
2021-01-24 20:00:00,0.0501507729489398,0.04868309049325866,0.029702175032819758,0.0392170047562091,0.0208007656453901,-0.46152882527656613,0.2180140837271995,0.3874393958567416,0.5283960559586485,0.2470928479592676,0.4392991779531955
2021-01-24 20:10:00,0.0503205846597205,0.048755987983537044,0.03158621082621477,0.039282007576497,0.2334639357423285,-0.45835349273224574,0.2118161632941284,0.3636232493153051,0.5284592864983254,0.2470928479592676,0.4392991779531955
2021-01-24 20:20:00,0.0503204853182109,0.0488213829380256,0.03024386513617879,0.0392762565199837,0.1904262683424917,-0.45662742643421983,0.2187837069204191,0.3840854010980816,0.5285818985264867,0.2470928479592676,0.4392991779531955
2021-01-24 20:30:00,0.0501010429366078,0.04886935390057423,0.024891334555538536,0.0393284842923385,0.4784113482614316,-0.4536560374202011,0.2533580493367441,0.4551344120407125,0.5290889280046622,0.2470928479592676,0.4392991779531955
2021-01-24 20:40:00,0.0501567498161621,0.04892675998721141,0.024828612094338936,0.0391678709887713,-0.0459833897860306,-0.4561208190199099,0.2132468555883862,0.3644192854099577,0.5298546753122373,0.2470928479592676,0.4392991779531955
2021-01-24 20:50:00,0.0504180881357896,0.04893457979552744,0.029865702425745086,0.0393166493231915,0.3432562593845389,-0.4510485597576836,0.2463574349477053,0.4411484417526722,0.5298140623933082,0.2470928479592676,0.4392991779531955
2021-01-24 21:00:00,0.0533186058146833,0.04898188143085456,0.0848348844442868,0.0392755425269927,0.0247460454145809,-0.4510528406466186,0.2623605045667836,0.4761277899526709,0.5307410326368767,0.2470928479592676,0.4392991779531955
2021-01-24 21:10:00,0.0532971123018212,0.049015706402595574,0.0837413659243655,0.0391636587295564,0.1579588604290194,-0.4528333460315638,0.2601488334064886,0.4770750499338326,0.5295994903413419,0.2470928479592676,0.4392991779531955
2021-01-24 21:20:00,0.0536937569505886,0.04901121667803188,0.09124755314207916,0.0390756519931036,-0.0685895296735239,-0.45408788914459325,0.2522181356600553,0.4577917540201427,0.5299522986907179,0.2470928479592676,0.4392991779531955
2021-01-24 21:30:00,0.0542927378290065,0.04902159056888653,0.10212965143748735,0.0389038170668907,0.1632326275641915,-0.45780897643961804,0.2392781134007618,0.41873835734465,0.5284083456643377,0.2470928479592676,0.4392991779531955
2021-01-24 21:40:00,0.0547908381350381,0.04900693558825759,0.11156116194787227,0.0366332611449359,0.0572777536595126,-0.5177134696888005,0.2463013997131372,0.4421423574502615,0.5315799905570139,0.2470928479592676,0.4392991779531955
2021-01-24 21:50:00,0.0546632630743327,0.04883736417033007,0.11269619726274248,0.0367807661182138,0.4260656776139626,-0.514906368353412,0.2274403862815373,0.3896649949098908,0.5311122382216122,0.2470928479592676,0.4392991779531955
2021-01-24 22:00:00,0.0552773218322353,0.0485782097010034,0.12918766066597803,0.036798851804976,-0.2753491325783841,-0.516405969693426,0.2348992439652666,0.415106660874986,0.5290635574375939,0.2470928479592676,0.4392991779531955
2021-01-24 22:10:00,0.0552684517943028,0.048446993337793044,0.1317319743705751,0.0363539534194113,-0.1006725785902773,-0.5290368480091783,0.2618270344966002,0.4743272242256908,0.5283535584371759,0.2470928479592676,0.4392991779531955
2021-01-24 22:20:00,0.0563063511107255,0.04832099980722853,0.15294109235702286,0.0365613665891168,0.3891474983626963,-0.5237552110689838,0.2234726342639525,0.3880614407187716,0.5296127733139679,0.2470928479592676,0.4392991779531955
2021-01-24 22:30:00,0.0559634257360446,0.04820689702301295,0.1491962629246872,0.0379273185721997,1.2154567624575563,-0.48754493893812484,0.250438953348138,0.4512517497681835,0.5301301237940703,0.2470928479592676,0.4392991779531955
2021-01-24 22:40:00,0.0559392178745552,0.04823746190308687,0.14812976908459602,0.0380301307842417,-0.3340621407820876,-0.485622882798064,0.2618483560254998,0.476626132211813,0.5318894302901898,0.2470928479592676,0.4392991779531955
2021-01-24 22:50:00,0.055903180647837,0.04824398715654391,0.14735007592809615,0.0380863040774549,-0.2325828237196958,-0.48444178612444533,0.2650313586929301,0.4852934264123252,0.5303999876029108,0.2470928479592676,0.4392991779531955
2021-01-24 23:00:00,0.0558762580440453,0.04825630538034935,0.1466130673050018,0.0380657506039935,0.1736023823028176,-0.48359259701732754,0.2565395267955875,0.4683017688131706,0.5312159393702593,0.2470928479592676,0.4392991779531955
2021-01-24 23:10:00,0.0558853805502385,0.0482511198019331,0.1468837814923015,0.0379973325923159,-0.0345844916084914,-0.4847675631323637,0.2414578241435721,0.4267186364786669,0.5286573640619787,0.2470928479592676,0.4392991779531955
2021-01-24 23:20:00,0.0558164794698784,0.04824206609015296,0.14583777588741287,0.0380342360174029,-0.2909455129335825,-0.4829916950560821,0.2410699025215815,0.4317304127785644,0.5304746255006576,0.2470928479592676,0.4392991779531955
2021-01-24 23:30:00,0.0558759850406753,0.04824594881499305,0.1468228202652608,0.0378968908071269,-0.0846288604348544,-0.48596835586401965,0.2310399585639052,0.3981875703758029,0.5310285226669584,0.2470928479592676,0.4392991779531955
2021-01-24 23:40:00,0.0550652315175141,0.048209385070088415,0.1329647969480182,0.0388127122283583,1.036354923543037,-0.4618051117365643,0.238853283649755,0.4269170275573704,0.5299159450379428,0.2470928479592676,0.4392991779531955
2021-01-24 23:50:00,0.0552060499547754,0.048277103754058054,0.1341151420014481,0.0389727875536643,-0.3531410863677919,-0.4573853377671956,0.2655706139234706,0.4881788346868536,0.5306257965545854,0.2470928479592676,0.4392991779531955
2021-01-25 00:00:00,0.0555260078451391,0.04832785661988407,0.1388433847919121,0.038751139583601,-0.0787901445839622,-0.46242891251459156,0.2236243630782766,0.3898464740099067,0.5314810420589351,0.2367806567506439,0.4230032354408356
2021-01-25 00:10:00,0.0549665416910173,0.048348864673366194,0.12828192702825722,0.0395658112731723,0.8195111779320641,-0.4386888313403488,0.25894337589532,0.4671762412058818,0.5309166183447867,0.2367806567506439,0.4230032354408356
2021-01-25 00:20:00,0.0546389897631483,0.04843982285512434,0.12042546444777397,0.0400220775392948,0.6026290503427845,-0.4254002916338755,0.2799069519920241,0.5174192699838169,0.5325228993276765,0.2367806567506439,0.4230032354408356
2021-01-25 00:30:00,0.0546258332450072,0.04856942912384055,0.11751260460240222,0.0400341581925051,-0.2047513351616459,-0.4235959068706315,0.2715194602003824,0.4997873013934094,0.5307201017784289,0.2367806567506439,0.4230032354408356
2021-01-25 00:40:00,0.0544273947016662,0.04869514347049634,0.11128830446584992,0.0402917906381682,0.4779155771684529,-0.41571418776941005,0.2607698210654705,0.47580673390016,0.5300483396153504,0.2367806567506439,0.4230032354408356
2021-01-25 00:50:00,0.054061754970346,0.048783698018117945,0.10273080365795578,0.0408066707670079,-0.6468731439042585,-0.40196698216130317,0.2387043666902422,0.4208688567746458,0.527244905227056,0.2367806567506439,0.4230032354408356
2021-01-25 01:00:00,0.0543215611208676,0.048918345513684916,0.10476873217248724,0.0408488660134766,-0.2190176968115409,-0.3997674987741501,0.2363993886669398,0.4207222308353727,0.5291413424766636,0.2367806567506439,0.4230032354408356
2021-01-25 01:10:00,0.0541745783259908,0.049044628426481544,0.09948109602639955,0.0409490506705027,0.4148668559826873,-0.3959043802803637,0.2162285730364322,0.3639883862536601,0.5300431318769174,0.2367806567506439,0.4230032354408356
2021-01-25 01:20:00,0.0541519317601321,0.049145037832051305,0.09701776522837316,0.0409892698249146,-0.2074177548962552,-0.3937028988586659,0.2209022369615156,0.383976309112199,0.5298265618333442,0.2367806567506439,0.4230032354408356
2021-01-25 01:30:00,0.0551350246627491,0.049248421362812864,0.11290785696878014,0.0409892600955125,-0.0283901570623967,-0.3921178171248338,0.2537545722700108,0.4558983541569897,0.5297968290580907,0.2367806567506439,0.4230032354408356
2021-01-25 01:40:00,0.0547658555612661,0.04931702024701561,0.1047976663195587,0.0415672705480993,0.6971357380827214,-0.37679795225252716,0.2156317106463388,0.3671380825277466,0.5314527885630513,0.2367806567506439,0.4230032354408356
2021-01-25 01:50:00,0.0547130663050808,0.04945748778962586,0.10098908499078646,0.0413471430543638,0.2629675366423001,-0.3801879714698066,0.256255227411523,0.4580778591403374,0.5304757504930608,0.2367806567506439,0.4230032354408356
2021-01-25 02:00:00,0.054814874562215,0.04953679163213107,0.10124593195422593,0.0413951465556763,-0.2371211511977833,-0.37776350059902747,0.2700115060423799,0.4871929249372688,0.53076472234914,0.2367806567506439,0.4230032354408356
2021-01-25 02:10:00,0.0548756170952119,0.04962729452219058,0.10052814164150646,0.0405359042829351,-0.2403424471424387,-0.39743506389334643,0.2732441964981011,0.493450612178693,0.5299404771446437,0.2367806567506439,0.4230032354408356
2021-01-25 02:20:00,0.0548108943485701,0.049623576017315096,0.09942293244621886,0.0406162204712276,0.2699905084206477,-0.39360462420141434,0.2692832938493074,0.4880215105828713,0.5297437276439565,0.2367806567506439,0.4230032354408356
2021-01-25 02:30:00,0.0546691988850725,0.04962824607197891,0.09674031025381791,0.040913868184452,-0.4933975651850275,-0.38443594206305803,0.2470492310978356,0.4380736384277713,0.5276437071244738,0.2367806567506439,0.4230032354408356
2021-01-25 02:40:00,0.0547576436200063,0.04964680645146707,0.09798290124665296,0.0410295819628733,0.3219999407514606,-0.3800127998651817,0.2438639655228781,0.4353204472129018,0.5294573635554762,0.2367806567506439,0.4230032354408356
2021-01-25 02:50:00,0.0547747550579357,0.04967287855206964,0.09777033271104467,0.0410302484236765,0.0875193210749358,-0.37874399253104213,0.2347391866170691,0.4004937545134757,0.5292764807205389,0.2367806567506439,0.4230032354408356
2021-01-25 03:00:00,0.0546933164469456,0.04970876319348236,0.0955602769890681,0.0411552017315741,-0.3234920384393547,-0.37425639981020714,0.2479493842668661,0.443308452269901,0.5293504741478523,0.2367806567506439,0.4230032354408356
2021-01-25 03:10:00,0.0551587896482691,0.0497246916905154,0.10371448569264044,0.0411601287058314,-0.1132800192637617,-0.3729695511287988,0.2729457266521465,0.494020842625771,0.5295687373518136,0.2367806567506439,0.4230032354408356
2021-01-25 03:20:00,0.0552976371635983,0.049752805137714615,0.105663333320512,0.0413145026446344,0.3584383888899367,-0.3681493640458237,0.2344720081094038,0.4046714813592709,0.5298609360328299,0.2367806567506439,0.4230032354408356
2021-01-25 03:30:00,0.0540897317973567,0.04977151469333695,0.0832015411496427,0.0428110280530064,1.1515075841755262,-0.3315756904057919,0.2666646055209763,0.4784346403032157,0.5285318305432571,0.2367806567506439,0.4230032354408356
2021-01-25 03:40:00,0.0539346997113287,0.04991729493859065,0.07740651554474828,0.0437493452693647,0.9366686797758206,-0.30890037190223546,0.2818991138759861,0.5114842536281579,0.5286649931127133,0.2367806567506439,0.4230032354408356
2021-01-25 03:50:00,0.0538093234753159,0.05011600682854948,0.07110629631275485,0.0434441274669098,0.4130841618922076,-0.3151996715729469,0.2735888727802095,0.4940706752507089,0.5277054079765338,0.2367806567506439,0.4230032354408356
2021-01-25 04:00:00,0.0542121074661147,0.050322549007226984,0.0744510014268581,0.0435231054317743,0.2627497484189334,-0.31329868372406106,0.2675277202878542,0.4849520946020171,0.5287005625627035,0.2367806567506439,0.4230032354408356
2021-01-25 04:10:00,0.0540465372706235,0.05046481616726148,0.06856909282734278,0.043649546435385,-0.452572655298411,-0.3100881454618854,0.2537163133606138,0.4499435626485853,0.5262982755244414,0.2367806567506439,0.4230032354408356
2021-01-25 04:20:00,0.0540710591193082,0.05059936909726764,0.06635998334859285,0.0436607208720781,-0.1082399069343154,-0.3077758973851662,0.2484217562204559,0.441246150707789,0.5293380609329394,0.2367806567506439,0.4230032354408356
2021-01-25 04:30:00,0.0540443345943577,0.05073019604870778,0.06328340460288645,0.0436893485431629,-0.1747795161211485,-0.3049685939431476,0.2386324173412626,0.4043174144002368,0.5291334175072541,0.2367806567506439,0.4230032354408356
2021-01-25 04:40:00,0.0545907966584366,0.05083793011392533,0.07122257741222816,0.0434256030987642,-0.0314030433624878,-0.30931135217233335,0.246880925733521,0.4296350506526183,0.5280906918037027,0.2367806567506439,0.4230032354408356
2021-01-25 04:50:00,0.0545940024998647,0.05090179483525392,0.07002584746864808,0.0428448881657325,-0.0478413006399947,-0.321390866198362,0.2784706710470347,0.4950205822868678,0.5296944873498001,0.2367806567506439,0.4230032354408356
2021-01-25 05:00:00,0.0545767464228965,0.05089149887068556,0.0699120090288587,0.0428362933448753,-0.1769932377030159,-0.321188692973712,0.2427998001741128,0.4162751986449859,0.5307914884330667,0.2367806567506439,0.4230032354408356
2021-01-25 05:10:00,0.0545863542638051,0.05090920043465129,0.06974026728339716,0.0428396890904025,0.1952767619496143,-0.32051619597109254,0.2715917690220886,0.491104147575886,0.5304232587067002,0.2367806567506439,0.4230032354408356
2021-01-25 05:20:00,0.0546942697301134,0.050897076291191806,0.07195346415212052,0.0428257972630556,-0.0811492890537834,-0.32027713841958105,0.2794303834108706,0.5048207408633156,0.5307609956244517,0.2367806567506439,0.4230032354408356
2021-01-25 05:30:00,0.0550269538438389,0.050895451357956444,0.0780495797959339,0.0428423149175811,0.1303874595015131,-0.31920531778174754,0.2814048432100102,0.5062104912259142,0.5299694132729692,0.2367806567506439,0.4230032354408356
2021-01-25 05:40:00,0.0548736752777472,0.050892216441862814,0.0753237371437367,0.0430256730015849,-0.4908914509973883,-0.3120274627049455,0.2800653909631481,0.5098063245404862,0.5317423414498236,0.2367806567506439,0.4230032354408356
2021-01-25 05:50:00,0.054965014543475,0.050887245210702176,0.07708457672267272,0.0430132910448947,0.3245329889471904,-0.3048331408767603,0.2519854522486043,0.4440551984446504,0.5292846449594524,0.2367806567506439,0.4230032354408356
2021-01-25 06:00:00,0.0551388091656813,0.05087961747939891,0.0803914078924054,0.0429434750573433,0.1848389530737293,-0.30207485100936216,0.2457833771197536,0.4337516641703828,0.5304178509163897,0.2367806567506439,0.4230032354408356
2021-01-25 06:10:00,0.0551378297816793,0.050870795241932276,0.08054705495107946,0.0428607332494456,-0.0407034677287754,-0.3001734905547584,0.2258264093748916,0.3809696605530702,0.5292505287692117,0.2367806567506439,0.4230032354408356
2021-01-25 06:20:00,0.0548585772379656,0.05087069860150711,0.07547145894263382,0.0432652254311562,-0.6113145787578489,-0.28749241419917865,0.2349458447309105,0.4115877922419791,0.5284591329919687,0.2367806567506439,0.4230032354408356
2021-01-25 06:30:00,0.0548734750744834,0.05089431770199362,0.07527880111215209,0.0431999787648373,0.0012941428748192,-0.2860041552133279,0.261395191955346,0.4701938890416453,0.5301797442886556,0.2367806567506439,0.4230032354408356
2021-01-25 06:40:00,0.0549309136037281,0.050903120680526465,0.0761520476541921,0.0432607982269266,0.4858038820506394,-0.2818673093600254,0.2225751381196198,0.3852325288419285,0.5323247436179458,0.2367806567506439,0.4230032354408356
2021-01-25 06:50:00,0.0548170605454084,0.05092071790968142,0.07373159695811961,0.0434699279535839,0.4379015192409241,-0.2749151045785171,0.2623519906313452,0.4802426149669662,0.5317790111255185,0.2367806567506439,0.4230032354408356
2021-01-25 07:00:00,0.0548859209419729,0.050940072459343,0.07460697448719336,0.0434701678140567,-0.3577566974271917,-0.2717343303662846,0.2751210582765592,0.5047101156033383,0.5328043821437074,0.2367806567506439,0.4230032354408356
2021-01-25 07:10:00,0.054777238158817,0.05096821835396999,0.07207247665838067,0.0435519919335205,-0.4136878660887078,-0.26701614339153723,0.2760844244896775,0.5044555775214445,0.5311330256619462,0.2367806567506439,0.4230032354408356
2021-01-25 07:20:00,0.0548248250063997,0.05100226873957007,0.0722729856166206,0.043375025902564,-0.0418989801895364,-0.26889864566838745,0.2706654616558474,0.4961443246429042,0.5312920213407133,0.2367806567506439,0.4230032354408356
2021-01-25 07:30:00,0.0548260902865705,0.051011654220449426,0.0721120600287583,0.0433567595975343,-0.1114754213800139,-0.2675344003415711,0.2523329753709407,0.4520226040733433,0.5295649073624756,0.2367806567506439,0.4230032354408356
2021-01-25 07:40:00,0.0554831873423166,0.05101777038971564,0.08390603304294239,0.0433265898218255,0.1135196814136207,-0.2649766269066037,0.2496301886159027,0.4518070288819159,0.5315657796565151,0.2367806567506439,0.4230032354408356
2021-01-25 07:50:00,0.0553835734771572,0.05102715303785921,0.08192513860350079,0.043286043691289,0.3413757699298969,-0.26316453269902906,0.2314192974393979,0.4044572952717543,0.5316431098175924,0.2367806567506439,0.4230032354408356
2021-01-25 08:00:00,0.0553852682307249,0.05103294834692073,0.0818421718338034,0.0432638675090613,-0.0190563054475845,-0.26145771101213783,0.2379604188366577,0.4230899609734401,0.5308792865086832,0.2367806567506439,0.4230032354408356
2021-01-25 08:10:00,0.0554365997707667,0.05100884345082797,0.08324100261591737,0.0430194192641543,-0.0197193085934799,-0.2647121592366112,0.2745824271684481,0.4959749035474218,0.5320410278269025,0.2367806567506439,0.4230032354408356
2021-01-25 08:20:00,0.0554190796155631,0.05097948926041964,0.08350055138749189,0.0430308816780775,-0.1576544611056718,-0.2625063123031387,0.2457173010227398,0.4332514078289176,0.5343872122075926,0.2367806567506439,0.4230032354408356
2021-01-25 08:30:00,0.055563312462567,0.050945409331521446,0.08676848149842413,0.0430458528492006,0.1294772731704085,-0.2606126555015705,0.2712376104059368,0.4939753854187718,0.5331753328309556,0.2367806567506439,0.4230032354408356
2021-01-25 08:40:00,0.0555672874566543,0.05091988667310079,0.08734112491206368,0.0430996206505032,0.2177470147508131,-0.257742728105687,0.283295649056128,0.518073851874965,0.5323813240340148,0.2367806567506439,0.4230032354408356
2021-01-25 08:50:00,0.0556811821920194,0.05090313868569541,0.08971766227620762,0.0431356294982565,0.1786407789388988,-0.25514336897222556,0.2777229785101535,0.5062488051413843,0.5295420803857666,0.2367806567506439,0.4230032354408356
2021-01-25 09:00:00,0.0556567533156841,0.05088628707411663,0.08960994563399605,0.0431215044827945,-0.1841751600865748,-0.2528664712902866,0.2697020449927794,0.4911032139381479,0.5298084567864065,0.2367806567506439,0.4230032354408356
2021-01-25 09:10:00,0.055966082902225,0.0508800520660655,0.0952749024449031,0.043104783194891,-0.2992823388032306,-0.25071495901609564,0.2432206222048483,0.4274038043123079,0.5288728654652566,0.2367806567506439,0.4230032354408356
2021-01-25 09:20:00,0.0559906823212194,0.050853831673364276,0.09622981763927355,0.0430194728366192,-0.0047710789804256,-0.2511365747464174,0.2411081513042137,0.4264862979697059,0.5316810262347763,0.2367806567506439,0.4230032354408356
2021-01-25 09:30:00,0.0559573534885258,0.050827852646608385,0.09614537098613733,0.0430601843194934,-0.2259414772328938,-0.24460385877383345,0.230001864047022,0.3924086653777748,0.530758628020803,0.2367806567506439,0.4230032354408356
2021-01-25 09:40:00,0.0560920885791181,0.05081335841794061,0.09883549803942393,0.0433894538900082,-0.5501455734643557,-0.23232842598985223,0.2365926117488206,0.4141446273797011,0.5302790034321669,0.2367806567506439,0.4230032354408356
2021-01-25 09:50:00,0.0573681125760726,0.05084361668203981,0.12073403662316716,0.043389106203493,-0.0481254744133963,-0.2285360546178906,0.2707388015548926,0.4856164244016778,0.5305996896441605,0.2367806567506439,0.4230032354408356
2021-01-25 10:00:00,0.0574634385732382,0.05086650577906727,0.1219442274148415,0.0434418776733426,0.2296201157285793,-0.2227883719931378,0.2328117736960155,0.3981209667307484,0.5316982540204481,0.2367806567506439,0.4230032354408356
2021-01-25 10:10:00,0.0585417780666505,0.05088343154061231,0.14020329377698493,0.0433550476765127,0.0513943249103476,-0.2210881173325975,0.2682261442296669,0.4812057633133164,0.5316813627078986,0.2367806567506439,0.4230032354408356
2021-01-25 10:20:00,0.0584977105857537,0.05088081054006541,0.13950176885495133,0.0434181336981443,-0.2340079002985717,-0.2166530149377741,0.280061535642623,0.509611784254984,0.5317706233287323,0.2367806567506439,0.4230032354408356
2021-01-25 10:30:00,0.0584719687550376,0.050885961167992426,0.1389603993306445,0.0434265260615812,0.182734321138156,-0.21368750123193242,0.2721880870975124,0.4980924147139599,0.5303806074346858,0.2367806567506439,0.4230032354408356
2021-01-25 10:40:00,0.0585595935445602,0.050867682993091315,0.1408171186039542,0.0433879515841419,0.0727228209395747,-0.21266994247812165,0.2588384588864916,0.4679621829989671,0.5304466299648305,0.2367806567506439,0.4230032354408356
2021-01-25 10:50:00,0.0585624665879968,0.050859951116005414,0.141018190617303,0.0433669605406526,-0.0200613879140831,-0.2112320204859737,0.2387734244911755,0.4166729655920204,0.5281956914473815,0.2367806567506439,0.4230032354408356
2021-01-25 11:00:00,0.0586268089653381,0.050860596239748056,0.14210359976007472,0.0433562320368103,0.0892649064557105,-0.2101602657908364,0.2446311921667529,0.4397944021544432,0.5310766616817799,0.2367806567506439,0.4230032354408356
2021-01-25 11:10:00,0.0586259465230064,0.050855219715607664,0.1421946055169007,0.0433525876327902,-0.0834723330761733,-0.20858876577506624,0.2270202970259147,0.392955532646145,0.53016253903005,0.2367806567506439,0.4230032354408356
2021-01-25 11:20:00,0.058672652179507,0.05085590408495066,0.14297750333294118,0.0435193615395334,0.430936209443189,-0.19495167341404776,0.2362039848717329,0.4181665499502902,0.5286028652438777,0.2367806567506439,0.4230032354408356
2021-01-25 11:30:00,0.0586495810559839,0.0508683251071546,0.14233999862341748,0.043591301216548,-0.2507195661824113,-0.18660229430060501,0.2671013545865227,0.4845855296128139,0.5285958356585988,0.2367806567506439,0.4230032354408356
2021-01-25 11:40:00,0.0590254550562749,0.05087555417245011,0.14858625596531277,0.0435684567750398,-0.0109923816882684,-0.18176210892176106,0.2323441844433452,0.4047069713111861,0.5297199091584297,0.2367806567506439,0.4230032354408356
2021-01-25 11:50:00,0.0591129562436536,0.050875576145666256,0.1500671577373577,0.0434495018319489,0.04320966253335,-0.1796790866816659,0.2601869714094919,0.4711594342860796,0.5297344168126749,0.2367806567506439,0.4230032354408356
2021-01-25 12:00:00,0.05910908904023,0.05085721576827488,0.1503626880127415,0.0429268396733815,0.0772791518974358,-0.1868246554045571,0.273883824280635,0.5034318300757633,0.5309564864791799,0.2367806567506439,0.4230032354408356
2021-01-25 12:10:00,0.0583454862203767,0.05080493553699244,0.1383884926580135,0.0439331317116824,0.9476354458730184,-0.15894260820587205,0.2749298971887212,0.5085185371534386,0.5289263277950925,0.2367806567506439,0.4230032354408356
2021-01-25 12:20:00,0.0585478001530959,0.050839893079408116,0.14116217399125708,0.0439398984641863,0.1011421162615988,-0.15454962895879332,0.2622822165160576,0.4812059422692792,0.5296272979359754,0.2367806567506439,0.4230032354408356
2021-01-25 12:30:00,0.058529700495097,0.050871062304742226,0.1402400848203849,0.0435504498654035,-0.1541366198438254,-0.1594361772206214,0.2444404053847884,0.4352514527224867,0.526845320908462,0.2367806567506439,0.4230032354408356
2021-01-25 12:40:00,0.0544605686223369,0.05086015563436606,0.06839710824799573,0.0486142506186238,2.1669633726318693,-0.046976742031181684,0.2442214161600873,0.4373900405897426,0.5288742001936846,0.2367806567506439,0.4230032354408356
2021-01-25 12:50:00,0.0549258616902208,0.05145779979886168,0.06522225625677718,0.0486254723180768,-0.170641180812936,-0.04430511703246186,0.2334456924792898,0.4015019283470418,0.5289380748001262,0.2367806567506439,0.4230032354408356
2021-01-25 13:00:00,0.0549971233046164,0.05180510707574728,0.059792143710723486,0.0486321329477912,-0.1113773906187276,-0.04193057437692845,0.2444372393097736,0.4334020761588477,0.5278843911954758,0.2367806567506439,0.4230032354408356
2021-01-25 13:10:00,0.0550177097062265,0.05227112405337302,0.05121103081664142,0.0486723239937696,0.4106827516638489,-0.038685581848894264,0.2707344279274019,0.4963307018860444,0.528021797025789,0.2367806567506439,0.4230032354408356
2021-01-25 13:20:00,0.0544950122806781,0.05261711475045072,0.035067737391072426,0.0493707891609975,0.830297830216864,-0.020435022733241166,0.2311582686260758,0.4047862209383595,0.5290483349565771,0.2367806567506439,0.4230032354408356
2021-01-25 13:30:00,0.0546120983885377,0.05298641644992943,0.030219853106999664,0.0496062318378864,-0.4831803946721891,-0.011682117505817395,0.2679232394211595,0.4878809036287745,0.5282633326272902,0.2367806567506439,0.4230032354408356
2021-01-25 13:40:00,0.0552237363160392,0.053260843182310204,0.036191454885418424,0.0496724492509498,0.3067300312531884,-0.00697936403832209,0.2847532839311666,0.5305578771210173,0.5300233963302479,0.2367806567506439,0.4230032354408356
2021-01-25 13:50:00,0.0555025266337504,0.05352009271073106,0.03637139656684158,0.0496673319168604,0.0555340215129263,-0.003637622944437517,0.2746139804108644,0.5088252323689415,0.5283833220306192,0.2367806567506439,0.4230032354408356
2021-01-25 14:00:00,0.0557767230264486,0.0537340149038303,0.03731040665389543,0.0498143422232465,0.4263141825704863,0.0028987369060915966,0.2652161837650344,0.4872363614810784,0.5279016082856711,0.2367806567506439,0.4230032354408356
2021-01-25 14:10:00,0.055766598425817,0.05392811694634294,0.03352310352540698,0.0498206674264534,-0.1066462007058177,0.006191798765643111,0.2384071207541677,0.4255581277626445,0.5248520406903534,0.2367806567506439,0.4230032354408356
2021-01-25 14:20:00,0.0557777078644229,0.05409088301884513,0.030708638185443903,0.0498241734098264,-0.1367310642988783,0.009515212572353767,0.2373952785760811,0.4295746638451193,0.5272040973454659,0.2367806567506439,0.4230032354408356
2021-01-25 14:30:00,0.0564361061715385,0.05421691547003839,0.04011618072473097,0.0496343630011223,0.1189648639867257,0.008098286008327175,0.2171942312545021,0.3771359770775647,0.52788277641648,0.2367806567506439,0.4230032354408356
2021-01-25 14:40:00,0.0564013095859048,0.05433415508699103,0.037339341517953456,0.0496593301039843,-0.229571495363956,0.011208706042867953,0.2241381550782242,0.3999561106852144,0.5281503527148668,0.2367806567506439,0.4230032354408356
2021-01-25 14:50:00,0.0564464668564178,0.05438105660873612,0.03727683062007545,0.0497264611053429,-0.2649647721243653,0.01451126383834047,0.2595803860790461,0.478851633553552,0.5282666386132586,0.2367806567506439,0.4230032354408356
2021-01-25 15:00:00,0.056658206032737,0.054422468808364675,0.04025973377617193,0.0497133241257821,-0.3143044376015425,0.0161902480456361,0.2172313024004065,0.3818689669357799,0.5302743147224485,0.2367806567506439,0.4230032354408356
2021-01-25 15:10:00,0.0567064213218273,0.05449966122271397,0.039692969594307105,0.0497070141255443,-0.0118936267893943,0.018344682058236205,0.2516189126118605,0.4599882471005391,0.5291404412328586,0.2367806567506439,0.4230032354408356
2021-01-25 15:20:00,0.0570036982145911,0.05456332335765366,0.043754223027007405,0.0497203222506508,0.1192793160441851,0.021029883873143442,0.2611141701411438,0.4807219707944692,0.5293435377652727,0.2367806567506439,0.4230032354408356
2021-01-25 15:30:00,0.0576000992961544,0.05464226364287208,0.052716648877272926,0.0497126200205969,0.1674019429705353,0.023236580296273242,0.2566939496986267,0.4715063613021149,0.5277320882744716,0.2367806567506439,0.4230032354408356
2021-01-25 15:40:00,0.0576426564491503,0.05470427020980957,0.052321084599610754,0.0496141903204025,-0.3022410727879787,0.023529487982969822,0.2493321938543205,0.4599489106418157,0.527522776031735,0.2367806567506439,0.4230032354408356
2021-01-25 15:50:00,0.0575609849454821,0.05470359277458807,0.05091560479608007,0.0495957260829039,0.3688278783352317,0.0246933602808502,0.2270387053397017,0.4157486632703356,0.5247690823823263,0.2367806567506439,0.4230032354408356
2021-01-25 16:00:00,0.0572605353872366,0.05471333281710362,0.04550422563689045,0.0500399858297076,-0.8326313873553204,0.03488371586146929,0.2232310834544441,0.4099996621900393,0.5262300301605682,0.2367806567506439,0.4230032354408356
2021-01-25 16:10:00,0.0591273008379808,0.054746001271508984,0.07698843096970219,0.0500436805598646,-0.072144043323874,0.03519922331886883,0.2160187275988163,0.3796886029579274,0.5258211733630165,0.2367806567506439,0.4230032354408356
2021-01-25 16:20:00,0.0586128346313259,0.054797446081870614,0.06731010509122706,0.0506286363767562,-0.849756319650119,0.0483312227885311,0.2340454593853781,0.4275327757045766,0.5264325637462641,0.2367806567506439,0.4230032354408356
2021-01-25 16:30:00,0.0592574658461358,0.05489121023300351,0.07653854726729513,0.0505244715916176,0.1361891910782731,0.04734086544456245,0.2584884041775802,0.4781359080731829,0.5261785794004366,0.2367806567506439,0.4230032354408356
2021-01-25 16:40:00,0.0592908536596221,0.05496810723464085,0.0757019070701086,0.0505374046875197,-0.1306448716155372,0.04869226412827443,0.2201732025301698,0.3901086744625975,0.5260188019440073,0.2367806567506439,0.4230032354408356
2021-01-25 16:50:00,0.0592851690298056,0.05501833407862591,0.07469269747662527,0.0505523008721121,0.1893544059750951,0.05002969731367691,0.2496552619096455,0.4597832768323969,0.5236772633221076,0.2367806567506439,0.4230032354408356
2021-01-25 17:00:00,0.0588438713881583,0.05509499121725767,0.06582888021602153,0.0510844868109329,0.8117073545115261,0.061648972445280274,0.2614238081995946,0.4857599166666678,0.5239297240216063,0.2367806567506439,0.4230032354408356
2021-01-25 17:10:00,0.0585065192146867,0.055202955151774896,0.05812170038785321,0.0518125847986433,-0.8659992252843196,0.0767969072942105,0.254817384594941,0.4676514749038531,0.5233258368211613,0.2367806567506439,0.4230032354408356
2021-01-25 17:20:00,0.0585975102784993,0.05542070392479209,0.05573896797292953,0.051806723751449,-0.0377625933309033,0.07733190846653447,0.2486505604521968,0.4542850717378839,0.524397429581597,0.2367806567506439,0.4230032354408356
2021-01-25 17:30:00,0.058566717716778,0.05554743988267565,0.05292914987959204,0.0517107256810635,-0.2098980787847537,0.07617598391656644,0.2338777766195193,0.4181574593976882,0.5215793182383723,0.2367806567506439,0.4230032354408356
2021-01-25 17:40:00,0.058566529695575,0.05565176295820473,0.051049611188743765,0.0517091845627624,0.0189522701520061,0.07693672387200383,0.2317791615468837,0.4153426822335922,0.5237641798576809,0.2367806567506439,0.4230032354408356
2021-01-25 17:50:00,0.0586890353090817,0.05573038159851125,0.05172746854665258,0.0516325331281874,-0.1271848057728064,0.07624297085995695,0.2220001901344472,0.3820744836562284,0.5222460288063805,0.2367806567506439,0.4230032354408356
2021-01-25 18:00:00,0.0590846429368156,0.05579594164289462,0.05726990553245581,0.051804602428968,0.4344949834143463,0.08020255445773174,0.233585601043223,0.4139474557182411,0.5214070130893965,0.2367806567506439,0.4230032354408356
2021-01-25 18:10:00,0.0594026304660618,0.05585598188391843,0.06156188330136333,0.0518268680498319,0.1524936501660079,0.08069305726643777,0.267216212108254,0.4854851878014238,0.5219440490543695,0.2367806567506439,0.4230032354408356
2021-01-25 18:20:00,0.0594006705266394,0.05591152731792188,0.06053494252936607,0.0517791300119551,-0.1041268666115868,0.08045847626461855,0.2285289972627803,0.4016692801214332,0.5229010073181765,0.2367806567506439,0.4230032354408356
2021-01-25 18:30:00,0.0592460142680773,0.05597418659326289,0.05680787724383499,0.0519703916171587,-0.4463083706051307,0.08522417944829229,0.2578793176482317,0.4758559706595049,0.5222534947267233,0.2367806567506439,0.4230032354408356
2021-01-25 18:40:00,0.059359841190826,0.05603505944288038,0.0576403671784164,0.0519389123911531,-0.1866302523916729,0.08570949019395561,0.2665621286571649,0.4915404342026273,0.5221570847704865,0.2367806567506439,0.4230032354408356
2021-01-25 18:50:00,0.0595237275902843,0.05607435832239515,0.05969637895089444,0.051970262556168,-0.235655282001268,0.08726828220469779,0.2661005732841809,0.4867466151675861,0.5203595893339703,0.2367806567506439,0.4230032354408356
2021-01-25 19:00:00,0.0596130568593343,0.05612226534204863,0.06034200444146144,0.0519181946991223,0.1837237014301607,0.08757098910908057,0.2669882451135044,0.4957556536843369,0.5216054357314387,0.2367806567506439,0.4230032354408356
2021-01-25 19:10:00,0.0599200366729008,0.05612938693490714,0.06535144458112538,0.0489034721072655,0.0614622710294554,0.028317593744024653,0.2407276643057543,0.4366163389871804,0.5186337571240724,0.2367806567506439,0.4230032354408356
2021-01-25 19:20:00,0.0599318213019685,0.05588493894253221,0.06991268921527821,0.0489063066678998,-0.1205027975622385,0.022378968359625714,0.2375102601362009,0.4303818738156481,0.5193457245175289,0.2367806567506439,0.4230032354408356
2021-01-25 19:30:00,0.0599077798646854,0.055601722508567264,0.07459219642059865,0.0489204825665624,-0.1705333151873489,0.01628089069122137,0.2207685814809852,0.3843314073481892,0.5176204738198849,0.2367806567506439,0.4230032354408356
2021-01-25 19:40:00,0.0600006266408334,0.05533875704428816,0.08088149242387702,0.0488105119248647,0.1234655221741931,0.007654541186798686,0.2304417678812054,0.4125882483401362,0.5170044629488032,0.2367806567506439,0.4230032354408356
2021-01-25 19:50:00,0.0593790815667887,0.055181103679591705,0.0733214321381487,0.0495420999694645,-0.8614065512439595,0.019868343561224997,0.2561359118659153,0.4639890281344099,0.5186197604511815,0.2367806567506439,0.4230032354408356
2021-01-25 20:00:00,0.059007052237787,0.05509264206656734,0.0686407967866042,0.0501507729489398,-0.7792536504684477,0.029702175032819758,0.2147370662144292,0.3716366489261961,0.5204281472564922,0.2367806567506439,0.4230032354408356
2021-01-25 20:10:00,0.058877104950349,0.055075619884782025,0.06674515666028094,0.0503205846597205,0.4744655314057766,0.03158621082621477,0.24861786130216,0.453032311104921,0.518739953533399,0.2367806567506439,0.4230032354408356
2021-01-25 20:20:00,0.0590891503873454,0.05507580779909513,0.07033676713638592,0.0503204853182109,0.1901635751572428,0.03024386513617879,0.2587448668642441,0.4742101154308989,0.5195117772661229,0.2367806567506439,0.4230032354408356
2021-01-25 20:30:00,0.059227391735149,0.05507927627324052,0.072610598889154,0.0501010429366078,-0.0922497962095647,0.024891334555538536,0.2612662587255302,0.4796890038005824,0.5172998213854618,0.2367806567506439,0.4230032354408356
2021-01-25 20:40:00,0.0591860381713138,0.05505314962139531,0.0723865970111346,0.0501567498161621,-0.2407591327216351,0.024828612094338936,0.2542559665593983,0.466178430540802,0.5173512830536215,0.2367806567506439,0.4230032354408356
2021-01-25 20:50:00,0.0589084413420668,0.05504049368796566,0.06791523368606221,0.0504180881357896,0.6169809162999584,0.029865702425745086,0.2376041872668081,0.4245406282466081,0.5161334891664647,0.2367806567506439,0.4230032354408356
2021-01-25 21:00:00,0.0563585142759339,0.05504203148041784,0.02363622325322552,0.0533186058146833,-1.7347949487755088,0.0848348844442868,0.23823468477615,0.4316246237357842,0.5174123469854625,0.2367806567506439,0.4230032354408356
2021-01-25 21:10:00,0.0564142562694572,0.05529863355997046,0.019973698659548768,0.0532971123018212,-0.0451169425112141,0.0837413659243655,0.2210236494132137,0.3889354344074595,0.5166492906948452,0.2367806567506439,0.4230032354408356
2021-01-25 21:20:00,0.0565859248555605,0.055541314198682315,0.01863313301976819,0.0536937569505886,-0.6550405187011776,0.09124755314207916,0.2280075849108647,0.4105841044560544,0.5159587153127683,0.2367806567506439,0.4230032354408356
2021-01-25 21:30:00,0.0561779822756417,0.055884546281118164,0.00523701667200866,0.0542927378290065,-0.8206481253893116,0.10212965143748735,0.2611617707300878,0.4788411547004338,0.5166933336307215,0.2367806567506439,0.4230032354408356
2021-01-25 21:40:00,0.0556975850189309,0.056240728804552734,-0.009704417185541506,0.0547908381350381,0.7393418470311275,0.11156116194787227,0.2281493529652627,0.4091918132757872,0.5191638536916374,0.2367806567506439,0.4230032354408356
2021-01-25 21:50:00,0.0558281939724297,0.05650640543981718,-0.01207499223734558,0.0546632630743327,0.204684697958335,0.11269619726274248,0.2545867524957728,0.4706619069671688,0.5179095217203292,0.2367806567506439,0.4230032354408356
2021-01-25 22:00:00,0.0552087022048016,0.056747553758078675,-0.027491960352403803,0.0552773218322353,-0.8665546346998454,0.12918766066597803,0.266786969660907,0.4936192898326531,0.5175797801285613,0.2367806567506439,0.4230032354408356
2021-01-25 22:10:00,0.055359368679819,0.05698372745582536,-0.02891983650593569,0.0552684517943028,-0.0181525763057521,0.1317319743705751,0.261925390626644,0.4821448386148524,0.5152945526836615,0.2367806567506439,0.4230032354408356
2021-01-25 22:20:00,0.05442713644731,0.057208890073817464,-0.04984644594139421,0.0563063511107255,-1.1443207120965582,0.15294109235702286,0.2578060405648944,0.4760749145429621,0.5151364408756847,0.2367806567506439,0.4230032354408356
2021-01-25 22:30:00,0.0534637990743059,0.05749422991432591,-0.07267982139949554,0.0559634257360446,1.0451476395699544,0.1491962629246872,0.2328903987223288,0.4168726828944483,0.5141229230612918,0.2367806567506439,0.4230032354408356
2021-01-25 22:40:00,0.0534073091165214,0.05777961203272807,-0.07868836901476328,0.0559392178745552,0.2907030734885296,0.14812976908459602,0.2333935612415235,0.4242033584734117,0.5162768916226648,0.2367806567506439,0.4230032354408356
2021-01-25 22:50:00,0.0550197415008383,0.057966185081437416,-0.052167767480216704,0.055903180647837,-0.1174302821542738,0.14735007592809615,0.225358639997178,0.3979199112209566,0.5147483293092583,0.2367806567506439,0.4230032354408356
2021-01-25 23:00:00,0.0551060760346949,0.0581196057990517,-0.05324307320259793,0.0558762580440453,-0.0066220647530812,0.1466130673050018,0.2312690694863685,0.4174030966399525,0.5147856380114795,0.2367806567506439,0.4230032354408356
2021-01-25 23:10:00,0.0551452610238966,0.05823477849862194,-0.054511931812207794,0.0558853805502385,0.1067312019149113,0.1468837814923015,0.2664437564871292,0.4890541178533408,0.5151480131179229,0.2367806567506439,0.4230032354408356
2021-01-25 23:20:00,0.0551448707037143,0.05833772870045016,-0.05628529647219366,0.0558164794698784,-0.0876670015456326,0.14583777588741287,0.229182787180592,0.4024908315821105,0.5161381870593582,0.2367806567506439,0.4230032354408356
2021-01-25 23:30:00,0.0552819158947281,0.058431081502675716,-0.05540212890057408,0.0558759850406753,0.2713397917052162,0.1468228202652608,0.2620944530731025,0.4761393026853789,0.5156355067637075,0.2367806567506439,0.4230032354408356
2021-01-25 23:40:00,0.0551371220061158,0.058532700097474445,-0.05976236416393406,0.0550652315175141,-0.4178177900335811,0.1329647969480182,0.2762522596497556,0.5095004955045175,0.5151616890864084,0.2367806567506439,0.4230032354408356
2021-01-25 23:50:00,0.0549151278163481,0.05852841795394224,-0.06372355050853613,0.0552060499547754,-0.5291416844270813,0.1341151420014481,0.2700717364449612,0.5042287656618141,0.513058981306783,0.2367806567506439,0.4230032354408356
2021-01-26 00:00:00,0.0549781437094327,0.058548379641621955,-0.06291769572854915,0.0555260078451391,0.6004197223413499,0.1388433847919121,0.2581762891044824,0.4764969958892487,0.5125958990506863,0.2503884281728246,0.4501833835578038
2021-01-26 00:10:00,0.0549408818076637,0.0585959761360746,-0.0644082966909835,0.0549665416910173,0.2311496339483909,0.12828192702825722,0.2404980928434664,0.4302620851842291,0.5110598769029641,0.2503884281728246,0.4501833835578038
2021-01-26 00:20:00,0.0549391173407582,0.05859417223605198,-0.06440962707896537,0.0546389897631483,0.0643951938256393,0.12042546444777397,0.2441919472487326,0.4471800949839642,0.5140797714146867,0.2503884281728246,0.4501833835578038
2021-01-26 00:30:00,0.0558602321248606,0.05855043509681323,-0.04703580523314242,0.0546258332450072,-0.1659748866233101,0.11751260460240222,0.2219583184458399,0.3878176528845783,0.5124908172858693,0.2503884281728246,0.4501833835578038
2021-01-26 00:40:00,0.0559629838089372,0.058495844815818106,-0.044265254161472,0.0544273947016662,0.1095429682662185,0.11128830446584992,0.2274791182864271,0.4038437221315209,0.5109171662575719,0.2503884281728246,0.4501833835578038
2021-01-26 00:50:00,0.0565182345610104,0.0584498127472701,-0.03360516259585584,0.054061754970346,-0.1475311117431488,0.10273080365795578,0.2519497293768775,0.4561367303953734,0.5104669467928702,0.2503884281728246,0.4501833835578038
2021-01-26 01:00:00,0.0565784390765754,0.05833667858234616,-0.03060305314493985,0.0543215611208676,-0.5740690488616806,0.10476873217248724,0.2162118953243457,0.3764465635587418,0.5118337961661356,0.2503884281728246,0.4501833835578038
2021-01-26 01:10:00,0.056567887593539,0.058284120585844985,-0.029888214888471886,0.0541745783259908,-0.1124448758302421,0.09948109602639955,0.2470470802120178,0.4478948019801907,0.5119155481043584,0.2503884281728246,0.4501833835578038
2021-01-26 01:20:00,0.0565529496369118,0.058232485626884906,-0.029266010294655826,0.0541519317601321,0.1359775371051697,0.09701776522837316,0.259142822660752,0.4749109848122609,0.512960759319347,0.2503884281728246,0.4501833835578038
2021-01-26 01:30:00,0.055599024759229,0.05818900747882025,-0.04553080116284823,0.0551350246627491,1.036917698323947,0.11290785696878014,0.2636971402743621,0.4865837756752424,0.5112475954101043,0.2503884281728246,0.4501833835578038
2021-01-26 01:40:00,0.0557984903765234,0.058235340556482364,-0.042745581669521485,0.0547658555612661,0.28333398184337,0.1047976663195587,0.2567094985870198,0.4703386777067287,0.5117190389108351,0.2503884281728246,0.4501833835578038
2021-01-26 01:50:00,0.0558622896262861,0.05826916513880908,-0.04218350525834648,0.0547130663050808,0.1065777499988485,0.10098908499078646,0.239980685515951,0.4270546720249224,0.5094892488667537,0.2503884281728246,0.4501833835578038
2021-01-26 02:00:00,0.0557719128972522,0.058266788169128766,-0.043761870266951074,0.054814874562215,-0.4095545482806884,0.10124593195422593,0.2395801673324882,0.4325839526099596,0.5115602503049501,0.2503884281728246,0.4501833835578038
2021-01-26 02:10:00,0.0556615707094663,0.05827687827523786,-0.04591544022081781,0.0548756170952119,-0.3526943081308076,0.10052814164150646,0.2271195365055056,0.3951336200344308,0.5111031924596829,0.2503884281728246,0.4501833835578038
2021-01-26 02:20:00,0.0556746138630027,0.058283054618609775,-0.04578711519936701,0.0548108943485701,-0.0436205425829783,0.09942293244621886,0.2351944123477556,0.4220060544454704,0.5104483213643976,0.2503884281728246,0.4501833835578038
2021-01-26 02:30:00,0.0556031235611874,0.058290028515636125,-0.04719166242362937,0.0546691988850725,-0.2971747495758237,0.09674031025381791,0.261867615059685,0.4825864913670191,0.5112532997834185,0.2503884281728246,0.4501833835578038
2021-01-26 02:40:00,0.0554880497611966,0.058289625153892854,-0.049256443376704276,0.0547576436200063,-0.4477345671757504,0.09798290124665296,0.2218319380862843,0.3885100055862749,0.5126845861087228,0.2503884281728246,0.4501833835578038
2021-01-26 02:50:00,0.056792563027724,0.058292012180675624,-0.026059687086883117,0.0547747550579357,0.1624875379029333,0.09777033271104467,0.2600192465780096,0.4709066453225414,0.5122862165703912,0.2503884281728246,0.4501833835578038
2021-01-26 03:00:00,0.0568292443856133,0.05828555233884676,-0.0253031876718013,0.0546933164469456,-0.1244902487041343,0.0955602769890681,0.2819324650556431,0.5224113236439591,0.5138451372055444,0.2503884281728246,0.4501833835578038
2021-01-26 03:10:00,0.0566279592059503,0.05829006313598559,-0.02892879304722986,0.0551587896482691,-0.7239920425854862,0.10371448569264044,0.2729585031211188,0.5043397255285118,0.5118429236067745,0.2503884281728246,0.4501833835578038
2021-01-26 03:20:00,0.0564454033219295,0.05833204524179225,-0.03287774535741896,0.0552976371635983,-0.5308898970405096,0.105663333320512,0.2656276006979169,0.4892921722407145,0.5108152788959316,0.2503884281728246,0.4501833835578038
2021-01-26 03:30:00,0.0564535671427214,0.05838233999288594,-0.0335949669307784,0.0540897317973567,-0.068365318282737,0.0832015411496427,0.2422115174931823,0.4347490133739113,0.5078862575177399,0.2503884281728246,0.4501833835578038
2021-01-26 03:40:00,0.0558717194607245,0.058311375749573756,-0.04273885957383473,0.0539346997113287,-0.8425412073513883,0.07740651554474828,0.2404842291368389,0.4375374058224397,0.5103893709887976,0.2503884281728246,0.4501833835578038
2021-01-26 03:50:00,0.0558677137310954,0.05822874771502724,-0.04139253837170955,0.0538093234753159,-0.1885553605868395,0.07110629631275485,0.2215737256053833,0.3832678401752845,0.511100892439843,0.2503884281728246,0.4501833835578038
2021-01-26 04:00:00,0.0557600489510664,0.05808291323355431,-0.04081388389810224,0.0542121074661147,0.7100214509140557,0.0744510014268581,0.2291614890119299,0.4067858343411704,0.511240348829693,0.2503884281728246,0.4501833835578038
2021-01-26 04:10:00,0.0558002711090172,0.05805042079673333,-0.03953322902469623,0.0540465372706235,-0.1599311057834285,0.06856909282734278,0.2626567429001591,0.4787914614845276,0.5112747057630096,0.2503884281728246,0.4501833835578038
2021-01-26 04:20:00,0.0560033035176868,0.05801401161268445,-0.03527388051733584,0.0540710591193082,0.1955206148759103,0.06635998334859285,0.222837849198704,0.3880217835775931,0.5133194871525129,0.2503884281728246,0.4501833835578038
2021-01-26 04:30:00,0.0560305133445245,0.057976930020470226,-0.03414874965832221,0.0540443345943577,0.0406762078759115,0.06328340460288645,0.2584619788558107,0.4701508537769079,0.5121501642180968,0.2503884281728246,0.4501833835578038
2021-01-26 04:40:00,0.0555031204908468,0.0579285156545448,-0.04277051746069732,0.0545907966584366,0.7711264044832689,0.07122257741222816,0.2695933458448711,0.4924717711401732,0.5126815818486581,0.2503884281728246,0.4501833835578038
2021-01-26 04:50:00,0.0555091502757521,0.05795149957997889,-0.04305856958982802,0.0545940024998647,-0.0760860142966279,0.07002584746864808,0.2688654297023166,0.4922038319490824,0.5117122327495973,0.2503884281728246,0.4501833835578038
2021-01-26 05:00:00,0.0556370258065468,0.05798702046193937,-0.04137028896902391,0.0545767464228965,-0.1117497996942162,0.0699120090288587,0.2603530026192626,0.4776065874479677,0.511880245248034,0.2503884281728246,0.4501833835578038
2021-01-26 05:10:00,0.0557269213994844,0.05798980554076872,-0.03980386985505258,0.0545863542638051,0.2205022240305609,0.06974026728339716,0.2335847518377078,0.4210199530487261,0.5100465693801445,0.2503884281728246,0.4501833835578038
2021-01-26 05:20:00,0.0556546478074546,0.05800269578369658,-0.04132389570883716,0.0546942697301134,-0.3528681086207186,0.07195346415212052,0.2250417330212209,0.4050515853811195,0.5120387941382465,0.2503884281728246,0.4501833835578038
2021-01-26 05:30:00,0.0553319632379179,0.05801995484145432,-0.047436261744367686,0.0550269538438389,0.6180824943411878,0.0780495797959339,0.2115857117519013,0.3630674490317066,0.5109859970009556,0.2503884281728246,0.4501833835578038
2021-01-26 05:40:00,0.055269448686199,0.05806818770443939,-0.04939767921165748,0.0548736752777472,0.2692959491321645,0.0753237371437367,0.2278828381450139,0.4119199210853843,0.5118735814468923,0.2503884281728246,0.4501833835578038
2021-01-26 05:50:00,0.0550871232623203,0.0581071996804198,-0.053373583699764846,0.054965014543475,-0.453483752391115,0.07708457672267272,0.25465683547413,0.4714536725801843,0.5120055803817851,0.2503884281728246,0.4501833835578038
2021-01-26 06:00:00,0.0549025281094194,0.05815990681010856,-0.05763683411470999,0.0551388091656813,-0.4748894218904453,0.0803914078924054,0.2163627279580021,0.3839090233463891,0.5129341641969922,0.2503884281728246,0.4501833835578038
2021-01-26 06:10:00,0.0549077787552119,0.0582103598191694,-0.058408314653656035,0.0551378297816793,-0.0240154226567312,0.08054705495107946,0.2492227118461881,0.4623250100867476,0.5119221393057756,0.2503884281728246,0.4501833835578038
2021-01-26 06:20:00,0.0548477353318221,0.05823750973955861,-0.05996874690241404,0.0548585772379656,-0.2579491221263552,0.07547145894263382,0.2658993302849723,0.4974152006839361,0.5135674573017969,0.2503884281728246,0.4501833835578038
2021-01-26 06:30:00,0.0548437945392176,0.0582402256558907,-0.06008723325595975,0.0548734750744834,0.1278646806861516,0.07527880111215209,0.2598161251593598,0.4826010886166176,0.5135986892605887,0.2503884281728246,0.4501833835578038
2021-01-26 06:40:00,0.0545967744466799,0.058246062984287104,-0.06470169697137317,0.0549309136037281,-0.5468779001919444,0.0761520476541921,0.2533223864494343,0.4732846548871592,0.5147965687890442,0.2503884281728246,0.4501833835578038
2021-01-26 06:50:00,0.0545367548513912,0.05824922658865319,-0.06585593960361841,0.0548170605454084,-0.2584691771581049,0.07373159695811961,0.2364305829034833,0.4356538227280875,0.5124930291194145,0.2503884281728246,0.4501833835578038
2021-01-26 07:00:00,0.0543934689663662,0.058257509108862425,-0.06862890498823353,0.0548859209419729,-0.4511449463857175,0.07460697448719336,0.2305171731018095,0.4263649469217792,0.5154894461064159,0.2503884281728246,0.4501833835578038
2021-01-26 07:10:00,0.0545794069878525,0.058268746355397236,-0.06540921630174167,0.054777238158817,-0.227931299170514,0.07207247665838067,0.2190275890194013,0.3873512480805174,0.5143490816098995,0.2503884281728246,0.4501833835578038
2021-01-26 07:20:00,0.0545302989836309,0.0582573469776129,-0.06611372102033314,0.0548248250063997,-0.2321889129284216,0.0722729856166206,0.2278687117426991,0.4112684864072564,0.5147432701230195,0.2503884281728246,0.4501833835578038
2021-01-26 07:30:00,0.0545193132791413,0.05824673507503358,-0.0661330296723486,0.0548260902865705,0.1175336584140041,0.0721120600287583,0.2614064761794956,0.4807322386996923,0.5158928762655189,0.2503884281728246,0.4501833835578038
2021-01-26 07:40:00,0.0538691597652771,0.05822338783529047,-0.0777289877371025,0.0554831873423166,0.8589096189835388,0.08390603304294239,0.2259089980643138,0.4026322988543793,0.5168162838727135,0.2503884281728246,0.4501833835578038
2021-01-26 07:50:00,0.0538982786390605,0.058276860047018944,-0.0781065616417596,0.0553835734771572,0.0780944983072018,0.08192513860350079,0.2544458607509997,0.4768554636014263,0.5153363815202097,0.2503884281728246,0.4501833835578038
2021-01-26 08:00:00,0.0539751418803597,0.0583165473047758,-0.07736227832640896,0.0553852682307249,0.0473328815317586,0.0818421718338034,0.2644935673555098,0.4952022941480104,0.5159689751211823,0.2503884281728246,0.4501833835578038
2021-01-26 08:10:00,0.0539278821061679,0.05836075091329716,-0.07899595307437754,0.0554365997707667,0.2393228419514059,0.08324100261591737,0.2663262206544352,0.4954115513437678,0.5144126895466024,0.2503884281728246,0.4501833835578038
2021-01-26 08:20:00,0.0539358511693849,0.05839525662244792,-0.07943926522211649,0.0554190796155631,-0.0737078152301506,0.08350055138749189,0.2645135828095687,0.4984487800971625,0.5156562566192056,0.2503884281728246,0.4501833835578038
2021-01-26 08:30:00,0.0544996265503414,0.05843949299208334,-0.06979806178630886,0.055563312462567,0.4205204252292205,0.08676848149842413,0.2384411223502513,0.4361647218174793,0.5133259663473517,0.2503884281728246,0.4501833835578038
2021-01-26 08:40:00,0.0545248471279113,0.058484608845944794,-0.07010711459388602,0.0555672874566543,-0.2276646595518627,0.08734112491206368,0.2366793365277746,0.4325520185891138,0.514737707686432,0.2503884281728246,0.4501833835578038
2021-01-26 08:50:00,0.0545458098643151,0.05850017004146924,-0.06998876434969954,0.0556811821920194,0.3982696046699985,0.08971766227620762,0.2192870110057116,0.3821821918314666,0.5130399857573094,0.2503884281728246,0.4501833835578038
2021-01-26 09:00:00,0.0548965723138142,0.058539021642358156,-0.06424265700828866,0.0556567533156841,-0.0819870905287345,0.08960994563399605,0.231584760315355,0.4152404667440769,0.5129624910148705,0.2503884281728246,0.4501833835578038
2021-01-26 09:10:00,0.0545018165501601,0.058564819556362634,-0.071900135124571,0.055966082902225,-0.6594333750104653,0.0952749024449031,0.2586858737634454,0.4712112800936296,0.5149611490363237,0.2503884281728246,0.4501833835578038
2021-01-26 09:20:00,0.0544770481925287,0.058642921263936,-0.07368739436796942,0.0559906823212194,-0.1660225194500597,0.09622981763927355,0.2202921558434906,0.3838224677262994,0.5169206864723772,0.2503884281728246,0.4501833835578038
2021-01-26 09:30:00,0.0546246777823912,0.05868721896531026,-0.07173621361567667,0.0559573534885258,0.1172116784937671,0.09614537098613733,0.2601943290603914,0.4782947283971732,0.5154342025625089,0.2503884281728246,0.4501833835578038
2021-01-26 09:40:00,0.0542279788137666,0.058734632011931985,-0.07983254650091787,0.0560920885791181,-0.6735206524528081,0.09883549803942393,0.2698321561986647,0.4957726991311046,0.517049909833073,0.2503884281728246,0.4501833835578038
2021-01-26 09:50:00,0.0529044895353988,0.058764506100915506,-0.10504983129527572,0.0573681125760726,1.2041990927668778,0.12073403662316716,0.2690487559568113,0.4919435608177143,0.5151509285723569,0.2503884281728246,0.4501833835578038
2021-01-26 10:00:00,0.0527530847666182,0.05891075794528445,-0.11040147197304387,0.0574634385732382,0.4027278469898476,0.1219442274148415,0.2594467968899728,0.4717622103178116,0.5153822571824929,0.2503884281728246,0.4501833835578038
2021-01-26 10:10:00,0.0515574316407917,0.059058444331157096,-0.13583117167499392,0.0585417780666505,1.1196300469705989,0.14020329377698493,0.2381729227183287,0.4218279671773975,0.5133435350931072,0.2503884281728246,0.4501833835578038
2021-01-26 10:20:00,0.0517458869308798,0.05934370657948449,-0.13700112694402275,0.0584977105857537,0.0564211228038402,0.13950176885495133,0.237928978167226,0.4285100340301638,0.51499052841888,0.2503884281728246,0.4501833835578038
2021-01-26 10:30:00,0.0517972647463648,0.059608800970684245,-0.1404658867159035,0.0584719687550376,0.0572860827501742,0.1389603993306445,0.2230472655884097,0.3932294741275425,0.5137445863903054,0.2503884281728246,0.4501833835578038
2021-01-26 10:40:00,0.0518770644461297,0.059789084906059387,-0.14194634333114514,0.0585595935445602,-0.3283858535708006,0.1408171186039542,0.230215271128967,0.4127877778955852,0.5128740361110304,0.2503884281728246,0.4501833835578038
2021-01-26 10:50:00,0.0523035025623829,0.05994277795262876,-0.13632706694212837,0.0585624665879968,0.0613793690620312,0.141018190617303,0.2682764503360334,0.4899332035509733,0.513756619051001,0.2503884281728246,0.4501833835578038
2021-01-26 11:00:00,0.0524489973247805,0.060075299182797456,-0.1357575438873863,0.0586268089653381,-0.2887396567924583,0.14210359976007472,0.2405972496455982,0.4300723405348418,0.5162125404798094,0.2503884281728246,0.4501833835578038
2021-01-26 11:10:00,0.05244463894408,0.06018078138021887,-0.13759493824715002,0.0586259465230064,-0.0771776715813743,0.1421946055169007,0.267666713698296,0.4949491045600293,0.5141314033247363,0.2503884281728246,0.4501833835578038
2021-01-26 11:20:00,0.0522419430756881,0.06026524271429459,-0.14286985203594216,0.058672652179507,-0.4903989163928202,0.14297750333294118,0.2808258863853083,0.521708130483657,0.5141320870664698,0.2503884281728246,0.4501833835578038
2021-01-26 11:30:00,0.0522272864222493,0.060346812018405756,-0.14450303455755015,0.0586495810559839,-0.1891897024600908,0.14233999862341748,0.2753935810757201,0.51113371644642,0.5111019112774813,0.2503884281728246,0.4501833835578038
2021-01-26 11:40:00,0.0550150793718911,0.06042929939194066,-0.09386675854088923,0.0590254550562749,-0.6651546421954535,0.14858625596531277,0.2678807871903468,0.4962742866694755,0.5113386248711982,0.2503884281728246,0.4501833835578038
2021-01-26 11:50:00,0.0556824957067902,0.06054214438261333,-0.08367388654629103,0.0591129562436536,0.3244065159242026,0.1500671577373577,0.2424397663901186,0.432303569999827,0.511168499076675,0.2503884281728246,0.4501833835578038
2021-01-26 12:00:00,0.0558618587154641,0.06064433287297418,-0.08214435667489725,0.05910908904023,-0.037418983621329,0.1503626880127415,0.2410745781111442,0.4340645877636702,0.5141849813963153,0.2503884281728246,0.4501833835578038
2021-01-26 12:10:00,0.0569182362236405,0.06073338128706514,-0.06487769992968899,0.0583454862203767,-0.0335632170425981,0.1383884926580135,0.2342248991494158,0.4073600707663028,0.5132691927658953,0.2503884281728246,0.4501833835578038
2021-01-26 12:20:00,0.0568939188679012,0.06073979735551727,-0.06541066195670014,0.0585478001530959,-0.4967103103709291,0.14116217399125708,0.2430279741084052,0.4305182858071399,0.5130698917458709,0.2503884281728246,0.4501833835578038
2021-01-26 12:30:00,0.0571498838130615,0.06075249522483919,-0.061130797815606076,0.058529700495097,0.0506702118206803,0.1402400848203849,0.2773845484910985,0.5013102035724711,0.5130591997411779,0.2503884281728246,0.4501833835578038
2021-01-26 12:40:00,0.0570650487797044,0.060756843910012556,-0.06268790901557597,0.0544605686223369,-0.3130610236889097,0.06839710824799573,0.2416216613981374,0.4210497627795938,0.5142289642348747,0.2503884281728246,0.4501833835578038
2021-01-26 12:50:00,0.0565919429855157,0.06026837696604392,-0.06294091275146707,0.0549258616902208,-0.7335433797937441,0.06522225625677718,0.2770567637503094,0.5038814177340815,0.5132026430966158,0.2503884281728246,0.4501833835578038
2021-01-26 13:00:00,0.0565940198573995,0.06000933207551344,-0.05859676132230699,0.0549971233046164,0.3012271847628867,0.059792143710723486,0.2887235221239388,0.5315790106915419,0.5139940263363072,0.2503884281728246,0.4501833835578038
2021-01-26 13:10:00,0.0571237039323116,0.05964559243832862,-0.04320109474308706,0.0550177097062265,0.4373881775590504,0.05121103081664142,0.2819668049770914,0.5223253189510952,0.51261625924657,0.2503884281728246,0.4501833835578038
2021-01-26 13:20:00,0.0571349348727145,0.05939271323415696,-0.03875579730423522,0.0544950122806781,-0.3420150704126712,0.035067737391072426,0.2710902397487827,0.4971695695235693,0.5123167210337864,0.2503884281728246,0.4501833835578038
2021-01-26 13:30:00,0.0571383759606866,0.05912693107601336,-0.03421053289420863,0.0546120983885377,0.6010096197867298,0.030219853106999664,0.2528098542401636,0.4484206663328102,0.5110644327650412,0.2503884281728246,0.4501833835578038
2021-01-26 13:40:00,0.0565345671437116,0.05894879107116626,-0.04181686014689947,0.0552237363160392,0.8751462364163132,0.036191454885418424,0.2590055390815767,0.4729908778797521,0.5142972272759774,0.2503884281728246,0.4501833835578038
2021-01-26 13:50:00,0.0571619660446128,0.05883481036322131,-0.02884494478174159,0.0555025266337504,-0.558370958962584,0.03637139656684158,0.2387921444388979,0.419988436399432,0.512852061538452,0.2503884281728246,0.4501833835578038
2021-01-26 14:00:00,0.0567345158800182,0.05877106757691142,-0.035266914594974,0.0557767230264486,-0.6977588914880428,0.03731040665389543,0.2463549438448877,0.4403779367277801,0.5113520591873182,0.2503884281728246,0.4501833835578038
2021-01-26 14:10:00,0.0569011224146973,0.058736385889024655,-0.03174432959148457,0.055766598425817,0.0089496534450006,0.03352310352540698,0.2750035811893435,0.5027989311154228,0.5110719617665306,0.2503884281728246,0.4501833835578038
2021-01-26 14:20:00,0.0572470958093612,0.05872877648272314,-0.0255529234725093,0.0557777078644229,-0.176315995218701,0.030708638185443903,0.23757685649246,0.4197095293034986,0.5125580938038752,0.2503884281728246,0.4501833835578038
2021-01-26 14:30:00,0.0589853861264428,0.058717688055998925,0.0045487092648359255,0.0564361061715385,-0.867736417828624,0.04011618072473097,0.2646208314008521,0.481917448396811,0.5130954214135358,0.2503884281728246,0.4501833835578038
2021-01-26 14:40:00,0.0600228001166119,0.05874902821228514,0.021449880163203032,0.0564013095859048,-0.1159288725153473,0.037339341517953456,0.2742251590555884,0.5024836590992982,0.5151650034543307,0.2503884281728246,0.4501833835578038
2021-01-26 14:50:00,0.0603115163629559,0.05882358724496848,0.02498015186832433,0.0564464668564178,0.3480880723939705,0.03727683062007545,0.2734049788815486,0.503283799682406,0.5129611806574258,0.2503884281728246,0.4501833835578038
2021-01-26 15:00:00,0.0605277367850948,0.0588897860252688,0.02743405574896191,0.056658206032737,0.5816134302524034,0.04025973377617193,0.263200577576638,0.4818771272232585,0.5132897182985541,0.2503884281728246,0.4501833835578038
2021-01-26 15:10:00,0.0605710077139368,0.05894228762200936,0.027257568752220324,0.0567064213218273,-0.2340951540793057,0.039692969594307105,0.2469949928260177,0.4412846145300307,0.5113621509110027,0.2503884281728246,0.4501833835578038
2021-01-26 15:20:00,0.0603508351891885,0.058986667575847765,0.02286334146036155,0.0570036982145911,0.5935161879442319,0.043754223027007405,0.2458808014794199,0.4437694649847793,0.5136126839007904,0.2503884281728246,0.4501833835578038
2021-01-26 15:30:00,0.0598316644717701,0.05904969588967554,0.013155634452249902,0.0576000992961544,0.8435174558815817,0.052716648877272926,0.2363338630704586,0.412454474416976,0.5131606127360411,0.2503884281728246,0.4501833835578038
2021-01-26 15:40:00,0.0609988373225868,0.05914961832641081,0.030784665941492404,0.0576426564491503,-0.3746914756961317,0.052321084599610754,0.248056886052665,0.4447520204647119,0.5120930044087543,0.2503884281728246,0.4501833835578038
2021-01-26 15:50:00,0.0609874140795788,0.05929908514415858,0.028073638021960664,0.0575609849454821,0.2048059023312731,0.05091560479608007,0.2740438234467847,0.5043249353417301,0.5126469332769074,0.2503884281728246,0.4501833835578038
2021-01-26 16:00:00,0.0615282913675462,0.05940655179847111,0.035092571347603206,0.0572605353872366,0.5901646182200793,0.04550422563689045,0.2327901809381669,0.4112251999517337,0.5134355118733545,0.2503884281728246,0.4501833835578038
2021-01-26 16:10:00,0.0597354881633158,0.05945205123987228,0.004756159228825473,0.0591273008379808,-1.475768504375985,0.07698843096970219,0.2682498671836409,0.4912087332823629,0.5118197095569074,0.2503884281728246,0.4501833835578038
2021-01-26 16:20:00,0.0604825960179536,0.059652180889485075,0.013824945218679134,0.0586128346313259,0.3411049605709593,0.06731010509122706,0.28688110042496,0.5341760318094841,0.5137071398084136,0.2503884281728246,0.4501833835578038
2021-01-26 16:30:00,0.0601537604314036,0.05977888343871491,0.006251479188172878,0.0592574658461358,0.8822563378261705,0.07653854726729513,0.2783175542759643,0.5135465656148142,0.5118882538331921,0.2503884281728246,0.4501833835578038
2021-01-26 16:40:00,0.0601529218997491,0.05996243996268998,0.003171652547735779,0.0592908536596221,0.2380100298037035,0.0757019070701086,0.2712623156900479,0.4950949498238479,0.5114114283199622,0.2503884281728246,0.4501833835578038
2021-01-26 16:50:00,0.0602364431117005,0.06012818649953915,0.0017988115229813162,0.0592851690298056,0.1706296665915374,0.07469269747662527,0.2489240932247474,0.4396259716419087,0.5090299831109495,0.2503884281728246,0.4501833835578038
2021-01-26 17:00:00,0.0603985070698975,0.06027249935711067,0.002088451274548062,0.0588438713881583,0.3709018197623592,0.06582888021602153,0.249919350739044,0.4466314700386858,0.5114164267561649,0.2503884281728246,0.4501833835578038
2021-01-26 17:10:00,0.0601795346190766,0.06034741868519418,-0.002785836198333557,0.0585065192146867,-0.5950382886142691,0.05812170038785321,0.2316988273486359,0.3945572755053912,0.5121276330562157,0.2503884281728246,0.4501833835578038
2021-01-26 17:20:00,0.0601726461909866,0.060326247000955936,-0.0025494158343673497,0.0585975102784993,0.3286034322071529,0.05573896797292953,0.2433154513334014,0.4277563922423386,0.5120273454295107,0.2503884281728246,0.4501833835578038
2021-01-26 17:30:00,0.0611932955454118,0.06036078546143941,0.013697986844385923,0.058566717716778,0.0893271305750786,0.05292914987959204,0.2799453094890809,0.5067828671440193,0.5117533455593581,0.2503884281728246,0.4501833835578038
2021-01-26 17:40:00,0.0613100802446544,0.06039055226096657,0.015111597422883483,0.058566529695575,0.0117878413231409,0.051049611188743765,0.2372936638016471,0.4117693342646666,0.5136513009729361,0.2503884281728246,0.4501833835578038
2021-01-26 17:50:00,0.0615636722178542,0.06042225223175925,0.018714508327292476,0.0586890353090817,0.3997757172454541,0.05172746854665258,0.2735421853933812,0.4933619754788346,0.5126981683716394,0.2503884281728246,0.4501833835578038
2021-01-26 18:00:00,0.0613925279225025,0.06044006610520301,0.015635901537783558,0.0590846429368156,-0.8091400034702545,0.05726990553245581,0.2871001498971359,0.5194491674886607,0.5138374736342031,0.2503884281728246,0.4501833835578038
2021-01-26 18:10:00,0.0610708800165471,0.0605088555421382,0.009245430173269871,0.0594026304660618,0.6324785107068465,0.06156188330136333,0.2849135688488018,0.513344074472089,0.5128670378186284,0.2503884281728246,0.4501833835578038
2021-01-26 18:20:00,0.0614090985137707,0.060620962209776266,0.012917264124012489,0.0594006705266394,0.0922709684520128,0.06053494252936607,0.2794819860149576,0.5054696186779428,0.512140621372078,0.2503884281728246,0.4501833835578038
2021-01-26 18:30:00,0.06203100600852,0.06069043452668911,0.021848257353703316,0.0592460142680773,0.1252862245449293,0.05680787724383499,0.2555652179665763,0.4561398528828443,0.5105946278969772,0.2503884281728246,0.4501833835578038
2021-01-26 18:40:00,0.0619186437588928,0.060742429010746425,0.01917887680617079,0.059359841190826,-0.412111934523196,0.0576403671784164,0.2509867075702068,0.4476989987907847,0.5125895775979952,0.2503884281728246,0.4501833835578038
2021-01-26 18:50:00,0.0617364909270261,0.060784228745160894,0.015544821477363892,0.0595237275902843,0.5003672774652301,0.05969637895089444,0.2430389760617919,0.4163246210495357,0.5120930560824857,0.2503884281728246,0.4501833835578038
2021-01-26 19:00:00,0.0645735681247407,0.060850774112950104,0.05938062389154877,0.0596130568593343,0.3744040827577066,0.06034200444146144,0.2588904229382375,0.4615883834430203,0.5121952782579529,0.2503884281728246,0.4501833835578038
2021-01-26 19:10:00,0.0649860269656223,0.0609283993452627,0.06447288349928122,0.0599200366729008,-0.6088678661546609,0.06535144458112538,0.2831963353843298,0.5114147012642277,0.5121774854577168,0.2503884281728246,0.4501833835578038
2021-01-26 19:20:00,0.0649658773359583,0.06101752311418511,0.06270108090375066,0.0599318213019685,-0.1692484006227346,0.06991268921527821,0.2427796911653107,0.4180406278644428,0.5127122317311779,0.2503884281728246,0.4501833835578038
2021-01-26 19:30:00,0.0650258905565185,0.061107925419187414,0.06214393681560611,0.0599077798646854,-0.0164453347167636,0.07459219642059865,0.2703131050908966,0.4846883900013791,0.510664966449573,0.2503884281728246,0.4501833835578038
2021-01-26 19:40:00,0.0649512819441974,0.06116744607207143,0.060022359254839945,0.0600006266408334,0.3557735585124177,0.08088149242387702,0.2845335209360538,0.5154944674645634,0.5117434753911103,0.2503884281728246,0.4501833835578038
2021-01-26 19:50:00,0.0650193240760943,0.061227827528882436,0.06008273483232121,0.0593790815667887,0.0047487632663489,0.0733214321381487,0.2802486580193988,0.5056885174999852,0.5119094048154171,0.2503884281728246,0.4501833835578038
2021-01-26 20:00:00,0.0650791250409259,0.0612032680226013,0.06140325074382149,0.059007052237787,0.4084178161445351,0.0686407967866042,0.2740840835787702,0.4937607714027169,0.5126126971513358,0.2503884281728246,0.4501833835578038
2021-01-26 20:10:00,0.0698877031396189,0.061169957843713416,0.133233528926325,0.058877104950349,-0.2681982026542684,0.06674515666028094,0.2605606247401496,0.4609779293592462,0.5107223433328602,0.2503884281728246,0.4501833835578038
2021-01-26 20:20:00,0.0696851858133083,0.061124023940320356,0.13108277363186374,0.0590891503873454,-0.5350740574497692,0.07033676713638592,0.2579088368756831,0.4575990920804451,0.5135613509883787,0.2503884281728246,0.4501833835578038
2021-01-26 20:30:00,0.0700505174193196,0.061095927023813106,0.13677145605005286,0.059227391735149,-0.4148161127600858,0.072610598889154,0.2471693189969843,0.4212580745886145,0.5122160181657112,0.2503884281728246,0.4501833835578038
2021-01-26 20:40:00,0.0702438556505062,0.061097479179389895,0.1395022323056019,0.0591860381713138,-0.0948513925205674,0.0723865970111346,0.2575162121333411,0.4512093387281091,0.5116469866314125,0.2503884281728246,0.4501833835578038
2021-01-26 20:50:00,0.0705828786189753,0.061097761203394683,0.14431237861858906,0.0589084413420668,0.2298671799833229,0.06791523368606221,0.2892544680336691,0.5192198570055073,0.5123901568678166,0.2503884281728246,0.4501833835578038
2021-01-26 21:00:00,0.0709976430478595,0.06106599453418839,0.1506915230061464,0.0563585142759339,0.2651230180239494,0.02363622325322552,0.2495395007881661,0.4328648231049558,0.5133610406675988,0.2503884281728246,0.4501833835578038
2021-01-26 21:10:00,0.0709687383638651,0.06079909898628688,0.1546645057866061,0.0564142562694572,-0.2547495416189704,0.019973698659548768,0.277936097244714,0.5056781712245558,0.5122879437781664,0.2503884281728246,0.4501833835578038
2021-01-26 21:20:00,0.0705309448900107,0.060583484383497345,0.15202922711959693,0.0565859248555605,0.7893439645501488,0.01863313301976819,0.2880062496768424,0.5230127687005734,0.5136549604333864,0.2503884281728246,0.4501833835578038
2021-01-26 21:30:00,0.0707225896479521,0.06030090920297792,0.15941785437159967,0.0561779822756417,-0.462007958521049,0.00523701667200866,0.2913262960034228,0.5253420855259677,0.5126231910048127,0.2503884281728246,0.4501833835578038
2021-01-26 21:40:00,0.0708420307211488,0.06001306318581558,0.1658902205220249,0.0556975850189309,0.0958081967189272,-0.009704417185541506,0.2933666627232968,0.5356734888055326,0.5136379861397021,0.2503884281728246,0.4501833835578038
2021-01-26 21:50:00,0.0708072307707944,0.059794323882839326,0.16905038691141666,0.0558281939724297,-0.4330802216683693,-0.01207499223734558,0.2671020664671075,0.4755464609535601,0.5118378575277687,0.2503884281728246,0.4501833835578038
2021-01-26 22:00:00,0.0707903251798531,0.05961337467173736,0.17184238522045692,0.0552087022048016,-0.2511025767930164,-0.027491960352403803,0.2668523650110662,0.4799133089533957,0.513344780375133,0.2503884281728246,0.4501833835578038
2021-01-26 22:10:00,0.0707221185275423,0.059414635240790506,0.17421779388930383,0.055359368679819,0.4085566434696375,-0.02891983650593569,0.2513886030405091,0.436267140667433,0.5112452610438367,0.2503884281728246,0.4501833835578038
2021-01-26 22:20:00,0.0705196720955175,0.05922004449109734,0.17463163375238536,0.05442713644731,0.5347940766247561,-0.04984644594139421,0.261185250510457,0.4649733572602726,0.5114524107864309,0.2503884281728246,0.4501833835578038
2021-01-26 22:30:00,0.0720812849822284,0.05899111175434574,0.20040765598290441,0.0534637990743059,0.2301735965204443,-0.07267982139949554,0.288733721505804,0.5201608401309736,0.5144087068417524,0.2503884281728246,0.4501833835578038
2021-01-26 22:40:00,0.0720816044259374,0.05859855462875718,0.20708884077324458,0.0534073091165214,0.1553603328870778,-0.07868836901476328,0.2512901063189846,0.4363109965874163,0.5170348035752488,0.2503884281728246,0.4501833835578038
2021-01-26 22:50:00,0.0708497672256428,0.05832656719465121,0.19450399309902333,0.0550197415008383,1.3274421828015193,-0.052167767480216704,0.2873230724402053,0.5208996491787881,0.515787186451654,0.2503884281728246,0.4501833835578038
2021-01-26 23:00:00,0.0708157870162702,0.05828813219003703,0.1946834481579994,0.0551060760346949,-0.3084160549756021,-0.05324307320259793,0.2973899873099206,0.5397630820949182,0.5180666538877743,0.2503884281728246,0.4501833835578038
2021-01-26 23:10:00,0.0711492591712809,0.05823053811035729,0.2003699853466747,0.0551452610238966,0.2336525711035264,-0.054511931812207794,0.2978173005265532,0.5404971719725138,0.5164925795683599,0.2503884281728246,0.4501833835578038
2021-01-26 23:20:00,0.0711454847315641,0.05818129856151645,0.20116288872357607,0.0551448707037143,-0.0851763964771379,-0.05628529647219366,0.2900006866736926,0.5239126065135484,0.5165767056985907,0.2503884281728246,0.4501833835578038
2021-01-26 23:30:00,0.071029390459915,0.058134870400532786,0.20032807869387478,0.0552819158947281,-0.4742993603061407,-0.05540212890057408,0.2718219662186262,0.4800135358068192,0.5159912327789791,0.2503884281728246,0.4501833835578038
2021-01-26 23:40:00,0.0710782230809393,0.05809566690236282,0.20168992302979677,0.0551371220061158,-0.1212092691325494,-0.05976236416393406,0.2682061962339047,0.4793117759219429,0.5184537675875107,0.2503884281728246,0.4501833835578038
2021-01-26 23:50:00,0.0712025460459028,0.05805301734766541,0.20417189163056737,0.0549151278163481,-0.1888950022733482,-0.06372355050853613,0.2484657456557804,0.430489489196893,0.5178692098906157,0.2503884281728246,0.4501833835578038
2021-01-27 00:00:00,0.0709650409985159,0.05799191015400873,0.20188385476486856,0.0549781437094327,-0.6555563053378677,-0.06291769572854915,0.2509525794726828,0.4394096935024329,0.5168466351999162,0.2555800970913799,0.4609263466987305
2021-01-27 00:10:00,0.0717843404126763,0.05795268541345835,0.21403944327233146,0.0549408818076637,0.1116791563402941,-0.0644082966909835,0.283154549894527,0.5041639055556628,0.5175129658703717,0.2555800970913799,0.4609263466987305
2021-01-27 00:20:00,0.072225995587314,0.05790417627665727,0.2210105196739445,0.0549391173407582,0.0469887727769346,-0.06440962707896537,0.2531234330515011,0.4417284621818298,0.5200134784270226,0.2555800970913799,0.4609263466987305
2021-01-27 00:30:00,0.0715704043926347,0.0578656086438763,0.21255841245680845,0.0558602321248606,-1.0237855496180617,-0.04703580523314242,0.2829640967764055,0.513219299672176,0.5191755558703075,0.2555800970913799,0.4609263466987305
2021-01-27 00:40:00,0.0717234009342966,0.057916382926287494,0.21381677057047876,0.0559629838089372,0.3562301214905972,-0.044265254161472,0.2957333707922384,0.5361923597283371,0.5199124964138747,0.2555800970913799,0.4609263466987305
2021-01-27 00:50:00,0.0715902864371785,0.057974926687648566,0.21094878188848054,0.0565182345610104,0.8039392016019775,-0.03360516259585584,0.2924423401046987,0.5294774365827242,0.517578425340137,0.2555800970913799,0.4609263466987305
2021-01-27 01:00:00,0.0713952519498595,0.05811179440630564,0.205862722747191,0.0565784390765754,-0.630590657514496,-0.03060305314493985,0.2889270449008816,0.5218224036498699,0.5176450200047374,0.2555800970913799,0.4609263466987305
2021-01-27 01:10:00,0.0714385456653731,0.058200631176490845,0.20494137929796682,0.056567887593539,0.0265562541695629,-0.029888214888471886,0.2647765764602189,0.4621814004825809,0.5180871042779573,0.2555800970913799,0.4609263466987305
2021-01-27 01:20:00,0.071477586178092,0.05829136481790829,0.20392995447290646,0.0565529496369118,-0.0398992355245653,-0.029266010294655826,0.263329295022153,0.4675490943387349,0.5213158667895749,0.2555800970913799,0.4609263466987305
2021-01-27 01:30:00,0.0715359490268466,0.05835847318129252,0.20359554570172994,0.055599024759229,0.0731623435939354,-0.04553080116284823,0.253236269475789,0.4376955205892719,0.519858474990156,0.2555800970913799,0.4609263466987305
2021-01-27 01:40:00,0.0713388528753597,0.05833040346312256,0.20131764247014503,0.0557984903765234,-0.5499798964356373,-0.042745581669521485,0.2581704229025108,0.4534089962949179,0.519877886427339,0.2555800970913799,0.4609263466987305
2021-01-27 01:50:00,0.0721869009178786,0.05830075171208721,0.21364361457440004,0.0558622896262861,0.2873979065959986,-0.04218350525834648,0.292379027235336,0.5225803905394708,0.5200140192375793,0.2555800970913799,0.4609263466987305
2021-01-27 02:00:00,0.0726048962058071,0.05829604200842896,0.2194981594346504,0.0557719128972522,0.2585412680668142,-0.043761870266951074,0.2548304071624239,0.4370111288897244,0.5216516016119299,0.2555800970913799,0.4609263466987305
2021-01-27 02:10:00,0.0726635673345307,0.05827584403438604,0.2206524533902329,0.0556615707094663,0.0378831261931722,-0.04591544022081781,0.2908017378231391,0.5194018333183078,0.5213849844099105,0.2555800970913799,0.4609263466987305
2021-01-27 02:20:00,0.0727294916284793,0.05827070461622399,0.2216474909498458,0.0556746138630027,-0.1281581102800189,-0.04578711519936701,0.3061124231944522,0.5528566663017973,0.5220133104195769,0.2555800970913799,0.4609263466987305
2021-01-27 02:30:00,0.0727235104111107,0.05825463747145,0.22184101916357016,0.0556031235611874,-0.0935950930749385,-0.04719166242362937,0.3007308701879033,0.5479726592324752,0.5201342425201833,0.2555800970913799,0.4609263466987305
2021-01-27 02:40:00,0.0726929691326946,0.058233907109354006,0.2217768876960747,0.0554880497611966,0.2694984379317588,-0.049256443376704276,0.2925491671183936,0.5303978843961316,0.5192798398120256,0.2555800970913799,0.4609263466987305
2021-01-27 02:50:00,0.071660412450753,0.05820568615592842,0.2079554172837249,0.056792563027724,-1.221113299224719,-0.026059687086883117,0.2766424052447382,0.4883300473998877,0.5175246918137864,0.2555800970913799,0.4609263466987305
2021-01-27 03:00:00,0.0718859953671057,0.05829708323291098,0.2095294046434043,0.0568292443856133,0.2391147085395673,-0.0253031876718013,0.2804877497286162,0.5093321116629567,0.5203561591488302,0.2555800970913799,0.4609263466987305
2021-01-27 03:10:00,0.0716800219453819,0.05837679134837856,0.2052936723959466,0.0566279592059503,-0.5438675772991175,-0.02892879304722986,0.2620293661677474,0.4563761512815208,0.5196029335609329,0.2555800970913799,0.4609263466987305
2021-01-27 03:20:00,0.0716921384241991,0.058430662321279386,0.20454030438844364,0.0564454033219295,0.2746306724036529,-0.03287774535741896,0.2710424054025547,0.4778979349556179,0.5182971547558681,0.2555800970913799,0.4609263466987305
2021-01-27 03:30:00,0.0716845073408739,0.058479740248738345,0.20359427439870517,0.0564535671427214,0.1178587560113797,-0.0335949669307784,0.2964551088320273,0.5305290137753063,0.5173261447525281,0.2555800970913799,0.4609263466987305
2021-01-27 03:40:00,0.07279890206605,0.05851299535432718,0.21845200120184896,0.0558717194607245,-0.2373048876162187,-0.04273885957383473,0.2601566916728524,0.4501536513422582,0.5186448921978148,0.2555800970913799,0.4609263466987305
2021-01-27 03:50:00,0.0727967182149391,0.05848683011553144,0.21886927205854315,0.0558677137310954,0.1762871079327155,-0.04139253837170955,0.288629046831529,0.5170825187312462,0.5196833416601085,0.2555800970913799,0.4609263466987305
2021-01-27 04:00:00,0.0725486476287271,0.05846297033120599,0.21586377058876374,0.0557600489510664,-0.6196343079713174,-0.04081388389810224,0.2985705931674801,0.5376320337389058,0.5215419792043972,0.2555800970913799,0.4609263466987305
2021-01-27 04:10:00,0.0725697328260282,0.058432284896173595,0.21667937103154405,0.0558002711090172,0.2654240507981242,-0.03953322902469623,0.299501873102304,0.5422994939108371,0.5197424467301799,0.2555800970913799,0.4609263466987305
2021-01-27 04:20:00,0.0723920638642142,0.058401468547637725,0.21475564236665323,0.0560033035176868,0.5150007780429178,-0.03527388051733584,0.2867704430235216,0.514737782366248,0.5204068409883572,0.2555800970913799,0.4609263466987305
2021-01-27 04:30:00,0.0726091074527827,0.05839296619308951,0.2178949202896377,0.0560305133445245,-0.1792728687085798,-0.03414874965832221,0.2664456082508416,0.4641419200455318,0.5186943025855064,0.2555800970913799,0.4609263466987305
2021-01-27 04:40:00,0.0727109015828386,0.0583965953280009,0.2192337373373999,0.0555031204908468,0.0800969250127181,-0.04277051746069732,0.2599930931422179,0.4571398982583206,0.5209240227279124,0.2555800970913799,0.4609263466987305
2021-01-27 04:50:00,0.0727380554722781,0.05833976121625301,0.22058083516024207,0.0555091502757521,0.1117268218344236,-0.04305856958982802,0.2436818821659796,0.411722462879533,0.5205334458367018,0.2555800970913799,0.4609263466987305
2021-01-27 05:00:00,0.0726985013506283,0.058299506519640935,0.22072714134736138,0.0556370258065468,-0.3932134030714351,-0.04137028896902391,0.2531078149000792,0.4418210340828135,0.5191961753615614,0.2555800970913799,0.4609263466987305
2021-01-27 05:10:00,0.0726160125049312,0.058282933667217325,0.2198761379096417,0.0557269213994844,-0.3856585425761949,-0.03980386985505258,0.2818571957099909,0.5108884125207437,0.5190964878567377,0.2555800970913799,0.4609263466987305
2021-01-27 05:20:00,0.0726014557706658,0.05825758588530729,0.22011065980992842,0.0556546478074546,-0.2098009560429048,-0.04132389570883716,0.2408559990084785,0.4178936948317777,0.5199717503059154,0.2555800970913799,0.4609263466987305
2021-01-27 05:30:00,0.0727585930246277,0.058219167496145786,0.2229323773141833,0.0553319632379179,-0.1545616437409691,-0.047436261744367686,0.2805587886579667,0.5066491749864307,0.5200936893678751,0.2555800970913799,0.4609263466987305
2021-01-27 05:40:00,0.0735760306182914,0.05816938714683522,0.2349600794320367,0.055269448686199,0.0581234149020559,-0.04939767921165748,0.3037122353159825,0.5595964633592049,0.5225890218003177,0.2555800970913799,0.4609263466987305
2021-01-27 05:50:00,0.0736812369834874,0.058119075632220296,0.237254246292624,0.0550871232623203,-0.0666290184495821,-0.053373583699764846,0.2967523672937721,0.5449286100948105,0.5211567187360219,0.2555800970913799,0.4609263466987305
2021-01-27 06:00:00,0.0736660333913696,0.05803627190876922,0.23847362349879564,0.0549025281094194,0.1499479839765172,-0.05763683411470999,0.2907293385106462,0.5329036106215637,0.5203029058647046,0.2555800970913799,0.4609263466987305
2021-01-27 06:10:00,0.073661734709915,0.05796490117281836,0.2396457857941131,0.0549077787552119,0.0796397562933037,-0.058408314653656035,0.2666212426228582,0.4777005915937054,0.5174589099194666,0.2555800970913799,0.4609263466987305
2021-01-27 06:20:00,0.0736738811776436,0.05790573549789429,0.24083190423398956,0.0548477353318221,0.0252345316747337,-0.05996874690241404,0.264670152327609,0.4808238980595266,0.5197447641727134,0.2555800970913799,0.4609263466987305
2021-01-27 06:30:00,0.0736693167366083,0.05785441066283264,0.24165669217806932,0.0548437945392176,0.1096661336513094,-0.06008723325595975,0.248015295313535,0.4287884507971963,0.5207612943774833,0.2555800970913799,0.4609263466987305
2021-01-27 06:40:00,0.0736499811238876,0.05780411938844615,0.24226384377873345,0.0545967744466799,0.1695147277837705,-0.06470169697137317,0.2575697168827379,0.4554678892716715,0.5209958352088083,0.2555800970913799,0.4609263466987305
2021-01-27 06:50:00,0.0736963944950327,0.057723933714415476,0.24428199337477427,0.0545367548513912,-0.0361221944498169,-0.06585593960361841,0.294274748569301,0.5308016242445259,0.5212024992254175,0.2555800970913799,0.4609263466987305
2021-01-27 07:00:00,0.0737455855743048,0.05765690374852551,0.2461111444704225,0.0543934689663662,-0.2178305015197779,-0.06862890498823353,0.2594004351678372,0.4524889122316718,0.5232951876473269,0.2555800970913799,0.4609263466987305
2021-01-27 07:10:00,0.0737381465049858,0.05758244464044924,0.24730251624704125,0.0545794069878525,0.5045539482033234,-0.06540921630174167,0.2920826419321261,0.5289895721000903,0.5219617953806059,0.2555800970913799,0.4609263466987305
2021-01-27 07:20:00,0.0737455304876136,0.05754122414460043,0.24811875725703816,0.0545302989836309,0.0181684416558525,-0.06611372102033314,0.3066233141322985,0.5598053591869276,0.5233213328597948,0.2555800970913799,0.4609263466987305
2021-01-27 07:30:00,0.0737443161845299,0.05749981233478305,0.2488222395105698,0.0545193132791413,-0.0428286435694147,-0.0661330296723486,0.30531874562661,0.5570553049778098,0.5222793957747646,0.2555800970913799,0.4609263466987305
2021-01-27 07:40:00,0.0737430358827826,0.05747326190640784,0.24926673272409183,0.0538691597652771,-0.181753314853772,-0.0777289877371025,0.2964855663257384,0.5418544353377122,0.5217029568912541,0.2555800970913799,0.4609263466987305
2021-01-27 07:50:00,0.0737306987838754,0.057368065066552,0.2509314587868853,0.0538982786390605,0.1935960098618849,-0.0781065616417596,0.2715710127930931,0.4883928257829401,0.5197887433203734,0.2555800970913799,0.4609263466987305
2021-01-27 08:00:00,0.0736870864991351,0.05727995944272486,0.2518767521357564,0.0539751418803597,-0.2918139975834677,-0.07736227832640896,0.2671823656572006,0.4812898532211076,0.521223438987241,0.2555800970913799,0.4609263466987305
2021-01-27 08:10:00,0.0737412897269069,0.05722807082072543,0.25351835622495106,0.0539278821061679,-0.0792508498220101,-0.07899595307437754,0.2578586994756397,0.4435851575651351,0.5209679385066124,0.2555800970913799,0.4609263466987305
2021-01-27 08:20:00,0.0738035563645543,0.0571722850326304,0.2553376661041129,0.0539358511693849,0.1184422691398623,-0.07943926522211649,0.2759916587819315,0.4934004127196841,0.521327778110607,0.2555800970913799,0.4609263466987305
2021-01-27 08:30:00,0.0734077866931148,0.057109935694429924,0.25105190904982067,0.0544996265503414,-0.8877893644561041,-0.06979806178630886,0.3022020308497085,0.5465978343431064,0.5216073126121126,0.2555800970913799,0.4609263466987305
2021-01-27 08:40:00,0.0733553992112435,0.0571594403832188,0.2494715481013886,0.0545248471279113,-0.2816519113427063,-0.07010711459388602,0.2651875266116365,0.4640827022524245,0.5218981324954723,0.2555800970913799,0.4609263466987305
2021-01-27 08:50:00,0.0733251440767487,0.057174873587178744,0.24878905084210057,0.0545458098643151,-0.4260080660307253,-0.06998876434969954,0.2921436739056385,0.5297129150750516,0.5200852312271687,0.2555800970913799,0.4609263466987305
2021-01-27 09:00:00,0.0732450107967654,0.057185182579485204,0.24751531457350476,0.0548965723138142,-0.6249837306134154,-0.06424265700828866,0.3053268325237776,0.5577924007956665,0.5216726081653769,0.2555800970913799,0.4609263466987305
2021-01-27 09:10:00,0.0737120392220081,0.05722273504182223,0.25321485510814234,0.0545018165501601,-0.05473509561984,-0.071900135124571,0.2967748154846396,0.5367396165100998,0.5220141315627166,0.2555800970913799,0.4609263466987305
2021-01-27 09:20:00,0.0737462302290096,0.05720189379313992,0.25404287226527017,0.0544770481925287,0.0238998326857142,-0.07368739436796942,0.2854622543267804,0.5151872697628049,0.5225091255053677,0.2555800970913799,0.4609263466987305
2021-01-27 09:30:00,0.0736277069605751,0.057203419988009464,0.2524077215641937,0.0546246777823912,0.4180968884899272,-0.07173621361567667,0.2657940855789197,0.470822946303827,0.5203991896022414,0.2555800970913799,0.4609263466987305
2021-01-27 09:40:00,0.0736190400512747,0.0572054418406438,0.252254657692841,0.0542279788137666,0.1476912429465571,-0.07983254650091787,0.2612998535281925,0.466849832201335,0.5229766718015245,0.2555800970913799,0.4609263466987305
2021-01-27 09:50:00,0.0740730033054056,0.05718016732854192,0.2588440248190071,0.0529044895353988,0.1794678878477285,-0.10504983129527572,0.2534166778695855,0.4374516567355911,0.5217804992559987,0.2555800970913799,0.4609263466987305
2021-01-27 10:00:00,0.0741255560925609,0.057029952050170286,0.2621837549961045,0.0527530847666182,0.0471074587508724,-0.11040147197304387,0.2631466205716253,0.4638152957638117,0.5213979457377844,0.2555800970913799,0.4609263466987305
2021-01-27 10:10:00,0.074414697561973,0.05688153510196506,0.26868269664303884,0.0515574316407917,0.079871722708269,-0.13583117167499392,0.2984284594663416,0.5367244994260836,0.5224349393794345,0.2555800970913799,0.4609263466987305
2021-01-27 10:20:00,0.074361882062977,0.0565961983844976,0.2730016560842014,0.0517458869308798,0.444818965179472,-0.13700112694402275,0.2674365038638922,0.4699335542640991,0.5234425316698872,0.2555800970913799,0.4609263466987305
2021-01-27 10:30:00,0.0744716505453096,0.05633303966605865,0.27913731015976484,0.0517972647463648,-0.2376550119247866,-0.1404658867159035,0.2934160083780143,0.5382182732009136,0.5222626699895265,0.2555800970913799,0.4609263466987305
2021-01-27 10:40:00,0.0745714492468984,0.05617269752703375,0.2833268863559,0.0518770644461297,-0.4365421769477962,-0.14194634333114514,0.3037307015589362,0.5590339442057004,0.5229268098410415,0.2555800970913799,0.4609263466987305
2021-01-27 10:50:00,0.074342733959374,0.05604247539500522,0.28257604819294413,0.0523035025623829,0.669352727939021,-0.13632706694212837,0.3050346848036119,0.5593410271706529,0.5214227043583906,0.2555800970913799,0.4609263466987305
2021-01-27 11:00:00,0.0741840740541615,0.055970681709858756,0.2817214790028209,0.0524489973247805,0.4855718177788404,-0.1357575438873863,0.3045947594239485,0.5638436073519025,0.52217904322606,0.2555800970913799,0.4609263466987305
2021-01-27 11:10:00,0.0741831827809497,0.055920967100726145,0.2825980851899095,0.05244463894408,-0.0372119468918796,-0.13759493824715002,0.2784768078996426,0.501097054742095,0.5204756371506167,0.2555800970913799,0.4609263466987305
2021-01-27 11:20:00,0.0742302667483831,0.05589159029530688,0.2837580477626632,0.0522419430756881,-0.1682133189865098,-0.14286985203594216,0.2749411851295387,0.4968878555495664,0.5216683703941833,0.2555800970913799,0.4609263466987305
2021-01-27 11:30:00,0.0742210345579346,0.0558379943237483,0.2845930550693912,0.0522272864222493,0.1431120211558223,-0.14450303455755015,0.2605490474374713,0.4514435751447882,0.5198068583434616,0.2555800970913799,0.4609263466987305
2021-01-27 11:40:00,0.0720787235760856,0.05578021758314323,0.2563396217800684,0.0550150793718911,-1.8525997437849997,-0.09386675854088923,0.2733986183365836,0.4837516252469674,0.5193282162689412,0.2555800970913799,0.4609263466987305
2021-01-27 11:50:00,0.0719168182136391,0.05596462509703246,0.2507903521150822,0.0556824957067902,-0.9187237266917948,-0.08367388654629103,0.2994084995288451,0.5352055716371298,0.5206300696303088,0.2555800970913799,0.4609263466987305
2021-01-27 12:00:00,0.0717802816699323,0.05619009082954916,0.24486938818979956,0.0558618587154641,0.4488535289299378,-0.08214435667489725,0.2652595201826529,0.4631508992159672,0.5222779368606181,0.2555800970913799,0.4609263466987305
2021-01-27 12:10:00,0.071134798392594,0.056491057677576346,0.2304942915142159,0.0569182362236405,-1.092021083209893,-0.06487769992968899,0.2990530955988676,0.5449888292796108,0.5205400487743812,0.2555800970913799,0.4609263466987305
2021-01-27 12:20:00,0.0710834924913621,0.05679792537703022,0.22435533672780966,0.0568939188679012,0.4680224629231233,-0.06541066195670014,0.3067004198017618,0.5595077118379057,0.5227847786960398,0.2555800970913799,0.4609263466987305
2021-01-27 12:30:00,0.0708774325134707,0.05705230580905485,0.21698358980871718,0.0571498838130615,0.5426597712720138,-0.061130797815606076,0.3064319747682788,0.5565620828131685,0.5212894252229241,0.2555800970913799,0.4609263466987305
2021-01-27 12:40:00,0.0709425110519256,0.05731089972494031,0.21337901785385976,0.0570650487797044,-0.0333605813688464,-0.06268790901557597,0.2986368757024806,0.5394027819721001,0.5213836443477555,0.2555800970913799,0.4609263466987305
2021-01-27 12:50:00,0.0709556934776466,0.05752072182014888,0.20991038436093362,0.0565919429855157,0.0191853198424851,-0.06294091275146707,0.2775450550054062,0.4893738332645164,0.5202046280707063,0.2555800970913799,0.4609263466987305
2021-01-27 13:00:00,0.0712449551566732,0.057651836431481335,0.21170191077641995,0.0565940198573995,0.3051041531655585,-0.05859676132230699,0.276747920619278,0.4966474802877953,0.5220072020403308,0.2555800970913799,0.4609263466987305
2021-01-27 13:10:00,0.0706867558391222,0.05777933650139004,0.20162701456205412,0.0571237039323116,-0.8908720958336502,-0.04320109474308706,0.2604946202919501,0.4567776442427213,0.5210906311691454,0.2555800970913799,0.4609263466987305
2021-01-27 13:20:00,0.070598658001339,0.057949175311690616,0.19744479718650287,0.0571349348727145,0.3602868690622429,-0.03875579730423522,0.265734849541916,0.4703662897000329,0.520188114767679,0.2555800970913799,0.4609263466987305
2021-01-27 13:30:00,0.070867946529125,0.058074277383089415,0.1990954014675676,0.0571383759606866,-0.6042721309398758,-0.03421053289420863,0.3015162892604482,0.5424078193524158,0.521027310342906,0.2555800970913799,0.4609263466987305
2021-01-27 13:40:00,0.0711137691478237,0.05818997538916393,0.200567881230985,0.0565345671437116,0.2819817053184792,-0.04181686014689947,0.2730800540389284,0.4863603330111287,0.5234740178566022,0.2555800970913799,0.4609263466987305
2021-01-27 13:50:00,0.0703893370202596,0.05824529218568201,0.1893785205789794,0.0571619660446128,-1.0124766305446895,-0.02884494478174159,0.2955845471594926,0.5403138977978945,0.5225177240907608,0.2555800970913799,0.4609263466987305
2021-01-27 14:00:00,0.0708874191080104,0.058340931257793396,0.19478904530037316,0.0567345158800182,-0.0040952651145786,-0.035266914594974,0.3034224571332066,0.5546722512164795,0.5230402606655031,0.2555800970913799,0.4609263466987305
2021-01-27 14:10:00,0.0709059592913007,0.05838757224776348,0.19425141885783498,0.0569011224146973,0.4352062676709067,-0.03174432959148457,0.2949611269752236,0.5378882756089483,0.5204174561534087,0.2555800970913799,0.4609263466987305
2021-01-27 14:20:00,0.0706490291944239,0.05844235133639837,0.18968354685615854,0.0572470958093612,-0.652694258982045,-0.0255529234725093,0.289672741115768,0.5292709305509042,0.520238989560281,0.2555800970913799,0.4609263466987305
2021-01-27 14:30:00,0.0686807041437773,0.05852612267841521,0.15999509242777274,0.0589853861264428,-1.6653601621330338,0.0045487092648359255,0.2657446732181529,0.4740607851992916,0.5195821854928468,0.2555800970913799,0.4609263466987305
2021-01-27 14:40:00,0.0678538372776026,0.05892500198192906,0.14109045753205265,0.0600228001166119,-1.117160273646789,0.021449880163203032,0.2618543159534779,0.473057213264822,0.521987985059801,0.2555800970913799,0.4609263466987305
2021-01-27 14:50:00,0.0675193210643115,0.05921995080141445,0.13115530301342687,0.0603115163629559,0.6845363596964305,0.02498015186832433,0.2558270914147523,0.4498645318064954,0.5205392899660893,0.2555800970913799,0.4609263466987305
2021-01-27 15:00:00,0.0670856541361982,0.05952464579913517,0.11957978095154269,0.0605277367850948,0.7743082884202224,0.02743405574896191,0.264634384903738,0.4717744355910434,0.5204030240920866,0.2555800970913799,0.4609263466987305
2021-01-27 15:10:00,0.0670792252282663,0.05978102920255969,0.1151860137113291,0.0605710077139368,-0.3274157795893018,0.027257568752220324,0.2989790426369283,0.5394453171680373,0.5199007024186315,0.2555800970913799,0.4609263466987305
2021-01-27 15:20:00,0.067122196011792,0.06005751798342067,0.11121204323639633,0.0603508351891885,0.2932998309919554,0.02286334146036155,0.2642997380235166,0.4645199035034735,0.5214402720747316,0.2555800970913799,0.4609263466987305
2021-01-27 15:30:00,0.0670673094108784,0.060246426099031414,0.10725348041976945,0.0598316644717701,0.295921193353621,0.013155634452249902,0.2938974408579795,0.5345782556604015,0.5208241135033185,0.2555800970913799,0.4609263466987305
2021-01-27 15:40:00,0.0660494654659692,0.060345479624360834,0.09031789598967824,0.0609988373225868,1.245268852259862,0.030784665941492404,0.3049679885415425,0.5592413273263355,0.5214086159723916,0.2555800970913799,0.4609263466987305
2021-01-27 15:50:00,0.0660290733712529,0.06053120571737067,0.0869361216167594,0.0609874140795788,0.1673638900591356,0.028073638021960664,0.2991247597765165,0.5516211730098152,0.5192871789637218,0.2555800970913799,0.4609263466987305
2021-01-27 16:00:00,0.0652609851806163,0.06071280490045765,0.0722397575942835,0.0615282913675462,1.0054620338706854,0.035092571347603206,0.2904552864563016,0.5289921117802081,0.5188359260253123,0.2555800970913799,0.4609263466987305
2021-01-27 16:10:00,0.0653884220278546,0.06094907453124479,0.07030653783058281,0.0597354881633158,-0.0622234160740475,0.004756159228825473,0.2759151004825481,0.4869858288640857,0.5178340651125342,0.2555800970913799,0.4609263466987305
2021-01-27 16:20:00,0.0646298733964381,0.06097929654613098,0.05814233469443309,0.0604825960179536,1.0072295387544727,0.013824945218679134,0.2840333768116428,0.5125459283701517,0.5208450086194516,0.2555800970913799,0.4609263466987305
2021-01-27 16:30:00,0.0645641159248237,0.061095630906765334,0.05521841904539159,0.0601537604314036,-0.6178033467953981,0.006251479188172878,0.2664720723663862,0.4609054697699732,0.519722233794421,0.2555800970913799,0.4609263466987305
2021-01-27 16:40:00,0.0647457168510876,0.06112600033153474,0.05753023637054524,0.0601529218997491,-0.2358812512120778,0.003171652547735779,0.2765276394845125,0.4872260913004175,0.5177379925146215,0.2555800970913799,0.4609263466987305
2021-01-27 16:50:00,0.0650016340142434,0.06115491251965926,0.061002213791178005,0.0602364431117005,-0.360090460633522,0.0017988115229813162,0.3061087179055815,0.5471519885199594,0.5164105233672713,0.2555800970913799,0.4609263466987305
2021-01-27 17:00:00,0.0648570694832971,0.06117039727735298,0.05852254979354402,0.0603985070698975,0.5771255800398833,0.002088451274548062,0.2708810809888787,0.4722172286928308,0.5181837068615234,0.2555800970913799,0.4609263466987305
2021-01-27 17:10:00,0.0647975708049168,0.06121579370412274,0.056862891791574395,0.0601795346190766,-0.3000631131591547,-0.002785836198333557,0.2947321008446608,0.527943404394456,0.5190089355439549,0.2555800970913799,0.4609263466987305
2021-01-27 17:20:00,0.064745157419919,0.06124270757876097,0.05561412650321665,0.0601726461909866,-0.3157369826746858,-0.0025494158343673497,0.3056919373415555,0.5517101317238993,0.520726694540631,0.2555800970913799,0.4609263466987305
2021-01-27 17:30:00,0.0637753008371216,0.061262373121117056,0.04020014201633129,0.0611932955454118,-1.1165572251709222,0.013697986844385923,0.3051199632980708,0.5538186232166622,0.5182183628372224,0.2555800970913799,0.4609263466987305
2021-01-27 17:40:00,0.0636632246931636,0.06139604376969578,0.03626167614720676,0.0613100802446544,0.3784232447689106,0.015111597422883483,0.2952556571400271,0.531164754968614,0.5184380736101417,0.2555800970913799,0.4609263466987305
2021-01-27 17:50:00,0.0633187824423461,0.06150187528480313,0.02911433940185741,0.0615636722178542,0.6865992990919167,0.018714508327292476,0.2766777632816496,0.4874568749543562,0.5163778941798072,0.2555800970913799,0.4609263466987305
2021-01-27 18:00:00,0.0629837859670915,0.06163739388767061,0.021608597671563486,0.0613925279225025,-0.6665395883924674,0.015635901537783558,0.2736212776877748,0.4846546823041252,0.5185261056649653,0.2555800970913799,0.4609263466987305
2021-01-27 18:10:00,0.0632351883719234,0.06173199474800357,0.024058574284985618,0.0610708800165471,-0.0782820497201797,0.009245430173269871,0.2642826634697479,0.4519725464188798,0.5183603580160128,0.2555800970913799,0.4609263466987305
2021-01-27 18:20:00,0.0629104283274871,0.06175711352323387,0.018502774504255026,0.0614090985137707,-0.6502029486275873,0.012917264124012489,0.2729489430701129,0.4794359004521319,0.5170666975196856,0.2555800970913799,0.4609263466987305
2021-01-27 18:30:00,0.0623505805370852,0.06182290105810428,0.008499119918529656,0.06203100600852,-0.8850875095781419,0.021848257353703316,0.2983435012574667,0.5366590207168305,0.5165572786577257,0.2555800970913799,0.4609263466987305
2021-01-27 18:40:00,0.0630205579923493,0.06196851759822173,0.016834515093503987,0.0619186437588928,-0.1748245740529341,0.01917887680617079,0.2574709879971931,0.4455868141952731,0.5177483848873348,0.2555800970913799,0.4609263466987305
2021-01-27 18:50:00,0.0630316541682947,0.062076025694051004,0.015277192600941876,0.0617364909270261,-0.1585120903241588,0.015544821477363892,0.2879704974492321,0.5147365484200437,0.5174066957911019,0.2555800970913799,0.4609263466987305
2021-01-27 19:00:00,0.0600503762159284,0.06213800660447556,-0.034174010795355564,0.0645735681247407,1.9296870992373985,0.05938062389154877,0.3097836547713872,0.5650411370783242,0.5199996963588305,0.2555800970913799,0.4609263466987305
2021-01-27 19:10:00,0.0593508542280579,0.062453261397480024,-0.0509519453357421,0.0649860269656223,0.9513674803125484,0.06447288349928122,0.3033983960601558,0.5541121134582359,0.5179060485437623,0.2555800970913799,0.4609263466987305
2021-01-27 19:20:00,0.0593688947163399,0.06276106153711507,-0.05556441071462707,0.0649658773359583,0.0496003392663979,0.06270108090375066,0.2957067383589095,0.5355750292486242,0.5167604771414419,0.2555800970913799,0.4609263466987305
2021-01-27 19:30:00,0.0594587484353463,0.06304439256447973,-0.05855635362935496,0.0650258905565185,0.2797904491030678,0.06214393681560611,0.2746265676250873,0.4864461491864686,0.5144548544292068,0.2555800970913799,0.4609263466987305
2021-01-27 19:40:00,0.0596429104582341,0.06329996291692096,-0.05950945417361721,0.0649512819441974,-0.1720484239964292,0.060022359254839945,0.276711549333451,0.49517883052274,0.5169491647250903,0.2555800970913799,0.4609263466987305
2021-01-27 19:50:00,0.059582821249569,0.06350525539426308,-0.06375536613218306,0.0650193240760943,0.2974177565782554,0.06008273483232121,0.2601855249783959,0.4446384256288688,0.5175417793524988,0.2555800970913799,0.4609263466987305
2021-01-27 20:00:00,0.0597044233827004,0.06371672960449203,-0.06504104808397719,0.0650791250409259,-0.4945758186034155,0.06140325074382149,0.2692191370568206,0.4745516710194677,0.5170573205476952,0.2555800970913799,0.4609263466987305
2021-01-27 20:10:00,0.0539457354645423,0.06387584964327193,-0.16896270758113602,0.0698877031396189,2.5616236289309318,0.133233528926325,0.303788262743138,0.548705891041662,0.5164937932620679,0.2555800970913799,0.4609263466987305
2021-01-27 20:20:00,0.0541391432345401,0.06448507326901778,-0.1748763157720306,0.0696851858133083,0.0603735371981883,0.13108277363186374,0.2642423308455099,0.4611669051987675,0.5189883165622244,0.2555800970913799,0.4609263466987305
2021-01-27 20:30:00,0.0536161508978437,0.06500828657887549,-0.1926644021897159,0.0700505174193196,-0.8261786103478386,0.13677145605005286,0.2956480567964668,0.532124346526438,0.5182699934199482,0.2555800970913799,0.4609263466987305
2021-01-27 20:40:00,0.0533588184743915,0.06549149495225333,-0.20488102732469,0.0702438556505062,0.5293764690753378,0.1395022323056019,0.3091118840563211,0.5588091085947045,0.5201454880001697,0.2555800970913799,0.4609263466987305
2021-01-27 20:50:00,0.0528910821429829,0.06599842986204539,-0.22139620664903603,0.0705828786189753,0.7281990767310731,0.14431237861858906,0.3095581817893411,0.5601911820561297,0.5192210641832347,0.2555800970913799,0.4609263466987305
2021-01-27 21:00:00,0.0524382052434333,0.06641095452245548,-0.23622658726666587,0.0709976430478595,-0.810873514667243,0.1506915230061464,0.3052833992692317,0.5541828500111246,0.5187339794174839,0.2555800970913799,0.4609263466987305
2021-01-27 21:10:00,0.052776444986759,0.06683427483655931,-0.23615107181225178,0.0709687383638651,-0.1544745772926958,0.1546645057866061,0.2799942800365273,0.5042947675658529,0.5171385864889042,0.2555800970913799,0.4609263466987305
2021-01-27 21:20:00,0.0527735404480481,0.06719688685886718,-0.24161698272324678,0.0705309448900107,-0.0598958726589771,0.15202922711959693,0.2774152674201898,0.5032095096237079,0.5192223736864569,0.2555800970913799,0.4609263466987305
2021-01-27 21:30:00,0.0524438907104423,0.06746831205073228,-0.25191418684528943,0.0707225896479521,-0.6958134434499996,0.15941785437159967,0.2700682156251582,0.4720160686786472,0.5188886101781447,0.2555800970913799,0.4609263466987305
2021-01-27 21:40:00,0.0529780359724592,0.06771536056177402,-0.2454356337446651,0.0708420307211488,-0.4222150073058373,0.1658902205220249,0.2864394352667477,0.5182542760363404,0.5195222739006062,0.2555800970913799,0.4609263466987305
2021-01-27 21:50:00,0.0529667856100261,0.06788287763466969,-0.24811880193678432,0.0708072307707944,0.3718394891935261,0.16905038691141666,0.311855164694188,0.5673823620722716,0.5204676540353982,0.2555800970913799,0.4609263466987305
2021-01-27 22:00:00,0.0529584876250841,0.06801504846467618,-0.25022062735095796,0.0707903251798531,0.1977741147880962,0.17184238522045692,0.2759489311741093,0.4864788200708647,0.5215480279477718,0.2555800970913799,0.4609263466987305
2021-01-27 22:10:00,0.0529217058374853,0.06815121871990457,-0.252915467890928,0.0707221185275423,-0.2653255179344782,0.17421779388930383,0.3007701586277502,0.5449157706887587,0.5202020839695487,0.2555800970913799,0.4609263466987305
2021-01-27 22:20:00,0.0529273673064609,0.06821876641945016,-0.2537991489617816,0.0705196720955175,-0.0081079435439335,0.17463163375238536,0.3144833888470753,0.5743527143476975,0.5222633103262321,0.2555800970913799,0.4609263466987305
2021-01-27 22:30:00,0.0508388334802241,0.0683169792271142,-0.29549783230582927,0.0720812849822284,-1.509918808027244,0.20040765598290441,0.3053537429590882,0.5560410956357038,0.5223374441258959,0.2555800970913799,0.4609263466987305
2021-01-27 22:40:00,0.0509021282839709,0.0685831571447009,-0.2981422461872643,0.0720816044259374,0.1568354306771269,0.20708884077324458,0.2960804459868857,0.5372626319597431,0.5222658981748309,0.2555800970913799,0.4609263466987305
2021-01-27 22:50:00,0.0511566460445943,0.06879971764306508,-0.2963072245028769,0.0708497672256428,-0.0376953814850367,0.19450399309902333,0.2792939107897106,0.5013216659164254,0.5204204195616424,0.2555800970913799,0.4609263466987305
2021-01-27 23:00:00,0.0511217267687168,0.06882798844710107,-0.2974008828096086,0.0708157870162702,-0.2167538027958215,0.1946834481579994,0.2724167087499148,0.489043261645124,0.5235731339666776,0.2555800970913799,0.4609263466987305
2021-01-27 23:10:00,0.0514516633932891,0.0688516103532812,-0.29131082215590065,0.0711492591712809,-0.7266411926575955,0.2003699853466747,0.2593317931902664,0.4446972149017538,0.5226271439391399,0.2555800970913799,0.4609263466987305
2021-01-27 23:20:00,0.0516894867600226,0.06893282013126374,-0.2878779990683304,0.0711454847315641,0.0434072481050762,0.20116288872357607,0.2638678844996101,0.458857672254165,0.5219704588167318,0.2555800970913799,0.4609263466987305
2021-01-27 23:30:00,0.0518407235143883,0.06897965753694621,-0.28563563419617316,0.071029390459915,0.2447508883852478,0.20032807869387478,0.2920342834415163,0.515925744212381,0.5225197988203478,0.2555800970913799,0.4609263466987305
2021-01-27 23:40:00,0.0518673588719491,0.06902919645174854,-0.2858398832345877,0.0710782230809393,-0.2899768254371437,0.20168992302979677,0.2576288977875668,0.4447534381835881,0.5231939266167224,0.2555800970913799,0.4609263466987305
2021-01-27 23:50:00,0.0517266732913037,0.06907245425083314,-0.2891824424067474,0.0712025460459028,0.4610520498113502,0.20417189163056737,0.2845906710130548,0.5174995161552143,0.5218540809203975,0.2555800970913799,0.4609263466987305
2021-01-28 00:00:00,0.0527735087378832,0.0691240140178303,-0.2698928596290474,0.0709650409985159,-0.3034779637626883,0.20188385476486856,0.2948000221687704,0.5355722608047278,0.5229823259999344,0.2819968421808306,0.5045010459870783
2021-01-28 00:10:00,0.0520777840773178,0.06915773904454481,-0.2836515200605918,0.0717843404126763,-1.0872060888260648,0.21403944327233146,0.2977649050953908,0.5402557249878925,0.521701181211414,0.2819968421808306,0.5045010459870783
2021-01-28 00:20:00,0.0518738499951844,0.06927361350798195,-0.28924926669115014,0.072225995587314,0.7988973937397503,0.2210105196739445,0.3009914808935057,0.5504799621918036,0.521898690324347,0.2819968421808306,0.5045010459870783
2021-01-28 00:30:00,0.0522806217997433,0.06941222410436329,-0.2834372095043226,0.0715704043926347,0.3246849474065172,0.21255841245680845,0.2736728431880341,0.4881179450685408,0.5200464067232772,0.2819968421808306,0.5045010459870783
2021-01-28 00:40:00,0.0519970013597042,0.0694679750948241,-0.28967980561274237,0.0717234009342966,0.5883319352399496,0.21381677057047876,0.2712009222022892,0.4882005345696062,0.5210897265978106,0.2819968421808306,0.5045010459870783
2021-01-28 00:50:00,0.0516813803955864,0.06954416626902238,-0.29686446706176767,0.0715902864371785,0.6749421794690846,0.21094878188848054,0.2549872673961299,0.4405642270462043,0.5188569701438237,0.2819968421808306,0.5045010459870783
2021-01-28 01:00:00,0.0516718388030291,0.06959342409205731,-0.29775715233480526,0.0713952519498595,-0.3446352646074402,0.205862722747191,0.262413124675468,0.464662317220854,0.5179245576410431,0.2819968421808306,0.5045010459870783
2021-01-28 01:10:00,0.0518580768576775,0.06961174291668588,-0.2944225770991355,0.0714385456653731,-0.2500865702756982,0.20494137929796682,0.2881125113772382,0.5124614595183477,0.5198134165212949,0.2819968421808306,0.5045010459870783
2021-01-28 01:20:00,0.0518452669602916,0.06963394657999183,-0.2949885394557005,0.071477586178092,0.2395561304270543,0.20392995447290646,0.2525854572897034,0.4365574942378629,0.5215692195804615,0.2819968421808306,0.5045010459870783
2021-01-28 01:30:00,0.0518194401661217,0.06965459872897034,-0.29578335266263445,0.0715359490268466,-0.2980260085470476,0.20359554570172994,0.2869613865404304,0.5169973376007155,0.5200796847797304,0.2819968421808306,0.5045010459870783
2021-01-28 01:40:00,0.0518480061812724,0.06968381891278566,-0.29565165713857855,0.0713388528753597,0.1444892746524928,0.20131764247014503,0.2985123599872186,0.5384317040357325,0.5219168617497532,0.2819968421808306,0.5045010459870783
2021-01-28 01:50:00,0.0505790412642258,0.06965370877233583,-0.3199986612907942,0.0721869009178786,1.140072323262764,0.21364361457440004,0.2984989483175632,0.5393258782050243,0.5197388230964215,0.2819968421808306,0.5045010459870783
2021-01-28 02:00:00,0.0499518980152458,0.06974380492168349,-0.3337680957539109,0.0726048962058071,0.8197966068346219,0.2194981594346504,0.2941904876848612,0.5310275276780838,0.5186755336499705,0.2819968421808306,0.5045010459870783
2021-01-28 02:10:00,0.0499555142585342,0.06987398994683797,-0.33556058165947333,0.0726635673345307,-0.2943905203784069,0.2206524533902329,0.2752577493893383,0.4878362867473224,0.5172841025243295,0.2819968421808306,0.5045010459870783
2021-01-28 02:20:00,0.0499175962446913,0.06997364854113264,-0.33774515100989344,0.0727294916284793,-0.335072900727873,0.2216474909498458,0.2717062861657911,0.4895687886663105,0.518691541411793,0.2819968421808306,0.5045010459870783
2021-01-28 02:30:00,0.0504789240372116,0.07007805532353888,-0.3280537934938605,0.0727235104111107,-0.0077576560022052,0.22184101916357016,0.2560079128229411,0.4481288046887625,0.5175519411071293,0.2819968421808306,0.5045010459870783
2021-01-28 02:40:00,0.0505196945649802,0.07017438169513064,-0.32862005966948743,0.0726929691326946,0.1679802255244666,0.2217768876960747,0.26384806545872,0.4671560316852898,0.5164559515975133,0.2819968421808306,0.5045010459870783
2021-01-28 02:50:00,0.0505819110276236,0.07024150321407406,-0.32834532740326,0.071660412450753,0.0242322593862809,0.2079554172837249,0.2983887540215534,0.5317958876142168,0.517521112074285,0.2819968421808306,0.5045010459870783
2021-01-28 03:00:00,0.0502476967775479,0.07021276133341009,-0.33456536927097985,0.0718859953671057,0.617245507812747,0.2095294046434043,0.2732614693912263,0.4809778259670814,0.519989758573925,0.2819968421808306,0.5045010459870783
2021-01-28 03:10:00,0.0504770344566923,0.07020167425959482,-0.32985369098780193,0.0716800219453819,-0.009170787648749,0.2052936723959466,0.2982798758524507,0.5404099965737895,0.5190996671115566,0.2819968421808306,0.5045010459870783
2021-01-28 03:20:00,0.0505253690334463,0.07017453020006369,-0.32850986029442575,0.0716921384241991,-0.3046205240389454,0.20454030438844364,0.3095059801258653,0.5600460850541793,0.519701094865749,0.2819968421808306,0.5045010459870783
2021-01-28 03:30:00,0.0509736597536754,0.07014105407243298,-0.31919924883365525,0.0716845073408739,-0.0543092539199818,0.20359427439870517,0.3043358395483474,0.5515755611480189,0.5173340179089534,0.2819968421808306,0.5045010459870783
2021-01-28 03:40:00,0.0494215715556454,0.07011788165918773,-0.34979084932636517,0.07279890206605,1.2909024373948697,0.21845200120184896,0.2968719032062168,0.5371102646072694,0.516744751564066,0.2819968421808306,0.5045010459870783
2021-01-28 03:50:00,0.0495687278553436,0.07021122082372983,-0.34814799094938104,0.0727967182149391,-0.1670256053792229,0.21886927205854315,0.2684337147983021,0.4717908614871192,0.516617408287332,0.2819968421808306,0.5045010459870783
2021-01-28 04:00:00,0.0503241850934442,0.07028892200076797,-0.33412842610057514,0.0725486476287271,-0.1529299661111594,0.21586377058876374,0.2620196501682523,0.4643674235556126,0.5194407133948211,0.2819968421808306,0.5045010459870783
2021-01-28 04:10:00,0.0507702005270288,0.07033344576696016,-0.32593786472258257,0.0725697328260282,-0.3178811469419784,0.21667937103154405,0.2519095969167628,0.4312285937114477,0.5182425612888779,0.2819968421808306,0.5045010459870783
2021-01-28 04:20:00,0.050906267999086,0.07038185575333222,-0.3239494397937198,0.0723920638642142,0.0875995558111242,0.21475564236665323,0.2590892971421268,0.451946510762823,0.5182207657603117,0.2819968421808306,0.5045010459870783
2021-01-28 04:30:00,0.0507634276275935,0.07040766747475657,-0.3271260035063856,0.0726091074527827,-0.5889435517499209,0.2178949202896377,0.2960136172037568,0.5269664523781954,0.518511813656708,0.2819968421808306,0.5045010459870783
2021-01-28 04:40:00,0.0506554574834525,0.07045078024177807,-0.3298673395741997,0.0727109015828386,0.3928648067610396,0.2192337373373999,0.2620540087836236,0.45323479441595,0.5201310606772853,0.2819968421808306,0.5045010459870783
2021-01-28 04:50:00,0.0506712642035372,0.07049863358072918,-0.3302343588760133,0.0727380554722781,0.2279866919513651,0.22058083516024207,0.295909703605981,0.5324772705330747,0.5201153306826727,0.2819968421808306,0.5045010459870783
2021-01-28 05:00:00,0.0505999715696723,0.07053220391906145,-0.3321183842690782,0.0726985013506283,-0.3115936901574301,0.22072714134736138,0.3116001296430524,0.5677737164995486,0.5213806395992742,0.2819968421808306,0.5045010459870783
2021-01-28 05:10:00,0.0505959706467383,0.07056191948106005,-0.33261867322301003,0.0726160125049312,-0.1698948096683139,0.2198761379096417,0.3051205198540034,0.564412385449038,0.519686386514802,0.2819968421808306,0.5045010459870783
2021-01-28 05:20:00,0.050762018072118,0.07058512204724325,-0.3296709872267131,0.0726014557706658,-0.1512531658931948,0.22011065980992842,0.2971635618325102,0.5484520310507677,0.5190759863022143,0.2819968421808306,0.5045010459870783
2021-01-28 05:30:00,0.050617379446529,0.07061079333727073,-0.33288802830080433,0.0727585930246277,0.5022988062403755,0.2229323773141833,0.2792255164014949,0.5051615183862712,0.5178670423192935,0.2819968421808306,0.5045010459870783
2021-01-28 05:40:00,0.0494187887857781,0.07064913993623433,-0.3573952437955329,0.0735760306182914,1.0952499977463503,0.2349600794320367,0.2845535184555722,0.5244463263300192,0.5214835461340467,0.2819968421808306,0.5045010459870783
2021-01-28 05:50:00,0.049260326864391,0.07075692363850447,-0.3621313641867184,0.0736812369834874,0.3992035130485405,0.237254246292624,0.2686440261352333,0.4730010100932979,0.5207504212241953,0.2819968421808306,0.5045010459870783
2021-01-28 06:00:00,0.049980110372598,0.07088589065948753,-0.34944627660233973,0.0736660333913696,-0.0090730322449772,0.23847362349879564,0.2783495291516134,0.4963806739074893,0.5193409438090839,0.2819968421808306,0.5045010459870783
2021-01-28 06:10:00,0.0499818829522207,0.07098056486862665,-0.3507455065133493,0.073661734709915,-0.0030560329953743,0.2396457857941131,0.3083991351316624,0.5536090047957388,0.5188930684134061,0.2819968421808306,0.5045010459870783
2021-01-28 06:20:00,0.0502203974331474,0.07106028745423094,-0.34710736827716504,0.0736738811776436,-0.1361354275173809,0.24083190423398956,0.275598371237203,0.4823451838350241,0.520610913001438,0.2819968421808306,0.5045010459870783
2021-01-28 06:30:00,0.0507123232798165,0.07113089624393369,-0.33835284496900886,0.0736693167366083,-0.0728098034723956,0.24165669217806932,0.3001127335971392,0.5406451945866357,0.5207577243581356,0.2819968421808306,0.5045010459870783
2021-01-28 06:40:00,0.0509583486578487,0.07118766900278088,-0.33431100919037204,0.0736499811238876,0.0158162586732402,0.24226384377873345,0.3130218234086605,0.5713890146563301,0.5222819319602992,0.2819968421808306,0.5045010459870783
2021-01-28 06:50:00,0.0509019537111053,0.07123039408283928,-0.33601830437300895,0.0736963944950327,-0.2639947596389191,0.24428199337477427,0.3143111452000697,0.5783974498977706,0.52026856386437,0.2819968421808306,0.5045010459870783
2021-01-28 07:00:00,0.0507842923957785,0.07128270874565734,-0.3390666819595382,0.0737455855743048,-0.3463790246083675,0.2461111444704225,0.3008567697373021,0.548861212676442,0.5206286371648943,0.2819968421808306,0.5045010459870783
2021-01-28 07:10:00,0.0511600665712619,0.0713272897145933,-0.33231972119095043,0.0737381465049858,-0.4935618194146229,0.24730251624704125,0.2809307908939495,0.4993173833716192,0.519202547659638,0.2819968421808306,0.5045010459870783
2021-01-28 07:20:00,0.0511855355395486,0.07135590598602977,-0.3322231322148676,0.0737455304876136,-0.1059257351178288,0.24811875725703816,0.2786013555599195,0.4950191657983278,0.5216531255230561,0.2819968421808306,0.5045010459870783
2021-01-28 07:30:00,0.0512293128841316,0.07138435301801561,-0.3317668144355599,0.0737443161845299,0.0065817135737944,0.2488222395105698,0.2665549159409225,0.4534348037043784,0.5212949196539649,0.2819968421808306,0.5045010459870783
2021-01-28 07:40:00,0.0513063702374419,0.07140571652371701,-0.3305630088620604,0.0737430358827826,-0.1764822492912543,0.24926673272409183,0.2763150821526571,0.484729715816173,0.5198083256156769,0.2819968421808306,0.5045010459870783
2021-01-28 07:50:00,0.0512990719873238,0.07143025996512566,-0.33104892650184486,0.0737306987838754,-0.1388720077137861,0.2509314587868853,0.3037322718977902,0.5476584892926553,0.5197238069469488,0.2819968421808306,0.5045010459870783
2021-01-28 08:00:00,0.0519986956741757,0.07145415200241048,-0.31783737821017743,0.0736870864991351,0.1444408007113651,0.2518767521357564,0.2650361609292628,0.4600314638037625,0.5206669589857947,0.2819968421808306,0.5045010459870783
2021-01-28 08:10:00,0.0529124170060456,0.07147038960918352,-0.30064519525118794,0.0737412897269069,-0.2935841204212863,0.25351835622495106,0.2988270328074734,0.5359238514810349,0.5204799156449388,0.2819968421808306,0.5045010459870783
2021-01-28 08:20:00,0.0531728679802274,0.07148758334349689,-0.29597550920637783,0.0738035563645543,-0.3254224727983867,0.2553376661041129,0.3192082474364459,0.581842669956984,0.5235827345324313,0.2819968421808306,0.5045010459870783
2021-01-28 08:30:00,0.0576526151576316,0.07151992397343687,-0.21554045950234882,0.0734077866931148,0.4533785470226092,0.25105190904982067,0.3100403939712872,0.5620212510316962,0.5220909887447698,0.2819968421808306,0.5045010459870783
2021-01-28 08:40:00,0.0777651752462433,0.07146045901790576,0.08454943603118564,0.0733553992112435,0.0494192447694885,0.2494715481013886,0.2984593139338247,0.5352948816940304,0.5208268885606218,0.2819968421808306,0.5045010459870783
2021-01-28 08:50:00,0.0935331138075831,0.07144273034565356,0.269419377403161,0.0733251440767487,-0.3702762167272055,0.24878905084210057,0.2702406353720324,0.4725129498728647,0.5183305576187281,0.2819968421808306,0.5045010459870783
2021-01-28 09:00:00,0.0948800236440333,0.07142572440602002,0.28395509419192855,0.0732450107967654,-0.5226405944382506,0.24751531457350476,0.2700977450928122,0.4774039019215718,0.5210901318720702,0.2819968421808306,0.5045010459870783
2021-01-28 09:10:00,0.0954380369171962,0.07140618634918729,0.29009269967621587,0.0737120392220081,0.8302572656582186,0.25321485510814234,0.2551609814873689,0.4329331124743734,0.5212266218507691,0.2819968421808306,0.5045010459870783
2021-01-28 09:20:00,0.102552475095577,0.07142859243601277,0.3616763762566262,0.0737462302290096,0.2258067076832404,0.25404287226527017,0.2628863084954586,0.458989337612959,0.520319405853189,0.2819968421808306,0.5045010459870783
2021-01-28 09:30:00,0.1025776312605469,0.07145500713890264,0.3615519092226175,0.0736277069605751,0.0115152502022652,0.2524077215641937,0.3010565693100001,0.5387583865412114,0.5202152966228498,0.2819968421808306,0.5045010459870783
2021-01-28 09:40:00,0.1034542264333206,0.07146481356387503,0.3699240476157993,0.0736190400512747,-0.0951365399401993,0.252254657692841,0.2656622183328341,0.4589166984326271,0.522350973185691,0.2819968421808306,0.5045010459870783
2021-01-28 09:50:00,0.1031165151762227,0.07147280738543862,0.36654250311703845,0.0740730033054056,0.8382579131048118,0.2588440248190071,0.2991188503385938,0.5345893651986519,0.5212572967789362,0.2819968421808306,0.5045010459870783
2021-01-28 10:00:00,0.1046755308288747,0.07153261607065893,0.38071186859504136,0.0741255560925609,-0.283022236154018,0.2621837549961045,0.3134174752839219,0.5656586297902346,0.5227467123224105,0.2819968421808306,0.5045010459870783
2021-01-28 10:10:00,0.104467287216311,0.07161049816688,0.37763229574402885,0.074414697561973,-0.6602052439761863,0.26868269664303884,0.3110622790828676,0.5642880967325976,0.5212892656346859,0.2819968421808306,0.5045010459870783
2021-01-28 10:20:00,0.1055487662795033,0.07171573049535268,0.3864629689494246,0.074361882062977,-0.3453792391924892,0.2730016560842014,0.3026946572008028,0.5503558356799609,0.5202510679552552,0.2819968421808306,0.5045010459870783
2021-01-28 10:30:00,0.1084822220316244,0.07179828829851456,0.4127256713957288,0.0744716505453096,0.4688840097925251,0.27913731015976484,0.2774068849064699,0.4991407861644985,0.5181450520927369,0.2819968421808306,0.5045010459870783
2021-01-28 10:40:00,0.1084436390847399,0.07186558819581686,0.41143303887419186,0.0745714492468984,0.5825050649175267,0.2833268863559,0.2740492345736873,0.491629573012955,0.5202544002204207,0.2819968421808306,0.5045010459870783
2021-01-28 10:50:00,0.1084530535761281,0.07192753395504775,0.4106582540750454,0.074342733959374,0.327785863201413,0.28257604819294413,0.2667531176759476,0.4568911448039547,0.5196025994993204,0.2819968421808306,0.5045010459870783
2021-01-28 11:00:00,0.1087595763417816,0.0719558781865657,0.41308659619591076,0.0741840740541615,0.0112914751703385,0.2817214790028209,0.2863362536340506,0.5081916377622622,0.5197457101563105,0.2819968421808306,0.5045010459870783
2021-01-28 11:10:00,0.1091320549432985,0.07197692083560495,0.416213138499517,0.0741831827809497,-0.0078975550763971,0.2825980851899095,0.313474250186557,0.5599750776349266,0.5198958798621731,0.2819968421808306,0.5045010459870783
2021-01-28 11:20:00,0.1096074417101784,0.07199451041015166,0.4203153992185298,0.0742302667483831,-0.3133283595969871,0.2837580477626632,0.2789260381027402,0.4840269435894473,0.5201836376165028,0.2819968421808306,0.5045010459870783
2021-01-28 11:30:00,0.1097295690209402,0.07201007481788783,0.42121283810972854,0.0742210345579346,-0.0823149059367978,0.2845930550693912,0.3051730142757904,0.5465710618371615,0.518147456898519,0.2819968421808306,0.5045010459870783
2021-01-28 11:40:00,0.1097720607176657,0.07201442322672436,0.42153961902515724,0.0720787235760856,-0.5458296673401364,0.2563396217800684,0.315769674637072,0.5708073768925384,0.5199427446460867,0.2819968421808306,0.5045010459870783
2021-01-28 11:50:00,0.1095056623228351,0.07183185951313191,0.42164815518379506,0.0719168182136391,0.7816116568635678,0.2507903521150822,0.3062186610467083,0.5511597077125636,0.5198379745786821,0.2819968421808306,0.5045010459870783
2021-01-28 12:00:00,0.1095718607856873,0.07166142033996901,0.424628064671829,0.0717802816699323,0.0725977743798012,0.24486938818979956,0.2972746120631767,0.5338485365780237,0.5196049333350092,0.2819968421808306,0.5045010459870783
2021-01-28 12:10:00,0.1095985775883445,0.07143009743581462,0.428105082981088,0.071134798392594,0.5196316999343864,0.2304942915142159,0.2768845059337799,0.4880244074110316,0.5179804803200161,0.2819968421808306,0.5045010459870783
2021-01-28 12:20:00,0.11030161007447,0.07120515494203454,0.4376533067145422,0.0710834924913621,-0.3822023677921393,0.22435533672780966,0.2723999246294074,0.4804714117626013,0.521114841753276,0.2819968421808306,0.5045010459870783
2021-01-28 12:30:00,0.1104266494285346,0.07102136314909888,0.44137077325729696,0.0708774325134707,0.0442151182017624,0.21698358980871718,0.2622228615543175,0.4456768409484486,0.5198101087959086,0.2819968421808306,0.5045010459870783
2021-01-28 12:40:00,0.1103947189537796,0.07083817517734346,0.44366424433016355,0.0709425110519256,-0.305626037665796,0.21337901785385976,0.2690442272596339,0.4671794555433909,0.5185048798889238,0.2819968421808306,0.5045010459870783
2021-01-28 12:50:00,0.1110507458030665,0.07068061055126523,0.45181598057851674,0.0709556934776466,0.1381075736842874,0.20991038436093362,0.301937906114517,0.5351911033647803,0.5194467240793239,0.2819968421808306,0.5045010459870783
2021-01-28 13:00:00,0.1118202252268546,0.07053854082956164,0.4607332109101187,0.0712449551566732,-0.7102256881479363,0.21170191077641995,0.2655534877912219,0.4615401916790834,0.5205799031863014,0.2819968421808306,0.5045010459870783
2021-01-28 13:10:00,0.111825937687035,0.07044362753461579,0.4621307540694649,0.0706867558391222,0.0372994499699075,0.20162701456205412,0.2884798324637215,0.5255904689496874,0.5192693880497727,0.2819968421808306,0.5045010459870783
2021-01-28 13:20:00,0.1118747757784653,0.07030055138295863,0.46460053030698595,0.070598658001339,0.073056370852953,0.19744479718650287,0.2947258508218571,0.5362951257512558,0.520321329078766,0.2819968421808306,0.5045010459870783
2021-01-28 13:30:00,0.1117555843314651,0.07017140640354987,0.46537329202411126,0.070867946529125,0.8637697290826196,0.1990954014675676,0.2916294302856764,0.5296385943667432,0.5193593502166385,0.2819968421808306,0.5045010459870783
2021-01-28 13:40:00,0.1118979286159706,0.07008692781102033,0.4678508066254933,0.0711137691478237,0.654627263169516,0.200567881230985,0.2937064308619243,0.5399557222188178,0.5197371571681932,0.2819968421808306,0.5045010459870783
2021-01-28 13:50:00,0.1121596125222124,0.07003368445900586,0.47094663572863776,0.0703893370202596,0.0038684384957576,0.1893785205789794,0.2690054292319788,0.4851539448269567,0.5178796167790729,0.2819968421808306,0.5045010459870783
2021-01-28 14:00:00,0.112346393575494,0.06992212538118753,0.4742047699960422,0.0708874191080104,0.8388629134886472,0.19478904530037316,0.2665245615037759,0.4803651926498597,0.5191354088421629,0.2819968421808306,0.5045010459870783
2021-01-28 14:10:00,0.1122507694603628,0.06988351107356004,0.4739056531491082,0.0709059592913007,-0.4644278713307415,0.19425141885783498,0.2526375035338982,0.4365112468466346,0.5171192987313946,0.2819968421808306,0.5045010459870783
2021-01-28 14:20:00,0.1124622067320701,0.06987557081967713,0.47590112444807375,0.0706490291944239,-0.2496245714223022,0.18968354685615854,0.2642912440029645,0.4680307235927518,0.5161434161914285,0.2819968421808306,0.5045010459870783
2021-01-28 14:30:00,0.1147719525133379,0.06981171075969407,0.4971453663271531,0.0686807041437773,-0.1759614313559865,0.15999509242777274,0.2902545454897177,0.5192477633126498,0.5172883871433267,0.2819968421808306,0.5045010459870783
2021-01-28 14:40:00,0.1149932187656742,0.06943697179257954,0.5044536989462397,0.0678538372776026,0.3450915720755176,0.14109045753205265,0.2540363424575957,0.4453622039018556,0.5188099792641425,0.2819968421808306,0.5045010459870783
2021-01-28 14:50:00,0.1150196426668555,0.06914849472311643,0.5088466299871596,0.0675193210643115,-0.1254785425819804,0.13115530301342687,0.2848139327245299,0.5202459236627537,0.5173614602087646,0.2819968421808306,0.5045010459870783
2021-01-28 15:00:00,0.1152914662669744,0.06884288752356187,0.5156364953439344,0.0670856541361982,-0.1257619357218686,0.11957978095154269,0.2911477101070266,0.530117140622433,0.5194689677299678,0.2819968421808306,0.5045010459870783
2021-01-28 15:10:00,0.1153551855207105,0.06855149096304504,0.5204307824954764,0.0670792252282663,0.313967762919809,0.1151860137113291,0.2892102313061011,0.5246717162496293,0.5174254482806998,0.2819968421808306,0.5045010459870783
2021-01-28 15:20:00,0.1153084180259479,0.06826240644884818,0.5242512373598205,0.067122196011792,0.3790675310144209,0.11121204323639633,0.2827144634940194,0.5096597764591226,0.516508431478404,0.2819968421808306,0.5045010459870783
2021-01-28 15:30:00,0.1153418185796844,0.06802753623046344,0.5279874874096957,0.0670673094108784,0.1179715828770966,0.10725348041976945,0.263721881311215,0.4643347727902447,0.5154733229236398,0.2819968421808306,0.5045010459870783
2021-01-28 15:40:00,0.115262854851089,0.06785288907131563,0.5298732488505394,0.0660494654659692,-0.4424629720849893,0.09031789598967824,0.2649265936531331,0.4711463036663433,0.5176957274273206,0.2819968421808306,0.5045010459870783
2021-01-28 15:50:00,0.1152673721530914,0.06758208777242594,0.5339114308780317,0.0660290733712529,0.0328190639114822,0.0869361216167594,0.2484695164859103,0.430623935417781,0.5157175975635999,0.2819968421808306,0.5045010459870783
2021-01-28 16:00:00,0.1155385672308719,0.06732535843854774,0.5400674269561365,0.0652609851806163,0.0503037408011053,0.0722397575942835,0.2560712431933884,0.4526805761559931,0.5140404535925746,0.2819968421808306,0.5045010459870783
2021-01-28 16:10:00,0.1154699793745819,0.06702390735666332,0.5439611953798182,0.0653884220278546,-0.4127556650004749,0.07030653783058281,0.2916860501584515,0.5216199203128838,0.5147685708793747,0.2819968421808306,0.5045010459870783
2021-01-28 16:20:00,0.1161028992893063,0.06678269658938088,0.553032846842855,0.0646298733964381,0.1681051552079537,0.05814233469443309,0.2638000302963264,0.4660921874311967,0.5177201390559121,0.2819968421808306,0.5045010459870783
2021-01-28 16:30:00,0.1160663056254287,0.06648076165710172,0.5572490206068891,0.0645641159248237,0.5447258709260439,0.05521841904539159,0.2874167444757982,0.5198040588433308,0.5170284361902135,0.2819968421808306,0.5045010459870783
2021-01-28 16:40:00,0.1160986586754012,0.0662312132722018,0.5612884840516044,0.0647457168510876,0.5389506644812414,0.05753023637054524,0.2976220300360818,0.5385289508402842,0.5173421631213633,0.2819968421808306,0.5045010459870783
2021-01-28 16:50:00,0.1169354556416896,0.0660295983014224,0.5715190207834482,0.0650016340142434,0.6794931047799935,0.061002213791178005,0.288969878307709,0.5216496111124909,0.5150666485081663,0.2819968421808306,0.5045010459870783
2021-01-28 17:00:00,0.1168803928703025,0.06588054060185003,0.573308017617496,0.0648570694832971,-0.3812404877924891,0.05852254979354402,0.2832092661811168,0.5114526786134521,0.5146439357644615,0.2819968421808306,0.5045010459870783
2021-01-28 17:10:00,0.1170841005785662,0.06573593439131328,0.5772467623774458,0.0647975708049168,-0.1135564813147027,0.056862891791574395,0.254553290772984,0.4486185626459084,0.5142738091212703,0.2819968421808306,0.5045010459870783
2021-01-28 17:20:00,0.1171167332447893,0.06559064694394058,0.5797380487359717,0.064745157419919,-0.1783034305539388,0.05561412650321665,0.2499491513667227,0.4431538717647499,0.5167461188992897,0.2819968421808306,0.5045010459870783
2021-01-28 17:30:00,0.1171218480868633,0.06546624191835979,0.5816802102962451,0.0637753008371216,0.0153594412072521,0.04020014201633129,0.2422289706056945,0.4167531743266542,0.5151396075241076,0.2819968421808306,0.5045010459870783
2021-01-28 17:40:00,0.1173157131949556,0.06524757022336423,0.5866798964658483,0.0636632246931636,0.0193898646216439,0.03626167614720676,0.2475144256331389,0.4329608944502892,0.5149803095103358,0.2819968421808306,0.5045010459870783
2021-01-28 17:50:00,0.1173856863280339,0.06506455763303519,0.5900850063535983,0.0633187824423461,0.1844963793756093,0.02911433940185741,0.2799028516451328,0.4956355089250176,0.5151475274489093,0.2819968421808306,0.5045010459870783
2021-01-28 18:00:00,0.117411556138063,0.06487198736634991,0.5932694335395052,0.0629837859670915,0.1454849496232313,0.021608597671563486,0.2405871958610244,0.4108916577615293,0.5164729652343669,0.2819968421808306,0.5045010459870783
2021-01-28 18:10:00,0.1177506655937139,0.06467019349857187,0.5992689779353437,0.0632351883719234,-0.5687227937675843,0.024058574284985618,0.2683692408538436,0.4772559634403785,0.5160918161451409,0.2819968421808306,0.5045010459870783
2021-01-28 18:20:00,0.1180031921819961,0.06452434319328805,0.6036691100410911,0.0629104283274871,0.1144260178303824,0.018502774504255026,0.282400466029747,0.5107973943080043,0.5169305539001182,0.2819968421808306,0.5045010459870783
2021-01-28 18:30:00,0.1183247923211087,0.06436379169410225,0.6088820864154,0.0623505805370852,0.2865465219606733,0.008499119918529656,0.2768355642445966,0.5116100316502062,0.5148691847846407,0.2819968421808306,0.5045010459870783
2021-01-28 18:40:00,0.1187082242056965,0.06413647661760492,0.6156553247859299,0.0630205579923493,0.933017682173265,0.016834515093503987,0.2662084625873715,0.4878959015142772,0.5134642191770409,0.2819968421808306,0.5045010459870783
2021-01-28 18:50:00,0.119072687002974,0.06403243421412977,0.6203443822074206,0.0630316541682947,0.1977702152078819,0.015277192600941876,0.2495137849024012,0.4468997720246045,0.5121456184956079,0.2819968421808306,0.5045010459870783
2021-01-28 19:00:00,0.1191128819408029,0.06395456169717728,0.6218987734967967,0.0600503762159284,-0.2329696671104386,-0.034174010795355564,0.2592618693137781,0.4720927984272082,0.515987927410377,0.2819968421808306,0.5045010459870783
2021-01-28 19:10:00,0.1193924649640404,0.0636188028072939,0.6295070231864692,0.0593508542280579,-0.2643146266340324,-0.0509519453357421,0.2418234823045029,0.419611311200964,0.5144614371183408,0.2819968421808306,0.5045010459870783
2021-01-28 19:20:00,0.1197448553987746,0.06325687857118384,0.6381594003807057,0.0593688947163399,0.1545244836655968,-0.05556441071462707,0.2498647037811816,0.4438987447961402,0.5123404710057399,0.2819968421808306,0.5045010459870783
2021-01-28 19:30:00,0.1197396819649067,0.06292352279371054,0.6434000043667456,0.0594587484353463,0.4301787442315685,-0.05855635362935496,0.2765130452342909,0.4984245863891111,0.5111804976712289,0.2819968421808306,0.5045010459870783
2021-01-28 19:40:00,0.1215502426279134,0.06264033853212875,0.6629182408001225,0.0596429104582341,-0.4989395599780621,-0.05950945417361721,0.239169154888571,0.4199292191467289,0.5129614542676593,0.2819968421808306,0.5045010459870783
2021-01-28 19:50:00,0.1234244964732266,0.062420803850579624,0.6817309896662941,0.059582821249569,0.1296746822616157,-0.06375536613218306,0.2620049213101304,0.4737241444039255,0.5134564171982589,0.2819968421808306,0.5045010459870783
2021-01-28 20:00:00,0.1232748613576355,0.06221099060751516,0.6838848254444219,0.0597044233827004,0.6242283831848994,-0.06504104808397719,0.2724007107726934,0.4969181353772947,0.5153446766429324,0.2819968421808306,0.5045010459870783
2021-01-28 20:10:00,0.1232825955652122,0.062048006579212014,0.6865708599236289,0.0539457354645423,0.1309872123288258,-0.16896270758113602,0.273332315996747,0.5031864060867937,0.5135753467709538,0.2819968421808306,0.5045010459870783
2021-01-28 20:20:00,0.1234092017908105,0.06141094349834317,0.6979176253548445,0.0541391432345401,-0.4611827377413391,-0.1748763157720306,0.2640179835497357,0.4821369046140329,0.5138968435350366,0.2819968421808306,0.5045010459870783
2021-01-28 20:30:00,0.1234778682578746,0.06085299210651486,0.7076009455538507,0.0536161508978437,-0.3449915440981499,-0.1926644021897159,0.2439928028030159,0.4370071672990472,0.5118051153230492,0.2819968421808306,0.5045010459870783
2021-01-28 20:40:00,0.1238563863559671,0.06031401755441452,0.7195581795473154,0.0533588184743915,-0.0704142374649663,-0.20488102732469,0.2431014141044532,0.4401426616355298,0.5142876258979395,0.2819968421808306,0.5045010459870783
2021-01-28 20:50:00,0.1239041738097959,0.059745566367422176,0.7294134899882561,0.0528910821429829,0.1824952275514491,-0.22139620664903603,0.2327433252782187,0.4065824320685263,0.5134748764919863,0.2819968421808306,0.5045010459870783
2021-01-28 21:00:00,0.1238487325162573,0.05926867808322235,0.7369799496121726,0.0524382052434333,0.4248574416854112,-0.23622658726666587,0.2398437995978107,0.4347124887314628,0.5121546218829043,0.2819968421808306,0.5045010459870783
2021-01-28 21:10:00,0.1238412375053977,0.05880601785706115,0.7447562083920515,0.052776444986759,0.6162306044894095,-0.23615107181225178,0.2666700698279149,0.4945253817234945,0.5123382244433103,0.2819968421808306,0.5045010459870783
2021-01-28 21:20:00,0.1240614133973521,0.0584131194175659,0.753236200167389,0.0527735404480481,-0.0228424030106921,-0.24161698272324678,0.2280251684036859,0.4079798207260929,0.5138892269111003,0.2819968421808306,0.5045010459870783
2021-01-28 21:30:00,0.1243157605806981,0.05806975554961882,0.7611798153808964,0.0524438907104423,-0.3705500807667405,-0.25191418684528943,0.2594552028422973,0.4776463533819369,0.5140874443470382,0.2819968421808306,0.5045010459870783
2021-01-28 21:40:00,0.1241290895395223,0.0577446084466361,0.7652920839552343,0.0529780359724592,0.8610294645933436,-0.2454356337446651,0.2818747172261597,0.5281010629129985,0.5174022160943684,0.2819968421808306,0.5045010459870783
2021-01-28 21:50:00,0.124095022683287,0.057621688849321055,0.7671485447494969,0.0529667856100261,0.3554510223878537,-0.24811880193678432,0.2729588546348768,0.5113766163910982,0.5162025144203056,0.2819968421808306,0.5045010459870783
2021-01-28 22:00:00,0.1249834748707008,0.057487439011053944,0.7766150555710559,0.0529584876250841,0.1741405675236507,-0.25022062735095796,0.2618597999689349,0.4853071704970654,0.5150381276207892,0.2819968421808306,0.5045010459870783
2021-01-28 22:10:00,0.1249787057539463,0.05735642067140783,0.7788585756037364,0.0529217058374853,0.1773499438920467,-0.252915467890928,0.2364596528399514,0.4305667494808537,0.512319855654773,0.2819968421808306,0.5045010459870783
2021-01-28 22:20:00,0.1251009869570808,0.05728779898645084,0.781033637913128,0.0529273673064609,-0.0778354108717849,-0.2537991489617816,0.2342248751236401,0.4309880270785727,0.5153819880702408,0.2819968421808306,0.5045010459870783
2021-01-28 22:30:00,0.125124816391774,0.05714449004867209,0.7837287967397499,0.0508388334802241,0.3356525036457114,-0.29549783230582927,0.2142180709362285,0.3731811945759292,0.5158170926670815,0.2819968421808306,0.5045010459870783
2021-01-28 22:40:00,0.1253162662341522,0.05681931832352441,0.7909642925536171,0.0509021282839709,-0.2983187798220044,-0.2981422461872643,0.2167250124143865,0.3870857478214297,0.5155258838343962,0.2819968421808306,0.5045010459870783
2021-01-28 22:50:00,0.1252162999572919,0.0565596500448977,0.7947468072998407,0.0511566460445943,0.511056404642396,-0.2963072245028769,0.2482217463983642,0.4517732117623035,0.5155448322186492,0.2819968421808306,0.5045010459870783
2021-01-28 23:00:00,0.1261243329184544,0.056348966253799725,0.8057042943880891,0.0511217267687168,-0.1061477454344483,-0.2974008828096086,0.209615313896633,0.367400598898166,0.5179383688020562,0.2819968421808306,0.5045010459870783
2021-01-28 23:10:00,0.125780381592487,0.05620185112444903,0.8055876884050314,0.0514516633932891,0.9308246903025008,-0.29131082215590065,0.2444160814153844,0.4478475865902473,0.517180074853791,0.2819968421808306,0.5045010459870783
2021-01-28 23:20:00,0.1257269200654996,0.0560822656181424,0.807292612224937,0.0516894867600226,-0.4971699357064096,-0.2878779990683304,0.2582352043263147,0.4755447402710901,0.5188995125295603,0.2819968421808306,0.5045010459870783
2021-01-28 23:30:00,0.1256624657550959,0.05601010035490093,0.8080674312646116,0.0518407235143883,-0.4652727449274252,-0.28563563419617316,0.2606293787217053,0.4826849708736944,0.5185224808568585,0.2819968421808306,0.5045010459870783
2021-01-28 23:40:00,0.1256710496719449,0.055936294779269376,0.8094543262402681,0.0518673588719491,-0.3342298278933953,-0.2858398832345877,0.2577349605902987,0.4781156554485958,0.5176660958281224,0.2819968421808306,0.5045010459870783
2021-01-28 23:50:00,0.1256507686419611,0.05587694168970939,0.8103545783677154,0.0517266732913037,0.2585094330434856,-0.2891824424067474,0.2327520995305966,0.4300793919092285,0.5153242600885954,0.2819968421808306,0.5045010459870783
2021-01-29 00:00:00,0.1257304949688032,0.055820920838145355,0.8119919628220036,0.0527735087378832,1.0890563905102013,-0.2698928596290474,0.2305863774351003,0.4276073037194528,0.5179643618214791,0.274807984347415,0.4921803773177635
2021-01-29 00:10:00,0.1255518667215056,0.055842843672677965,0.8101775713165884,0.0520777840773178,0.6727115121234917,-0.2836515200605918,0.2231647458243493,0.3953695694103127,0.517506542678045,0.274807984347415,0.4921803773177635
2021-01-29 00:20:00,0.1253843649951092,0.05586594750083128,0.8084289129655537,0.0518738499951844,0.6528738277154389,-0.28924926669115014,0.2399687485165887,0.4406809946685233,0.518502573042762,0.274807984347415,0.4921803773177635
2021-01-29 00:30:00,0.1255678066552411,0.055802282953478395,0.8110311230451428,0.0522806217997433,-0.7273866506345428,-0.2834372095043226,0.2668385227788972,0.4897248132471736,0.5194406100389763,0.274807984347415,0.4921803773177635
2021-01-29 00:40:00,0.1256379508091776,0.055781294548663346,0.8119657744729618,0.0519970013597042,0.2244589324488899,-0.28967980561274237,0.2318382989796625,0.4108803820223298,0.5208969980787579,0.274807984347415,0.4921803773177635
2021-01-29 00:50:00,0.1258285023687445,0.055728733057474916,0.8144240197713907,0.0516813803955864,0.3582125591721663,-0.29686446706176767,0.2601847150089743,0.4758336717695146,0.519741649013847,0.274807984347415,0.4921803773177635
2021-01-29 01:00:00,0.1263373998266924,0.05565468641115605,0.8197898180821585,0.0516718388030291,-0.3300180639605798,-0.29775715233480526,0.2759278937660995,0.5082043476984139,0.5218794751269666,0.274807984347415,0.4921803773177635
2021-01-29 01:10:00,0.1262573805443566,0.05559726838883884,0.8201884558515536,0.0518580768576775,-0.505327016433732,-0.2944225770991355,0.2678049880396626,0.4934881206701628,0.5218810861404097,0.274807984347415,0.4921803773177635
2021-01-29 01:20:00,0.1262444959550199,0.05555796216845932,0.8207936316292389,0.0518452669602916,0.2100067801199756,-0.2949885394557005,0.2618850484701167,0.4844843971389557,0.5217835676357294,0.274807984347415,0.4921803773177635
2021-01-29 01:30:00,0.1269463519622198,0.05552014956929806,0.8270185615510484,0.0518194401661217,-0.2490908092125821,-0.29578335266263445,0.2454071297457842,0.4501645734551338,0.5193530520937615,0.274807984347415,0.4921803773177635
2021-01-29 01:40:00,0.1270501012721339,0.05548842810601622,0.8284070104520133,0.0518480061812724,0.2247015997262735,-0.29565165713857855,0.2398785247761836,0.4403785244407927,0.5230161357481182,0.274807984347415,0.4921803773177635
2021-01-29 01:50:00,0.1270503532312462,0.05550141566969105,0.8281749620270379,0.0505790412642258,0.0012667358266327,-0.3199986612907942,0.2307458742377165,0.4035894240197031,0.521996433060057,0.274807984347415,0.4921803773177635
2021-01-29 02:00:00,0.1270441364585938,0.05537175458033365,0.8304649386359619,0.0499518980152458,-0.2039447909366387,-0.3337680957539109,0.2400461015313018,0.428954658600495,0.5211664730211241,0.274807984347415,0.4921803773177635
2021-01-29 02:10:00,0.1272173916845014,0.05516611635945245,0.835548437897244,0.0499555142585342,0.3004640969892946,-0.33556058165947333,0.2733985242200043,0.4931773048133457,0.5226045903724486,0.274807984347415,0.4921803773177635
2021-01-29 02:20:00,0.12783221929681,0.054999777617063296,0.8433894754453733,0.0499175962446913,0.2727708725950961,-0.33774515100989344,0.2402170235326033,0.4247013912390937,0.5240594083883909,0.274807984347415,0.4921803773177635
2021-01-29 02:30:00,0.1276477182324206,0.05487028441284252,0.8443023338893514,0.0504789240372116,-0.7507421343525778,-0.3280537934938605,0.2649924940416224,0.4930177677709258,0.5229835813281845,0.274807984347415,0.4921803773177635
2021-01-29 02:40:00,0.127775744140332,0.0548037499318254,0.8465181074452793,0.0505196945649802,0.2634293567739476,-0.32862005966948743,0.2743400861995689,0.5079328305703206,0.52430397803459,0.274807984347415,0.4921803773177635
2021-01-29 02:50:00,0.1278543844675004,0.05475210487230166,0.8480761818758076,0.0505819110276236,0.2519703257734207,-0.32834532740326,0.2765943136257155,0.5123368837815667,0.5238189461543342,0.274807984347415,0.4921803773177635
2021-01-29 03:00:00,0.127838948695623,0.05470114822600619,0.8488865578469259,0.0502476967775479,-0.2097739243440699,-0.33456536927097985,0.2776180852279594,0.517939625256236,0.5248818942144706,0.274807984347415,0.4921803773177635
2021-01-29 03:10:00,0.1279147904052114,0.05462189034875001,0.8509296177423956,0.0504770344566923,0.4807118308125524,-0.32985369098780193,0.2487419916821447,0.4515027763337295,0.5230816914598018,0.274807984347415,0.4921803773177635
2021-01-29 03:20:00,0.1281216931070464,0.054582577623294694,0.8532657989813708,0.0505253690334463,-0.376314692649693,-0.32850986029442575,0.2422517454849466,0.4385957402299007,0.5249932951921349,0.274807984347415,0.4921803773177635
2021-01-29 03:30:00,0.1284411577796095,0.05454123787956394,0.8565138094594651,0.0509736597536754,-0.6767275834755893,-0.31919924883365525,0.2238537126088077,0.3844779103255238,0.5234123073697381,0.274807984347415,0.4921803773177635
2021-01-29 03:40:00,0.1284047421513247,0.05455505263668843,0.8559769912728786,0.0494215715556454,-0.3289476650397915,-0.34979084932636517,0.2338595066899547,0.4149570379389773,0.5227835980783044,0.274807984347415,0.4921803773177635
2021-01-29 03:50:00,0.1284934890453467,0.054424383000487866,0.8590659637803231,0.0495687278553436,0.4166149475542724,-0.34814799094938104,0.2614738113993228,0.4708515763670073,0.5244475838056524,0.274807984347415,0.4921803773177635
2021-01-29 04:00:00,0.1281986401126801,0.0543257555814354,0.8585825022991435,0.0503241850934442,-0.8820633853391158,-0.33412842610057514,0.2249548710132674,0.3948953327255441,0.5264333039489757,0.274807984347415,0.4921803773177635
2021-01-29 04:10:00,0.1279878747223994,0.05430247024654689,0.8573658122262543,0.0507702005270288,-0.7429300006972284,-0.32593786472258257,0.2607878644644396,0.4807407733262719,0.5257998171399826,0.274807984347415,0.4921803773177635
2021-01-29 04:20:00,0.1280463241623135,0.05431822961399778,0.8575322150350821,0.050906267999086,-0.3821286204654939,-0.3239494397937198,0.2728625062897051,0.502570282551045,0.5281521300425813,0.274807984347415,0.4921803773177635
2021-01-29 04:30:00,0.1279810142616568,0.05435743418589759,0.8563005390750345,0.0507634276275935,-0.4490313309997162,-0.3271260035063856,0.2724986184897821,0.5028681718331716,0.5270800419041008,0.274807984347415,0.4921803773177635
2021-01-29 04:40:00,0.1279636125797618,0.05438074347669153,0.8557358357964818,0.0506554574834525,0.211756085982806,-0.3298673395741997,0.2663154297270205,0.493320800077765,0.5269053004333855,0.274807984347415,0.4921803773177635
2021-01-29 04:50:00,0.1279681001944948,0.054391575895722834,0.855571728616724,0.0506712642035372,0.2607572874820718,-0.3302343588760133,0.2457378674165233,0.4495315268464272,0.5256297420065896,0.274807984347415,0.4921803773177635
2021-01-29 05:00:00,0.128174974705893,0.054393313083067905,0.8571550952900104,0.0505999715696723,-0.1577710252728792,-0.3321183842690782,0.2436653613031267,0.451820729546275,0.5277078859957121,0.274807984347415,0.4921803773177635
2021-01-29 05:10:00,0.1283876433199895,0.054382605009868,0.8590098089197882,0.0505959706467383,0.1575292820140461,-0.33261867322301003,0.2277272313317586,0.4094010631250639,0.5263820693190863,0.274807984347415,0.4921803773177635
2021-01-29 05:20:00,0.1283153280674031,0.05437785581001679,0.8585337263294435,0.050762018072118,-0.4372411815886323,-0.3296709872267131,0.2357502004848882,0.4296509953221382,0.5255432097742765,0.274807984347415,0.4921803773177635
2021-01-29 05:30:00,0.128740981492116,0.054388420919763064,0.861651209960973,0.050617379446529,0.3250697210585684,-0.33288802830080433,0.2734590954549329,0.4996079175220295,0.5266272454821336,0.274807984347415,0.4921803773177635
2021-01-29 05:40:00,0.1288484416214943,0.05437546983419512,0.8627237125079166,0.0494187887857781,-0.023417680455573,-0.3573952437955329,0.2491852964187811,0.4485894805883589,0.529574985839383,0.274807984347415,0.4921803773177635
2021-01-29 05:50:00,0.129009354750444,0.054261313704176035,0.8660734009577431,0.049260326864391,-0.0547231410211068,-0.3621313641867184,0.2725352610468566,0.5024020837098055,0.5292432484104971,0.274807984347415,0.4921803773177635
2021-01-29 06:00:00,0.1289609466726428,0.054117338012797306,0.8683550042177465,0.049980110372598,-0.8452210483763878,-0.34944627660233973,0.2861516430686829,0.5289650203127942,0.5295608408628747,0.274807984347415,0.4921803773177635
2021-01-29 06:10:00,0.1289617717249867,0.05408023046485119,0.8690473239463575,0.0499818829522207,-0.0422048014073084,-0.3507455065133493,0.2809810603313247,0.5207806293507201,0.5271289797265737,0.274807984347415,0.4921803773177635
2021-01-29 06:20:00,0.129010846526101,0.054058457781835476,0.8698304698812965,0.0502203974331474,0.5074739437283426,-0.34710736827716504,0.2726038270331076,0.5050667897027155,0.5272084422612515,0.274807984347415,0.4921803773177635
2021-01-29 06:30:00,0.1288405032867046,0.05404748747631989,0.8687121729174269,0.0507123232798165,-0.7083893056893942,-0.33835284496900886,0.2434574030564904,0.4381494214546753,0.526939671043796,0.274807984347415,0.4921803773177635
2021-01-29 06:40:00,0.128915980532289,0.05408538926294554,0.8685967981611502,0.0509583486578487,-0.5003856602870727,-0.33431100919037204,0.239516202932525,0.4325930999382538,0.5300163910674531,0.274807984347415,0.4921803773177635
2021-01-29 06:50:00,0.1291049121968441,0.05416141687325287,0.8686565575365761,0.0509019537111053,0.1106759677760749,-0.33601830437300895,0.2294138823068906,0.3970301708329355,0.5284371036472326,0.274807984347415,0.4921803773177635
2021-01-29 07:00:00,0.1291369719423556,0.054198096784036164,0.8682278459122551,0.0507842923957785,0.018249767473577,-0.3390666819595382,0.2367577453482858,0.4170419739031908,0.5279904365340904,0.274807984347415,0.4921803773177635
2021-01-29 07:10:00,0.1288942198916342,0.05422005052090017,0.8659412912908494,0.0511600665712619,-0.7916336551360814,-0.33231972119095043,0.271844637917623,0.4856929606460149,0.5282108415457685,0.274807984347415,0.4921803773177635
2021-01-29 07:20:00,0.1289102251795356,0.0542911452048788,0.8647550913410847,0.0511855355395486,-0.1930974632269766,-0.3322231322148676,0.236078529952276,0.4065624761930227,0.529731597893318,0.274807984347415,0.4921803773177635
2021-01-29 07:30:00,0.1294425298333532,0.05435035948302219,0.8677857697988387,0.0512293128841316,-0.2118438577163317,-0.3317668144355599,0.2682899495023998,0.4812430748265299,0.5301730675237435,0.274807984347415,0.4921803773177635
2021-01-29 07:40:00,0.1295407179799606,0.05441329020833739,0.867386826949695,0.0513063702374419,0.3318994846742029,-0.3305630088620604,0.2803624509056605,0.5092260462242717,0.530914467603523,0.274807984347415,0.4921803773177635
2021-01-29 07:50:00,0.1301836767261481,0.05447944848919296,0.8711228125372462,0.0512990719873238,0.108614146031627,-0.33104892650184486,0.271508767710247,0.5000877807673626,0.5289550500352802,0.274807984347415,0.4921803773177635
2021-01-29 08:00:00,0.1300194710757634,0.05452238664764691,0.8690728352402274,0.0519986956741757,0.8622985535527761,-0.31783737821017743,0.2592257395162196,0.4710901392547774,0.5285442727985399,0.274807984347415,0.4921803773177635
2021-01-29 08:10:00,0.1296226319095245,0.054650113038045005,0.8636761145836995,0.0529124170060456,-1.0221481555159784,-0.30064519525118794,0.2377689416620644,0.4200746528096956,0.5268376263055448,0.274807984347415,0.4921803773177635
2021-01-29 08:20:00,0.1294876447488339,0.054857010584667736,0.8588554769305982,0.0531728679802274,-0.6182232153619793,-0.29597550920637783,0.2453475508212147,0.4435501836007234,0.530637508339562,0.274807984347415,0.4921803773177635
2021-01-29 08:30:00,0.1275721845474429,0.05501292500445747,0.8411142000021132,0.0576526151576316,2.2738191571919586,-0.21554045950234882,0.2302736222123235,0.3971846690869378,0.5295173530553472,0.274807984347415,0.4921803773177635
2021-01-29 08:40:00,0.1164725454263235,0.055778792903218626,0.7362618420065837,0.0777651752462433,5.2190446182613925,0.08454943603118564,0.2389144726011552,0.4204405727388803,0.5275163711889943,0.274807984347415,0.4921803773177635
2021-01-29 08:50:00,0.1041713164243479,0.05838617393407678,0.5789577030850002,0.0935331138075831,5.210308383513151,0.269419377403161,0.2734219970984494,0.4851603690328654,0.5264205609350312,0.274807984347415,0.4921803773177635
2021-01-29 09:00:00,0.1034359158954957,0.06253417836837245,0.5032389896824185,0.0948800236440333,-1.6765763544960066,0.28395509419192855,0.2503305614659828,0.4317586795336708,0.5282273136375388,0.274807984347415,0.4921803773177635
2021-01-29 09:10:00,0.1026087938164308,0.06742817629840307,0.41986066224384094,0.0954380369171962,1.323377182188068,0.29009269967621587,0.27617967688941,0.4896410922900888,0.5295970708057944,0.274807984347415,0.4921803773177635
2021-01-29 09:20:00,0.0955234087362807,0.07139206870890151,0.2911845544406115,0.102552475095577,3.7599070793628897,0.3616763762566262,0.2955934834290231,0.5330645084422628,0.5317446137482666,0.274807984347415,0.4921803773177635
2021-01-29 09:30:00,0.095565285872585,0.07487554944812577,0.24398224101222757,0.1025776312605469,-0.2274543227663628,0.3615519092226175,0.2996160248791077,0.5497230352131555,0.5304532488789819,0.274807984347415,0.4921803773177635
2021-01-29 09:40:00,0.0946239120656649,0.07795933705689347,0.19372284339520207,0.1034542264333206,-1.3472625134516747,0.3699240476157993,0.2961301042274035,0.5442772429534635,0.5313578992951853,0.274807984347415,0.4921803773177635
2021-01-29 09:50:00,0.0946575214242502,0.08056074828574954,0.16125380323397726,0.1031165151762227,-0.0711595432587586,0.36654250311703845,0.2770515950260199,0.497453864953837,0.5295381380407447,0.274807984347415,0.4921803773177635
2021-01-29 10:00:00,0.0932725662937175,0.0828004281908245,0.11909279427042671,0.1046755308288747,-1.8219802711179511,0.38071186859504136,0.2811659022455392,0.5100681568956401,0.5328510126704018,0.274807984347415,0.4921803773177635
2021-01-29 10:10:00,0.0932737626378535,0.08482109773505427,0.09499454737736947,0.104467287216311,-0.0185581372672771,0.37763229574402885,0.2809825774821417,0.4932728282497894,0.5324390985279532,0.274807984347415,0.4921803773177635
2021-01-29 10:20:00,0.0920102825682024,0.0865532766224198,0.06114019879897698,0.1055487662795033,-1.5461456809644505,0.3864629689494246,0.2917684187688398,0.5235294430969031,0.5305817230469413,0.274807984347415,0.4921803773177635
2021-01-29 10:30:00,0.0885872466897616,0.08813857249268663,0.0050776413219438075,0.1084822220316244,2.5491874298634087,0.4127256713957288,0.3183418002922402,0.5803086141147754,0.530109777207328,0.274807984347415,0.4921803773177635
2021-01-29 10:40:00,0.0884772330390956,0.08996344857479249,-0.016658195768710762,0.1084436390847399,-0.5055845734210251,0.41143303887419186,0.2846980165532575,0.5043717970312189,0.5317039800846326,0.274807984347415,0.4921803773177635
2021-01-29 10:50:00,0.0884049772248324,0.09126678177517902,-0.03185861391128198,0.1084530535761281,0.3575797709135742,0.4106582540750454,0.3136885346559628,0.5650645132540524,0.5319437070345869,0.274807984347415,0.4921803773177635
2021-01-29 11:00:00,0.0881732825933807,0.09251258176959581,-0.04804065571809068,0.1087595763417816,0.8160475831619607,0.41308659619591076,0.3379209233283077,0.6204089212623646,0.5350614642832574,0.274807984347415,0.4921803773177635
2021-01-29 11:10:00,0.0877734883989676,0.09334814706410575,-0.06157651986070084,0.1091320549432985,-0.9009229003689612,0.416213138499517,0.3317857147059159,0.6094769017994962,0.5340796084136568,0.274807984347415,0.4921803773177635
2021-01-29 11:20:00,0.0872427936111756,0.09434595779114137,-0.07827346523849465,0.1096074417101784,1.0667864275280436,0.4203153992185298,0.321949393681934,0.5871516843805678,0.5331920005071249,0.274807984347415,0.4921803773177635
2021-01-29 11:30:00,0.0878110981647033,0.09500037590133419,-0.07869295300889656,0.1097295690209402,0.5240669198210313,0.42121283810972854,0.2859196694158531,0.5024515987370405,0.5303863619108904,0.274807984347415,0.4921803773177635
2021-01-29 11:40:00,0.0875949908919253,0.09582027250697421,-0.08975046068925736,0.1097720607176657,-0.6254598249006094,0.42153961902515724,0.2838093883175651,0.5006765182774613,0.5336799095070721,0.274807984347415,0.4921803773177635
2021-01-29 11:50:00,0.0876837436874532,0.09655100359777286,-0.0963348839581184,0.1095056623228351,0.1635984344176222,0.42164815518379506,0.2682294673519652,0.4576462807728198,0.5340795243352363,0.274807984347415,0.4921803773177635
2021-01-29 12:00:00,0.087614589055059,0.09715614180473481,-0.10337186783692058,0.1095718607856873,-0.3876807831161954,0.424628064671829,0.2732855638960767,0.4777281713130052,0.5338102200044188,0.274807984347415,0.4921803773177635
2021-01-29 12:10:00,0.0875406443160605,0.09768953693118945,-0.1096912674841067,0.1095985775883445,-0.5732123839205627,0.428105082981088,0.3112044448872443,0.5555072094402538,0.5340241319140335,0.274807984347415,0.4921803773177635
2021-01-29 12:20:00,0.0865919878605187,0.09815752491475736,-0.12536629292332785,0.11030161007447,1.3007876099758064,0.4376533067145422,0.2806745645336769,0.4884214442261529,0.5367967685459667,0.274807984347415,0.4921803773177635
2021-01-29 12:30:00,0.0864755139810736,0.09844560738618995,-0.12964288787595896,0.1104266494285346,0.5272116904983193,0.44137077325729696,0.3175302317622657,0.5713099412285199,0.5367736464309726,0.274807984347415,0.4921803773177635
2021-01-29 12:40:00,0.0865569911560307,0.09890016281653191,-0.13330783061984156,0.1103947189537796,0.1513207309468356,0.44366424433016355,0.3383513505906628,0.6199059893049105,0.5388637297064997,0.274807984347415,0.4921803773177635
2021-01-29 12:50:00,0.0857030343324968,0.09925944721518855,-0.14684886966082408,0.1110507458030665,1.2131839956255774,0.45181598057851674,0.3417701935434077,0.6320478503481707,0.5383513117392336,0.274807984347415,0.4921803773177635
2021-01-29 13:00:00,0.0843983639673928,0.0996622787163823,-0.166239240354922,0.1118202252268546,-1.489753936654381,0.4607332109101187,0.3380167216839116,0.6304271063193958,0.5377002857279106,0.274807984347415,0.4921803773177635
2021-01-29 13:10:00,0.0844050937565714,0.10002745103386686,-0.1698169063089103,0.111825937687035,-0.1190249846439783,0.4621307540694649,0.2972697461540309,0.5467772692962165,0.535049594228835,0.274807984347415,0.4921803773177635
2021-01-29 13:20:00,0.0843815219160997,0.10041455121287818,-0.17395868616627302,0.1118747757784653,0.338509072691906,0.46460053030698595,0.2818707310528708,0.5136660892241898,0.538060291963883,0.274807984347415,0.4921803773177635
2021-01-29 13:30:00,0.0841326758062734,0.10073965958670786,-0.18014453451386736,0.1117555843314651,0.6924954026798602,0.46537329202411126,0.271537697163736,0.4729850686522572,0.5375561139099816,0.274807984347415,0.4921803773177635
2021-01-29 13:40:00,0.0837720186073276,0.10100932709928104,-0.18711381520018563,0.1118979286159706,0.8642307831021157,0.4678508066254933,0.2915011268948918,0.5206644942258953,0.5381973098708235,0.274807984347415,0.4921803773177635
2021-01-29 13:50:00,0.0838685847517122,0.10126385950879144,-0.18847847411128668,0.1121596125222124,0.7657267728740536,0.47094663572863776,0.3206199689667196,0.5745158056224415,0.5381887891347156,0.274807984347415,0.4921803773177635
2021-01-29 14:00:00,0.0831999436715255,0.10152691987284634,-0.19907731293725495,0.112346393575494,-1.059729055228864,0.4742047699960422,0.2847187812846453,0.4969657153077622,0.5390815862094489,0.274807984347415,0.4921803773177635
2021-01-29 14:10:00,0.0832581176483461,0.10175002003661142,-0.20057338784642478,0.1122507694603628,-0.0304006234468801,0.4739056531491082,0.306947847313449,0.5483237104072485,0.5377461385017851,0.274807984347415,0.4921803773177635
2021-01-29 14:20:00,0.0829407421377688,0.10191991265141857,-0.20606093212720694,0.1124622067320701,0.7331025935647162,0.47590112444807375,0.3217829440444747,0.5804862288332416,0.5398847846277959,0.274807984347415,0.4921803773177635
2021-01-29 14:30:00,0.0797064308538392,0.1021132340727172,-0.247732064709611,0.1147719525133379,-2.297714915322402,0.4971453663271531,0.3102983866791546,0.5581509556769407,0.5403319424256019,0.274807984347415,0.4921803773177635
2021-01-29 14:40:00,0.0793528050478407,0.10251131711407543,-0.2560694066856963,0.1149932187656742,-0.7921369684472879,0.5044536989462397,0.3045249073306164,0.5494116324128613,0.5403450099188392,0.274807984347415,0.4921803773177635
2021-01-29 14:50:00,0.0793195555975358,0.10297386419295135,-0.26099050934870305,0.1150196426668555,0.2766283352400478,0.5088466299871596,0.2795711876697835,0.4909047543392452,0.5374503764085121,0.274807984347415,0.4921803773177635
2021-01-29 15:00:00,0.0789853366281284,0.10331074058480615,-0.2684791224673517,0.1152914662669744,0.8011591678650731,0.5156364953439344,0.2774767131917263,0.4857234609105346,0.540765419433751,0.274807984347415,0.4921803773177635
2021-01-29 15:10:00,0.0788306944495314,0.10363998845529446,-0.2736207998110583,0.1153551855207105,-0.4955220292169215,0.5204307824954764,0.2802183515401776,0.4799878141550719,0.5391731022065926,0.274807984347415,0.4921803773177635
2021-01-29 15:20:00,0.0788954838969118,0.10392493554543648,-0.27554487703761504,0.1153084180259479,0.1892527525859222,0.5242512373598205,0.297412277674011,0.5273008493173319,0.5380905803901967,0.274807984347415,0.4921803773177635
2021-01-29 15:30:00,0.0788639532667185,0.10417440264918358,-0.27834218580078607,0.1153418185796844,-0.301588710974876,0.5279874874096957,0.3386072212652204,0.6090088058764813,0.5383899915938151,0.274807984347415,0.4921803773177635
2021-01-29 15:40:00,0.0788973823652657,0.10438537159613964,-0.27994149613118724,0.115262854851089,-0.116959109136161,0.5298732488505394,0.3050040347865544,0.541010746925082,0.5391791134416546,0.274807984347415,0.4921803773177635
2021-01-29 15:50:00,0.0790781133271518,0.10450088062835487,-0.27875935819215536,0.1152673721530914,0.107195324136633,0.5339114308780317,0.3222990181675371,0.5871035523051957,0.5386476851815466,0.274807984347415,0.4921803773177635
2021-01-29 16:00:00,0.0796059001929422,0.10459536114217595,-0.2730109889719602,0.1155385672308719,0.7927577266560348,0.5400674269561365,0.3296949590641673,0.5986456268199474,0.5401382473212613,0.274807984347415,0.4921803773177635
2021-01-29 16:10:00,0.0795984108710717,0.1047568675344192,-0.2746479891211839,0.1154699793745819,0.1091944551090406,0.5439611953798182,0.3243346619819224,0.5845469618698904,0.5394685098383574,0.274807984347415,0.4921803773177635
2021-01-29 16:20:00,0.0789634055383318,0.10486851329957805,-0.2837227870289613,0.1161028992893063,-1.222264377854465,0.553032846842855,0.331906960192869,0.6044490270307757,0.5405753168387053,0.274807984347415,0.4921803773177635
2021-01-29 16:30:00,0.0790621986351391,0.10504924223474474,-0.28419434670287075,0.1160663056254287,-0.4601815467642822,0.5572490206068891,0.2985569910576789,0.5292693496801245,0.5379954275548869,0.274807984347415,0.4921803773177635
2021-01-29 16:40:00,0.0788712934137538,0.10521856099510803,-0.2882223934678052,0.1160986586754012,-0.6046323392473241,0.5612884840516044,0.2835935401161198,0.4975474690403705,0.5392431927733375,0.274807984347415,0.4921803773177635
2021-01-29 16:50:00,0.0773873915043002,0.1053422084387622,-0.3083903118346515,0.1169354556416896,-1.5529756206927203,0.5715190207834482,0.2698384982104427,0.4551346447972608,0.5366077905370532,0.274807984347415,0.4921803773177635
2021-01-29 17:00:00,0.0774708382623582,0.1055541817985818,-0.3093228075715909,0.1168803928703025,-0.128836421090206,0.573308017617496,0.2798635303526819,0.4843554325138455,0.535732107019633,0.274807984347415,0.4921803773177635
2021-01-29 17:10:00,0.0771856695815054,0.10573413564394192,-0.3147139765039523,0.1170841005785662,0.6996418956894956,0.5772467623774458,0.305331860752245,0.5328094888712972,0.537416722010579,0.274807984347415,0.4921803773177635
2021-01-29 17:20:00,0.0771221794808315,0.10592160484972575,-0.3173083327949254,0.1171167332447893,-0.3289651801338777,0.5797380487359717,0.2714309712059933,0.4623731846325264,0.5390159306294876,0.274807984347415,0.4921803773177635
2021-01-29 17:30:00,0.0771185891629098,0.1060800791463503,-0.31884991645231553,0.1171218480868633,0.1105298418785594,0.5816802102962451,0.2996142186174864,0.5306372287327119,0.537866884816735,0.274807984347415,0.4921803773177635
2021-01-29 17:40:00,0.0768554954833449,0.10621876041663413,-0.32357376831895474,0.1173157131949556,-0.6744394698102951,0.5866798964658483,0.3147065461869761,0.56339432922091,0.5403709636315382,0.274807984347415,0.4921803773177635
2021-01-29 17:50:00,0.0767293686237747,0.10636799303548129,-0.32662017670608784,0.1173856863280339,-0.4452716436375681,0.5900850063535983,0.3220790096069609,0.5862599491734586,0.5388519218783901,0.274807984347415,0.4921803773177635
2021-01-29 18:00:00,0.0767053396106508,0.10649776278563068,-0.3281526554438116,0.117411556138063,-0.2861948132766301,0.5932694335395052,0.3243696296074718,0.5959719137970826,0.5386208072670555,0.274807984347415,0.4921803773177635
2021-01-29 18:10:00,0.0759754817591306,0.10661261710131877,-0.3387911842227164,0.1177506655937139,-1.058727040441454,0.5992689779353437,0.3005074888990243,0.5398132096097461,0.5366359165893531,0.274807984347415,0.4921803773177635
2021-01-29 18:20:00,0.0755873327275247,0.10674823819289485,-0.3451844352926144,0.1180031921819961,-0.780022106956757,0.6036691100410911,0.2954491832020272,0.5325276700340414,0.5384606501547233,0.274807984347415,0.4921803773177635
2021-01-29 18:30:00,0.075030861883523,0.10690429491818497,-0.3540344735176944,0.1183247923211087,0.9176818817932642,0.6088820864154,0.2763559278771959,0.4855136281740061,0.5368678767872772,0.274807984347415,0.4921803773177635
2021-01-29 18:40:00,0.0738358518265887,0.10709177007243095,-0.3718417203529678,0.1187082242056965,-1.3339348400922546,0.6156553247859299,0.2777249455348433,0.4951070564925897,0.5357490564523866,0.274807984347415,0.4921803773177635
2021-01-29 18:50:00,0.0732884947546366,0.10726978185738785,-0.38094335150524883,0.119072687002974,0.9517016435871994,0.6203443822074206,0.3087332065946417,0.5523723549542453,0.5361942449014051,0.274807984347415,0.4921803773177635
2021-01-29 19:00:00,0.073196111132304,0.10746239706258652,-0.38399869866049213,0.1191128819408029,-0.387315642787378,0.6218987734967967,0.2859815058714041,0.5056144930081595,0.5388671081284151,0.274807984347415,0.4921803773177635
2021-01-29 19:10:00,0.0731821591519409,0.10763491573440837,-0.3857934269348832,0.1193924649640404,-0.8583022086144254,0.6295070231864692,0.3059901049102966,0.5492243610031293,0.5385978333082448,0.274807984347415,0.4921803773177635
2021-01-29 19:20:00,0.0725949579271429,0.10781383205336105,-0.395510493047274,0.1197448553987746,-0.9309000262597068,0.6381594003807057,0.3135931268644223,0.5618265502461497,0.5398406759544987,0.274807984347415,0.4921803773177635
2021-01-29 19:30:00,0.0725064918725311,0.10801877631203488,-0.3986289658330171,0.1197396819649067,-0.4155287930148077,0.6434000043667456,0.308411607611421,0.5532893298680495,0.5374030031375707,0.274807984347415,0.4921803773177635
2021-01-29 19:40:00,0.0693330060414584,0.10818562065959092,-0.4449273911775184,0.1215502426279134,-2.1488697361606413,0.6629182408001225,0.3131183829423086,0.5644102022657066,0.536851149705313,0.274807984347415,0.4921803773177635
2021-01-29 19:50:00,0.0659283445437152,0.10850916915130733,-0.4982662142089637,0.1234244964732266,2.1466867472616613,0.6817309896662941,0.2783625120602932,0.4883198667131462,0.5361188969803572,0.274807984347415,0.4921803773177635
2021-01-29 20:00:00,0.0659213289681415,0.1090011022698154,-0.5028959490294456,0.1232748613576355,-0.1432208264217749,0.6838848254444219,0.2729314669481919,0.4839587192420412,0.5388338598743528,0.274807984347415,0.4921803773177635
2021-01-29 20:10:00,0.0659665132702457,0.10941480804960745,-0.5059989991962669,0.1232825955652122,0.1903336946204703,0.6865708599236289,0.2679831854042663,0.4650735648338432,0.5369356539602916,0.274807984347415,0.4921803773177635
2021-01-29 20:20:00,0.0655790717194376,0.10985276820953305,-0.5158843820353608,0.1234092017908105,0.724580355159965,0.6979176253548445,0.2739436203282617,0.4862407358554767,0.5368152302103502,0.274807984347415,0.4921803773177635
2021-01-29 20:30:00,0.0654249365698629,0.11017412996359076,-0.5211586349315775,0.1234778682578746,0.5371664491939043,0.7076009455538507,0.316286804562259,0.5715452480944057,0.5372034029042385,0.274807984347415,0.4921803773177635
2021-01-29 20:40:00,0.0647045477500192,0.11046855125553583,-0.5348993875920846,0.1238563863559671,-0.9701355994568672,0.7195581795473154,0.2923788730531633,0.5214155420415958,0.5382252534278456,0.274807984347415,0.4921803773177635
2021-01-29 20:50:00,0.0646921312503372,0.11076829037061257,-0.5378009702576678,0.1239041738097959,0.3894906563374434,0.7294134899882561,0.3240063216406932,0.5894845023950032,0.5384138063816131,0.274807984347415,0.4921803773177635
2021-01-29 21:00:00,0.064660722089394,0.11101399737284189,-0.5405023561030696,0.1238487325162573,0.2077171868403837,0.7369799496121726,0.3387465602671768,0.6234988286939861,0.5395458149219134,0.274807984347415,0.4921803773177635
2021-01-29 21:10:00,0.0643808731832376,0.11119872259128735,-0.5465023055253669,0.1238412375053977,-0.600979007751512,0.7447562083920515,0.3279170402674153,0.6137471664329688,0.5375987105511202,0.274807984347415,0.4921803773177635
2021-01-29 21:20:00,0.0639718989884535,0.11138653998340188,-0.5545625855602031,0.1240614133973521,0.7391506261777536,0.753236200167389,0.3160506012729815,0.5871463130170076,0.5369111604742816,0.274807984347415,0.4921803773177635
2021-01-29 21:30:00,0.0634003633711739,0.11158821034949873,-0.565345809503833,0.1243157605806981,-0.8769536523921317,0.7611798153808964,0.2835087292043475,0.5095150082025677,0.5352707262723828,0.274807984347415,0.4921803773177635
2021-01-29 21:40:00,0.0632240314214703,0.11179033071915573,-0.5699405967854719,0.1241290895395223,0.5268748906816612,0.7652920839552343,0.2863915025179671,0.5207132518124821,0.5389993272152462,0.274807984347415,0.4921803773177635
2021-01-29 21:50:00,0.0638633788833052,0.111909949041455,-0.5609484247959996,0.124095022683287,0.2044095835922021,0.7671485447494969,0.270500039250169,0.4740555986225582,0.5374424745604958,0.274807984347415,0.4921803773177635
2021-01-29 22:00:00,0.0621326030296698,0.11204083380081795,-0.5895925326565449,0.1249834748707008,1.4977544181718372,0.7766150555710559,0.2688413180764557,0.4744534916180032,0.535766614297926,0.274807984347415,0.4921803773177635
2021-01-29 22:10:00,0.0621588097845389,0.11224059971963274,-0.59095222070412,0.1249787057539463,-0.1397569832329637,0.7788585756037364,0.2945548603688413,0.5229557181368655,0.534933765757792,0.274807984347415,0.4921803773177635
2021-01-29 22:20:00,0.0619975731478321,0.11241632400171819,-0.5951139167444628,0.1251009869570808,-0.5584432005385054,0.781033637913128,0.268068747946837,0.4652531412477155,0.5360897461030016,0.274807984347415,0.4921803773177635
2021-01-29 22:30:00,0.0618640312595249,0.11258403344883258,-0.5987609741944636,0.125124816391774,-0.4150783029722049,0.7837287967397499,0.2890013779624182,0.5150015743125153,0.5369238140644126,0.274807984347415,0.4921803773177635
2021-01-29 22:40:00,0.0614031301510371,0.11273218883249787,-0.6075541819484023,0.1253162662341522,-0.7539649543128135,0.7909642925536171,0.3014987426113866,0.5435150996408087,0.538761110722155,0.274807984347415,0.4921803773177635
2021-01-29 22:50:00,0.0614302436903113,0.11288973092715535,-0.6085092276474894,0.1252162999572919,-0.1035884645222751,0.7947468072998407,0.3048254866480105,0.5568628647709852,0.5370391271210295,0.274807984347415,0.4921803773177635
2021-01-29 23:00:00,0.0595513755854751,0.11301160008764286,-0.640651073879826,0.1261243329184544,-1.5144382242821663,0.8057042943880891,0.3064259614779003,0.5580832669554593,0.5376676512382663,0.274807984347415,0.4921803773177635
2021-01-29 23:10:00,0.059793511532776,0.11325293289177217,-0.6387265092535572,0.125780381592487,-0.0022356972008807,0.8055876884050314,0.2875429754265502,0.5134474147889466,0.5355172505685317,0.274807984347415,0.4921803773177635
2021-01-29 23:20:00,0.0596998492441064,0.11338801953932423,-0.6414862427401364,0.1257269200654996,0.3357354628558795,0.807292612224937,0.2907425051400494,0.5283330965187191,0.5380695423282678,0.274807984347415,0.4921803773177635
2021-01-29 23:30:00,0.059808108262837,0.11350415146114218,-0.6406981715580109,0.1256624657550959,0.2333397353934785,0.8080674312646116,0.2879253370571291,0.5108868027870715,0.5373840731794386,0.274807984347415,0.4921803773177635
2021-01-29 23:40:00,0.0597829320164078,0.11359990277176753,-0.6419624479730014,0.1256710496719449,0.3650805908721466,0.8094543262402681,0.2925272390714004,0.5321789545793713,0.5361565850799159,0.274807984347415,0.4921803773177635
2021-01-29 23:50:00,0.0597710429016908,0.11367363142516816,-0.6428101490084523,0.1256507686419611,-0.1259224906220879,0.8103545783677154,0.3129357412851699,0.575010503962021,0.5360109479157416,0.274807984347415,0.4921803773177635
2021-01-30 00:00:00,0.0586085784823614,0.11384102575461813,-0.6639218878819286,0.1257304949688032,1.17748073001529,0.8119919628220036,0.2741613914104314,0.4877410831473062,0.537178698817298,0.2816788608551692,0.5065184784540032
2021-01-30 00:10:00,0.0586225215451593,0.1139738467972294,-0.6648500585580959,0.1255518667215056,0.0606588830093457,0.8101775713165884,0.3024828832708516,0.5454495647993036,0.5369404782699876,0.2816788608551692,0.5065184784540032
2021-01-30 00:20:00,0.0586457006222035,0.11405811763288344,-0.6651938555476993,0.1253843649951092,0.0769526779027529,0.8084289129655537,0.3331512887622589,0.6104362296695607,0.5399470659032537,0.2816788608551692,0.5065184784540032
2021-01-30 00:30:00,0.0581330574727591,0.11413747728564776,-0.6746691854462996,0.1255678066552411,-0.9947070771508136,0.8110311230451428,0.3295873009260008,0.6083155350974202,0.5381357212943174,0.2816788608551692,0.5065184784540032
2021-01-30 00:40:00,0.0579820390440135,0.11422904733499338,-0.6780723288932655,0.1256379508091776,0.4760125687093719,0.8119657744729618,0.3235934395129903,0.5966383182726874,0.5369154700160426,0.2816788608551692,0.5065184784540032
2021-01-30 00:50:00,0.0575146852720457,0.11430274502333251,-0.6868102752336855,0.1258285023687445,-0.7794161185572079,0.8144240197713907,0.2912309729691537,0.5237028135392775,0.5336873381139806,0.2816788608551692,0.5065184784540032
2021-01-30 01:00:00,0.0563311927752417,0.11439254122752343,-0.7083874502996503,0.1263373998266924,1.1799058388804795,0.8197898180821585,0.2887160176115179,0.5221296798991906,0.536529102045366,0.2816788608551692,0.5065184784540032
2021-01-30 01:10:00,0.0563682169885736,0.11453622174539918,-0.7089856489977641,0.1262573805443566,0.2307181463759633,0.8201884558515536,0.2737667719280023,0.4766820895013033,0.5375196628472516,0.2816788608551692,0.5065184784540032
2021-01-30 01:20:00,0.0563593488263671,0.11465107625523846,-0.710145263433393,0.1262444959550199,0.1075593689179754,0.8207936316292389,0.2794242701568293,0.4977836540838617,0.5373226430490905,0.2816788608551692,0.5065184784540032
2021-01-30 01:30:00,0.0547201918422318,0.11474665632156758,-0.7404939305093542,0.1269463519622198,-1.3561273564903331,0.8270185615510484,0.3142101293101368,0.5658069706241515,0.5370890927708418,0.2816788608551692,0.5065184784540032
2021-01-30 01:40:00,0.0547437110415978,0.11491682274831394,-0.7415460909415287,0.1270501012721339,-0.5603662876696447,0.8284070104520133,0.2855442729150952,0.5003803548342562,0.5393857551604037,0.2816788608551692,0.5065184784540032
2021-01-30 01:50:00,0.0552776025291011,0.11509123432000962,-0.7333573468174402,0.1270503532312462,0.025334440374003,0.8281749620270379,0.324357742435845,0.5886924710231294,0.5385386121698243,0.2816788608551692,0.5065184784540032
2021-01-30 02:00:00,0.0552998639439146,0.1152258853846441,-0.7341239743418939,0.1270441364585938,0.1606144483035976,0.8304649386359619,0.3448064172533474,0.6343364001839544,0.53996478121772,0.2816788608551692,0.5065184784540032
2021-01-30 02:10:00,0.055015664744752,0.1153610698767654,-0.7404489895156996,0.1272173916845014,-0.7285602641923461,0.835548437897244,0.350155111168996,0.6500159443448348,0.5393060616700173,0.2816788608551692,0.5065184784540032
2021-01-30 02:20:00,0.0535593382648622,0.11548649360871166,-0.7683634189496311,0.12783221929681,1.2816081235444088,0.8433894754453733,0.3455691772793239,0.6459910593046743,0.5385903210764391,0.2816788608551692,0.5065184784540032
2021-01-30 02:30:00,0.0535445871637007,0.11565482618280443,-0.7700954070013328,0.1276477182324206,-0.3037277535057114,0.8443023338893514,0.3031860104613326,0.5576503855307982,0.5360302349380801,0.2816788608551692,0.5065184784540032
2021-01-30 02:40:00,0.053173405140968,0.11578669404461064,-0.7781912859244658,0.127775744140332,-0.6296056168203279,0.8465181074452793,0.2868315779834345,0.5228848585569003,0.5383747200790248,0.2816788608551692,0.5065184784540032
2021-01-30 02:50:00,0.0529264017395688,0.11592002344455588,-0.783998198194205,0.1278543844675004,-0.5143125650308278,0.8480761818758076,0.2739370769656203,0.4788058949439782,0.5370538399423095,0.2816788608551692,0.5065184784540032
2021-01-30 03:00:00,0.0529902615758888,0.11604541154184558,-0.7838734404895447,0.127838948695623,0.0673562151693119,0.8488865578469259,0.2915229272406576,0.5258807280080663,0.537804660709216,0.2816788608551692,0.5065184784540032
2021-01-30 03:10:00,0.0526214016896194,0.11615775047681703,-0.7918262719386039,0.1279147904052114,-0.6519600235852963,0.8509296177423956,0.3188045442457945,0.5794386337426198,0.5379214442511382,0.2816788608551692,0.5065184784540032
2021-01-30 03:20:00,0.0520190167137309,0.11626069465857633,-0.8042256795384563,0.1281216931070464,-0.8193650895506721,0.8532657989813708,0.2791167880509188,0.4909630751461151,0.5387830812740229,0.2816788608551692,0.5065184784540032
2021-01-30 03:30:00,0.0507761739042752,0.11637432004387507,-0.8293846658489142,0.1284411577796095,-1.1303043367785648,0.8565138094594651,0.3035914097421664,0.5451700787896643,0.5373370830269262,0.2816788608551692,0.5065184784540032
2021-01-30 03:40:00,0.0507639846479506,0.11651340927261732,-0.8308192279067845,0.1284047421513247,0.1211384255780601,0.8559769912728786,0.3261606500739709,0.5908178391830109,0.5391687721767001,0.2816788608551692,0.5065184784540032
2021-01-30 03:50:00,0.0503774847006863,0.11663680324785813,-0.8395205177541112,0.1284934890453467,0.6336854231477673,0.8590659637803231,0.319309256393959,0.5814851383343713,0.5395945927216732,0.2816788608551692,0.5065184784540032
2021-01-30 04:00:00,0.0504493345706988,0.11674891637193932,-0.8390560580596332,0.1281986401126801,0.1455397289209514,0.8585825022991435,0.3178724452221633,0.5866146224066735,0.5401401658964242,0.2816788608551692,0.5065184784540032
2021-01-30 04:10:00,0.0504438697828407,0.1168233053823853,-0.8398013542035028,0.1279878747223994,-0.1095101734872372,0.8573658122262543,0.2915182921337003,0.5314393875895185,0.5374505295274326,0.2816788608551692,0.5065184784540032
2021-01-30 04:20:00,0.0502148202604636,0.11686309058147715,-0.8446928762091236,0.1280463241623135,0.5437580691959099,0.8575322150350821,0.2839738684480697,0.5183166380550736,0.5410044465482335,0.2816788608551692,0.5065184784540032
2021-01-30 04:30:00,0.0502449886052505,0.116905365137321,-0.8444539498088487,0.1279810142616568,-0.1855207153946381,0.8563005390750345,0.2820819565387298,0.5009345436821488,0.5389833878631897,0.2816788608551692,0.5065184784540032
2021-01-30 04:40:00,0.0503833019522129,0.11692977350486401,-0.8419137184256733,0.1279636125797618,0.0173772886451928,0.8557358357964818,0.2957064345294586,0.5390498598381891,0.538696638762602,0.2816788608551692,0.5065184784540032
2021-01-30 04:50:00,0.0503380531561757,0.11692687675002762,-0.8427874393053842,0.1279681001944948,0.2819212518129887,0.855571728616724,0.3374113002960702,0.61942340929755,0.5395098962070513,0.2816788608551692,0.5065184784540032
2021-01-30 05:00:00,0.0497852236063344,0.11695630442516725,-0.85408217332039,0.128174974705893,-0.7448398694323899,0.8571550952900104,0.3099196745668255,0.5608891528216022,0.5402120691783876,0.2816788608551692,0.5065184784540032
2021-01-30 05:10:00,0.0494135784757356,0.11699542002641902,-0.8619095346037473,0.1283876433199895,0.7552771933120539,0.8590098089197882,0.3290172298760535,0.6123421906767851,0.538841442672335,0.2816788608551692,0.5065184784540032
2021-01-30 05:20:00,0.0494277783027821,0.11705808811593392,-0.8621577112396901,0.1283153280674031,0.0744610550642121,0.8585337263294435,0.3373980594968511,0.628806128046749,0.5399068600739987,0.2816788608551692,0.5065184784540032
2021-01-30 05:30:00,0.0482285256265616,0.11710049943887263,-0.8870818716777212,0.128740981492116,1.0953717673146457,0.861651209960973,0.3350200004219307,0.6247169081366049,0.5383818862986516,0.2816788608551692,0.5065184784540032
2021-01-30 05:40:00,0.0479401772702897,0.11718845667627775,-0.8938294530163492,0.1288484416214943,-0.5266443915019181,0.8627237125079166,0.3400579338372725,0.6424553184381337,0.5391530479718456,0.2816788608551692,0.5065184784540032
2021-01-30 05:50:00,0.0475023016018644,0.11729986803973827,-0.9039554660350851,0.129009354750444,-0.6464686152831689,0.8660734009577431,0.3031024016431097,0.5584941967818469,0.5370935763708264,0.2816788608551692,0.5065184784540032
2021-01-30 06:00:00,0.0468799084982591,0.11740803327597349,-0.9180661381566106,0.1289609466726428,-0.7678021596749574,0.8683550042177465,0.2875268209808166,0.5224914999639136,0.5393514403934958,0.2816788608551692,0.5065184784540032
2021-01-30 06:10:00,0.0468818095932593,0.11748739663084248,-0.9187013200523397,0.1289617717249867,-0.0625239369806962,0.8690473239463575,0.2702397945350052,0.4677159531201326,0.5367397200532196,0.2816788608551692,0.5065184784540032
2021-01-30 06:20:00,0.0465663297724479,0.11755617233238635,-0.9260385388481248,0.129010846526101,0.6197816977769222,0.8698304698812965,0.2809272164283076,0.4953659332362887,0.5357195532861025,0.2816788608551692,0.5065184784540032
2021-01-30 06:30:00,0.0465577269038703,0.11762845872198333,-0.9268380206852206,0.1288405032867046,-0.2501660774699488,0.8687121729174269,0.3078244081604346,0.548525015606574,0.5370950919329907,0.2816788608551692,0.5065184784540032
2021-01-30 06:40:00,0.0461321536333825,0.11767398990427574,-0.9364078208175793,0.128915980532289,0.667033210059742,0.8685967981611502,0.2738901936421293,0.4768662420214384,0.5387042724652196,0.2816788608551692,0.5065184784540032
2021-01-30 06:50:00,0.0455882945878859,0.11772932763414384,-0.9487371700565513,0.1291049121968441,0.7069174897937458,0.8686565575365761,0.305372362716144,0.5495003730179457,0.5376357162358175,0.2816788608551692,0.5065184784540032
2021-01-30 07:00:00,0.0455608572185752,0.11779369525687561,-0.9498857954861369,0.1291369719423556,-0.2883136224181015,0.8682278459122551,0.31955569219067,0.5780405417805698,0.5400694420014984,0.2816788608551692,0.5065184784540032
2021-01-30 07:10:00,0.0456577959273178,0.11785498416456816,-0.9482805524078806,0.1288942198916342,-0.0175452063656322,0.8659412912908494,0.325087639011653,0.5946465149049277,0.5386235302460285,0.2816788608551692,0.5065184784540032
2021-01-30 07:20:00,0.0455861711000751,0.11788310621318873,-0.9500891029832884,0.1289102251795356,0.2802658986762907,0.8647550913410847,0.3263106852302918,0.6029912437817884,0.5385739495297643,0.2816788608551692,0.5065184784540032
2021-01-30 07:30:00,0.0440851758125162,0.1179022919329477,-0.983732670423334,0.1294425298333532,-1.1916801409151745,0.8677857697988387,0.299813147001442,0.543066843212992,0.5372841990863113,0.2816788608551692,0.5065184784540032
2021-01-30 07:40:00,0.0437541789900908,0.11798227013146136,-0.9919472320379201,0.1295407179799606,0.6036953859180016,0.867386826949695,0.2909863052655016,0.5309490387245606,0.5391394888707375,0.2816788608551692,0.5065184784540032
2021-01-30 07:50:00,0.0417895123385786,0.11806486032435147,-1.0385887301627128,0.1301836767261481,1.2968106047004824,0.8711228125372462,0.269483101920292,0.4803310912028193,0.5364948445104072,0.2816788608551692,0.5065184784540032
2021-01-30 08:00:00,0.041411103967993,0.11820859722753803,-1.0489017802523184,0.1300194710757634,0.5623971232942893,0.8690728352402274,0.2669639317731863,0.4787570776955595,0.5354023135907826,0.2816788608551692,0.5065184784540032
2021-01-30 08:10:00,0.0419679658329325,0.11832126661744409,-1.0364969143585359,0.1296226319095245,0.1201053501421967,0.8636761145836995,0.3000220256421109,0.5375320435766529,0.5359718234819606,0.2816788608551692,0.5065184784540032
2021-01-30 08:20:00,0.0420087082147455,0.1183571967596636,-1.0358302079957813,0.1294876447488339,-0.1800953594452536,0.8588554769305982,0.2832628337123219,0.4995249489302971,0.5385840503553962,0.2816788608551692,0.5065184784540032
2021-01-30 08:30:00,0.0418455400356584,0.1184008659230125,-1.0400908149408088,0.1275721845474429,-0.4963615977080948,0.8411142000021132,0.307152756364827,0.5528841129867121,0.5375782829530389,0.2816788608551692,0.5065184784540032
2021-01-30 08:40:00,0.0418639173435533,0.11814799371918995,-1.0375137280307367,0.1164725454263235,-0.3877401271532577,0.7362618420065837,0.3182507288069768,0.5756194324759787,0.5382673743872666,0.2816788608551692,0.5065184784540032
2021-01-30 08:50:00,0.0419321354657784,0.1169758671016133,-1.0259151602423289,0.1041713164243479,-0.0735304443999496,0.5789577030850002,0.3138873848422973,0.5708594044777382,0.5356180660932686,0.2816788608551692,0.5065184784540032
2021-01-30 09:00:00,0.0405715977910915,0.11489327188509715,-1.0409353668703727,0.1034359158954957,1.1332094193218012,0.5032389896824185,0.3147052698512841,0.5756734273825312,0.5351834476245662,0.2816788608551692,0.5065184784540032
2021-01-30 09:10:00,0.0411535881133053,0.11221133099042199,-1.0030728579381463,0.1026087938164308,-0.2169928099348794,0.41986066224384094,0.2762045527819219,0.4891563177664644,0.5342991775348774,0.2816788608551692,0.5065184784540032
2021-01-30 09:20:00,0.041044011933266,0.10981683778412925,-0.9841689141576471,0.0955234087362807,-0.3138020503445915,0.2911845544406115,0.2689786336801949,0.4774402778245078,0.5376496789230079,0.2816788608551692,0.5065184784540032
2021-01-30 09:30:00,0.0409313336973265,0.10754307311436781,-0.9659955726413535,0.095565285872585,0.3629847683424003,0.24398224101222757,0.2669260157054853,0.4593318159301748,0.5352949722059814,0.2816788608551692,0.5065184784540032
2021-01-30 09:40:00,0.0409088741169444,0.10540412295690171,-0.9464547419919875,0.0946239120656649,-0.1572418111386753,0.19372284339520207,0.2800765634814128,0.4900470363363478,0.5349149087572738,0.2816788608551692,0.5065184784540032
2021-01-30 09:50:00,0.0411681570726702,0.10348486913763409,-0.9217603391724444,0.0946575214242502,0.2620686099358948,0.16125380323397726,0.3258074088433097,0.5825961009428033,0.534402355999366,0.2816788608551692,0.5065184784540032
2021-01-30 10:00:00,0.0406470946068508,0.10171575371442027,-0.9172548347848349,0.0932725662937175,-0.8466786383737102,0.11909279427042671,0.3056240930560421,0.5427575255454937,0.5356138454714171,0.2816788608551692,0.5065184784540032
2021-01-30 10:10:00,0.0406493490854886,0.10008797885887853,-0.9010667645812316,0.0932737626378535,-0.0507556945175124,0.09499454737736947,0.3424897291894762,0.6245049925783495,0.5355960908415617,0.2816788608551692,0.5065184784540032
2021-01-30 10:20:00,0.0407180715594321,0.09859914029136181,-0.8843905298553323,0.0920102825682024,0.2225746691411956,0.06114019879897698,0.354887966805274,0.6563430042133315,0.5365913730721383,0.2816788608551692,0.5065184784540032
2021-01-30 10:30:00,0.040332160229417,0.0971981070288427,-0.8796020649802645,0.0885872466897616,0.5625285152735415,0.0050776413219438075,0.3419359327582849,0.6398061043734607,0.5348388357895912,0.2816788608551692,0.5065184784540032
2021-01-30 10:40:00,0.0402936416335889,0.09553092064033622,-0.8632562907577828,0.0884772330390956,0.2466184557139428,-0.016658195768710762,0.3313105010313856,0.615753923196718,0.5343329208932212,0.2816788608551692,0.5065184784540032
2021-01-30 10:50:00,0.0403068669506751,0.09430296105642294,-0.8499907392973637,0.0884049772248324,-0.0074572953357332,-0.03185861391128198,0.297709243210051,0.5325735395430299,0.5327324476097623,0.2816788608551692,0.5065184784540032
2021-01-30 11:00:00,0.0399935970683982,0.09309884244301618,-0.844942382714975,0.0881732825933807,-0.5067655371814084,-0.04804065571809068,0.3023522143410063,0.5458899492013837,0.5366649045234522,0.2816788608551692,0.5065184784540032
2021-01-30 11:10:00,0.0398863167739588,0.09228350511921234,-0.8388320890209378,0.0877734883989676,-0.3289940679168879,-0.06157651986070084,0.2884040121100927,0.5050263683781042,0.534807368196978,0.2816788608551692,0.5065184784540032
2021-01-30 11:20:00,0.0396292993469071,0.09128546712915887,-0.8344228706332851,0.0872427936111756,0.4574177472978391,-0.07827346523849465,0.2877217472206496,0.5071640398684438,0.5330723808623435,0.2816788608551692,0.5065184784540032
2021-01-30 11:30:00,0.038142290832527,0.09063672969964731,-0.8655358738204598,0.0878110981647033,-1.1267144156974496,-0.07869295300889656,0.3172983391250071,0.5638451519559733,0.5321568919630331,0.2816788608551692,0.5065184784540032
2021-01-30 11:40:00,0.0381267962792094,0.08987825529741501,-0.8575386863245698,0.0875949908919253,0.110157510945541,-0.08975046068925736,0.2891083604915492,0.505572812281567,0.5335584001983088,0.2816788608551692,0.5065184784540032
2021-01-30 11:50:00,0.037891808557658,0.0891644240536937,-0.855747170867024,0.0876837436874532,-0.4270002630549996,-0.0963348839581184,0.3100838836162891,0.553589141980403,0.5349146915180051,0.2816788608551692,0.5065184784540032
2021-01-30 12:00:00,0.038042042838918,0.08856129452615226,-0.8450029671721934,0.087614589055059,0.1704977184493472,-0.10337186783692058,0.3221546364274031,0.5833369485070529,0.537277154122207,0.2816788608551692,0.5065184784540032
2021-01-30 12:10:00,0.037787842141116,0.08801073126498138,-0.8454713388253207,0.0875406443160605,-0.4461550816939663,-0.1096912674841067,0.3219976883035977,0.5921356892007481,0.5356308522365174,0.2816788608551692,0.5065184784540032
2021-01-30 12:20:00,0.0403663239657807,0.08751646535316585,-0.7738310789705402,0.0865919878605187,-0.200319619404965,-0.12536629292332785,0.3193625158925258,0.5892611545785381,0.5361254474316719,0.2816788608551692,0.5065184784540032
2021-01-30 12:30:00,0.0404500082721547,0.08721838426979786,-0.7683482894680689,0.0864755139810736,0.2763579800632243,-0.12964288787595896,0.2971911499843245,0.540832679833009,0.5338422250204014,0.2816788608551692,0.5065184784540032
2021-01-30 12:40:00,0.0402501568037406,0.08671582039281706,-0.7675224403504576,0.0865569911560307,0.4048208993584268,-0.13330783061984156,0.2956899720613653,0.5437760440464934,0.5365559754159435,0.2816788608551692,0.5065184784540032
2021-01-30 12:50:00,0.0403250545142453,0.08633327187732816,-0.7612420853030251,0.0857030343324968,0.0280920871707834,-0.14684886966082408,0.2934286955455327,0.5245589122968493,0.5355882456685088,0.2816788608551692,0.5065184784540032
2021-01-30 13:00:00,0.0404125823983732,0.08591007212277188,-0.7541598941827499,0.0843983639673928,0.0102106577157812,-0.166239240354922,0.3012529657825524,0.5487418207124266,0.5340396609095064,0.2816788608551692,0.5065184784540032
2021-01-30 13:10:00,0.040435024029611,0.085489061087561,-0.7486920864361525,0.0844050937565714,0.1597719118009877,-0.1698169063089103,0.3228318599345368,0.5943275474206435,0.5340043498801127,0.2816788608551692,0.5065184784540032
2021-01-30 13:20:00,0.0403430927499318,0.08501480061574117,-0.7454051695579834,0.0843815219160997,0.2735000557784417,-0.17395868616627302,0.2845651288497917,0.513024074686006,0.5353194045029004,0.2816788608551692,0.5065184784540032
2021-01-30 13:30:00,0.0403340566888928,0.08464165984245565,-0.7412303873295579,0.0841326758062734,-0.2453749318808817,-0.18014453451386736,0.3114132598910427,0.5701441601153138,0.5347966719035048,0.2816788608551692,0.5065184784540032
2021-01-30 13:40:00,0.0402268544418527,0.08427958318835119,-0.7396048498256005,0.0837720186073276,0.3759447814383421,-0.18711381520018563,0.3335386052623428,0.6199157949840073,0.53797361466687,0.2816788608551692,0.5065184784540032
2021-01-30 13:50:00,0.0393009711932655,0.0839362369552483,-0.7588081958604803,0.0838685847517122,0.864998010276885,-0.18847847411128668,0.3218530536807821,0.5975481089343452,0.5370330281943864,0.2816788608551692,0.5065184784540032
2021-01-30 14:00:00,0.039326955380439,0.08364833294174638,-0.7547113269604537,0.0831999436715255,-0.077051005153983,-0.19907731293725495,0.3102784525975646,0.5705414361138219,0.5364751314848968,0.2816788608551692,0.5065184784540032
2021-01-30 14:10:00,0.0392026217065993,0.08333176259854796,-0.7540861553686495,0.0832581176483461,-0.3126651114436996,-0.20057338784642478,0.2762513709460622,0.4901275758933962,0.5330646597346469,0.2816788608551692,0.5065184784540032
2021-01-30 14:20:00,0.0392493198898177,0.08307006344934341,-0.7497502732261001,0.0829407421377688,0.0998245103746242,-0.20606093212720694,0.2776763518264302,0.4938770188333096,0.5348624417931716,0.2816788608551692,0.5065184784540032
2021-01-30 14:30:00,0.0392263178800442,0.08280213777275616,-0.7471059835531612,0.0797064308538392,-0.1377605278554128,-0.247732064709611,0.26402375443398,0.4533607829514593,0.534463419979583,0.2816788608551692,0.5065184784540032
2021-01-30 14:40:00,0.039353576532928,0.08227911120593906,-0.7375304016359979,0.0793528050478407,0.2549636676242528,-0.2560694066856963,0.2731074132571176,0.4833260247520565,0.5339970745770158,0.2816788608551692,0.5065184784540032
2021-01-30 14:50:00,0.0394458852150484,0.0816782893792377,-0.7278584926288714,0.0793195555975358,0.1541607867041605,-0.26099050934870305,0.3115505416793164,0.561613754432867,0.5331083436508177,0.2816788608551692,0.5065184784540032
2021-01-30 15:00:00,0.0393988974375059,0.08124303689691989,-0.7237072857145119,0.0789853366281284,-0.3358139856173281,-0.2684791224673517,0.2783873619056232,0.492373800822513,0.5352586257348662,0.2816788608551692,0.5065184784540032
2021-01-30 15:10:00,0.0403949938641764,0.08080262319829362,-0.6933035672894389,0.0788306944495314,-0.0386255460220752,-0.2736207998110583,0.3163793826990749,0.575421462300848,0.5347733036985991,0.2816788608551692,0.5065184784540032
2021-01-30 15:20:00,0.040291180728094,0.08041142109527637,-0.691023615010507,0.0788954838969118,0.3714922929027864,-0.27554487703761504,0.3388273039334441,0.6251250639260989,0.5365356144046659,0.2816788608551692,0.5065184784540032
2021-01-30 15:30:00,0.0413373346823933,0.08009760876683819,-0.6614799214470068,0.0788639532667185,0.2030103589977017,-0.27834218580078607,0.3416160568264588,0.6317252293223621,0.5361599472256234,0.2816788608551692,0.5065184784540032
2021-01-30 15:40:00,0.0412733603162273,0.07981000578679372,-0.6594316192113193,0.0788973823652657,0.2577161724993004,-0.27994149613118724,0.3377416303120522,0.6283214750206152,0.5350826653650433,0.2816788608551692,0.5065184784540032
2021-01-30 15:50:00,0.0411436894345188,0.07966013532235874,-0.6606987163139798,0.0790781133271518,-0.5449784128073176,-0.27875935819215536,0.2977436812816817,0.547621951551414,0.5324206491081234,0.2816788608551692,0.5065184784540032
2021-01-30 16:00:00,0.039663086489816,0.07956966993579939,-0.6962120454715119,0.0796059001929422,-1.21077586474172,-0.2730109889719602,0.2833190748232892,0.5163104198530275,0.5345083115375793,0.2816788608551692,0.5065184784540032
2021-01-30 16:10:00,0.0400188331789634,0.07945487203668114,-0.6858390403675929,0.0795984108710717,-0.0003251756133693,-0.2746479891211839,0.2738621841131966,0.4789278692929297,0.5327015237465746,0.2816788608551692,0.5065184784540032
2021-01-30 16:20:00,0.0394861163899677,0.07939295223426802,-0.6984604751969643,0.0789634055383318,-0.6978926991186185,-0.2837227870289613,0.2914939546075691,0.5250445852099948,0.533386407494562,0.2816788608551692,0.5065184784540032
2021-01-30 16:30:00,0.0390246405483898,0.07926017796240427,-0.7085425775033546,0.0790621986351391,0.6065356082652684,-0.28419434670287075,0.3183728261792766,0.5752960256777986,0.5335767139616859,0.2816788608551692,0.5065184784540032
2021-01-30 16:40:00,0.0389426792522642,0.07912573819875662,-0.7089474077405659,0.0788712934137538,0.2531343181519929,-0.2882223934678052,0.2788532448339799,0.4886737185484426,0.5347600787965103,0.2816788608551692,0.5065184784540032
2021-01-30 16:50:00,0.0388696944993134,0.07903634744981032,-0.7096929556736802,0.0773873915043002,0.3049715876599634,-0.3083903118346515,0.3022769030276236,0.5404090052586713,0.5335071871048309,0.2816788608551692,0.5065184784540032
2021-01-30 17:00:00,0.0387541595293531,0.0788022851654521,-0.7097039032734045,0.0774708382623582,0.3818677725675456,-0.3093228075715909,0.320811684288581,0.5823200816055998,0.5347774495258594,0.2816788608551692,0.5065184784540032
2021-01-30 17:10:00,0.0387521909522514,0.07860176283686753,-0.707206832229374,0.0771856695815054,0.2201518996796991,-0.3147139765039523,0.3115356618777681,0.5698543910808236,0.5350759408862984,0.2816788608551692,0.5065184784540032
2021-01-30 17:20:00,0.0391673465217931,0.07839568991463874,-0.6939255474978786,0.0771221794808315,0.1012318182345595,-0.3173083327949254,0.3065798626192814,0.5635658783263802,0.5355499090181619,0.2816788608551692,0.5065184784540032
2021-01-30 17:30:00,0.0393738377701611,0.07821588790685986,-0.686371217317577,0.0771185891629098,-0.0817258342662441,-0.31884991645231553,0.2803922161649908,0.5056509303114944,0.5328117680452042,0.2816788608551692,0.5065184784540032
2021-01-30 17:40:00,0.0393924701061768,0.0780455777150885,-0.6837183017332578,0.0768554954833449,0.2230975427156778,-0.32357376831895474,0.2766488983868159,0.4968396295878495,0.5357080062967429,0.2816788608551692,0.5065184784540032
2021-01-30 17:50:00,0.0413877638250627,0.07786481621995142,-0.6319889203412435,0.0767293686237747,0.0674912642811165,-0.32662017670608784,0.2779324338151269,0.4866689561636564,0.5335663508370881,0.2816788608551692,0.5065184784540032
2021-01-30 18:00:00,0.0413762512596063,0.07772424065569031,-0.6304601111054682,0.0767053396106508,-0.212223054751881,-0.3281526554438116,0.2961756205367732,0.5353972797623129,0.5333869384697957,0.2816788608551692,0.5065184784540032
2021-01-30 18:10:00,0.0414498533697174,0.07760106810236209,-0.6270968472469935,0.0759754817591306,0.0809319691409626,-0.3387911842227164,0.3357418190277048,0.6143295951970693,0.5339531518010805,0.2816788608551692,0.5065184784540032
2021-01-30 18:20:00,0.0415277805449976,0.0774183750609168,-0.6228615423035833,0.0755873327275247,0.1419326975597101,-0.3451844352926144,0.3006058067921743,0.5445666267476366,0.5347166933258657,0.2816788608551692,0.5065184784540032
2021-01-30 18:30:00,0.0416123254104795,0.07721151283966296,-0.6181521686698319,0.075030861883523,-0.0631957071281164,-0.3540344735176944,0.3158475905203105,0.5853667148695116,0.5337291510102482,0.2816788608551692,0.5065184784540032
2021-01-30 18:40:00,0.0416294010950377,0.07696112060027042,-0.6144936923414777,0.0738358518265887,-0.0202474035003064,-0.3718417203529678,0.3232373460986587,0.5963795655879119,0.535855488983812,0.2816788608551692,0.5065184784540032
2021-01-30 18:50:00,0.041726644318038,0.0766590135194254,-0.6082273143802316,0.0732884947546366,0.3169234968110501,-0.38094335150524883,0.3228241433801674,0.5920548049878108,0.535281572363649,0.2816788608551692,0.5065184784540032
2021-01-30 19:00:00,0.0424858460462121,0.07634065657588172,-0.5860346617043218,0.073196111132304,0.1211842484391212,-0.38399869866049213,0.3344424044034459,0.6193179941147059,0.5365507434127181,0.2816788608551692,0.5065184784540032
2021-01-30 19:10:00,0.0416598465824784,0.07606952099248585,-0.60210991884243,0.0731821591519409,-0.8463214600768154,-0.3857934269348832,0.3016362250055473,0.5469065242974807,0.5340332103418648,0.2816788608551692,0.5065184784540032
2021-01-30 19:20:00,0.0418270071672969,0.07586058262402962,-0.5953549811088884,0.0725949579271429,0.1028097365367131,-0.395510493047274,0.2912009723757218,0.5273932776974839,0.5355741114892218,0.2816788608551692,0.5065184784540032
2021-01-30 19:30:00,0.0417952215711217,0.07559525238532466,-0.5926114655618803,0.0725064918725311,0.2104724447569594,-0.3986289658330171,0.2795260086932921,0.4896626453730622,0.5325227145916783,0.2816788608551692,0.5065184784540032
2021-01-30 19:40:00,0.0419239649612179,0.07535658812136817,-0.5863737353066895,0.0693330060414584,0.3411521270958673,-0.4449273911775184,0.2899622586381243,0.5207635795398947,0.531952125667916,0.2816788608551692,0.5065184784540032
2021-01-30 19:50:00,0.0419441033449661,0.07488577687866615,-0.5796261185332056,0.0659283445437152,-0.0554334390786337,-0.4982662142089637,0.3158782406661928,0.5718238174977359,0.5335835210643707,0.2816788608551692,0.5065184784540032
2021-01-30 20:00:00,0.0423970006469424,0.0741693932931144,-0.5592739554882373,0.0659213289681415,0.1061234735200145,-0.5028959490294456,0.283029606060701,0.5053222623300759,0.5357700770171013,0.2816788608551692,0.5065184784540032
2021-01-30 20:10:00,0.0422840230804664,0.07352097328927895,-0.55316140663828,0.0659665132702457,0.3095472764920615,-0.5059989991962669,0.3136797803630542,0.5727852744434789,0.5348366154341193,0.2816788608551692,0.5065184784540032
2021-01-30 20:20:00,0.0427867250431129,0.07286295547940422,-0.5323524626372682,0.0655790717194376,-0.1239130202202787,-0.5158843820353608,0.3296346639046746,0.6042471515328963,0.5374284637093003,0.2816788608551692,0.5065184784540032
2021-01-30 20:30:00,0.0427280911524571,0.0723514481538479,-0.5266788924710554,0.0654249365698629,-0.2943205225838241,-0.5211586349315775,0.338549093945854,0.6300991183465134,0.5362963248202277,0.2816788608551692,0.5065184784540032
2021-01-30 20:40:00,0.0427240751775696,0.07187138849005427,-0.5201156679244772,0.0647045477500192,-0.0610313441834264,-0.5348993875920846,0.3356714314505845,0.6314242451777076,0.5357562675243035,0.2816788608551692,0.5065184784540032
2021-01-30 20:50:00,0.0425676650699818,0.07140249249332137,-0.5172378484604938,0.0646921312503372,-0.3682885188782236,-0.5378009702576678,0.3143261250233677,0.5812379368653338,0.5341667593759166,0.2816788608551692,0.5065184784540032
2021-01-30 21:00:00,0.0425902630085584,0.07102581345492615,-0.511417721478036,0.064660722089394,0.0501775230434375,-0.5405023561030696,0.3024818881865089,0.5653505999794286,0.5356733594191975,0.2816788608551692,0.5065184784540032
2021-01-30 21:10:00,0.0426350472949298,0.07072604029839127,-0.5061372046495675,0.0643808731832376,-0.0073671501148453,-0.5465023055253669,0.2836613876232196,0.5139945830670731,0.533733095883353,0.2816788608551692,0.5065184784540032
2021-01-30 21:20:00,0.0426126008009877,0.07040279423390021,-0.5020829502113006,0.0639718989884535,0.1463349982289585,-0.5545625855602031,0.2805846616308922,0.511665107548149,0.5331012472783252,0.2816788608551692,0.5065184784540032
2021-01-30 21:30:00,0.0425816062426906,0.07005337181534968,-0.497835024341962,0.0634003633711739,0.2026570070929878,-0.565345809503833,0.3087266962309992,0.5610524676670432,0.5336444550607791,0.2816788608551692,0.5065184784540032
2021-01-30 21:40:00,0.042554524102592,0.06969824549076534,-0.4933889713981442,0.0632240314214703,0.2330619795086974,-0.5699405967854719,0.2851145559462005,0.5134066607917487,0.5367900140394033,0.2816788608551692,0.5065184784540032
2021-01-30 21:50:00,0.0416263902344395,0.06940565781424565,-0.5112340421223004,0.0638633788833052,0.9242907605075956,-0.5609484247959996,0.3066697105766403,0.5604931949595016,0.5362885724323405,0.2816788608551692,0.5065184784540032
2021-01-30 22:00:00,0.0417876627074189,0.06919491582868235,-0.5043262438157403,0.0621326030296698,0.2501205022635844,-0.5895925326565449,0.311161135832154,0.5676440797592051,0.536761662514327,0.2816788608551692,0.5065184784540032
2021-01-30 22:10:00,0.0417290563311724,0.0688591752634315,-0.5008658001648938,0.0621588097845389,-0.2282646714714786,-0.59095222070412,0.305959206473599,0.5582733935230443,0.5345719920900032,0.2816788608551692,0.5065184784540032
2021-01-30 22:20:00,0.0419204151261925,0.06856733041013549,-0.49204324542521083,0.0619975731478321,-0.3341754511192008,-0.5951139167444628,0.3104945037438374,0.5682540767165848,0.5338108092059684,0.2816788608551692,0.5065184784540032
2021-01-30 22:30:00,0.0419851167200407,0.06831015588425268,-0.4867432590802218,0.0618640312595249,0.0829630772393841,-0.5987609741944636,0.2745876271414075,0.4879371205052152,0.5329642205190611,0.2816788608551692,0.5065184784540032
2021-01-30 22:40:00,0.0419895735354681,0.06807214686856963,-0.48314678778344833,0.0614031301510371,-0.0179844096148684,-0.6075541819484023,0.2689209576152995,0.4841822663559091,0.5357201548171007,0.2816788608551692,0.5065184784540032
2021-01-30 22:50:00,0.0419435867722688,0.06780647644417859,-0.4803321698294939,0.0614302436903113,-0.2098452883446455,-0.6085092276474894,0.2653416721423631,0.4657289459219639,0.5332316656409779,0.2816788608551692,0.5065184784540032
2021-01-30 23:00:00,0.042208965431225,0.06759849041606497,-0.47095300222192693,0.0595513755854751,-0.1429618056677739,-0.640651073879826,0.2724464852241066,0.4876689479788897,0.5333379169493736,0.2816788608551692,0.5065184784540032
2021-01-30 23:10:00,0.041866581625781,0.06718524373818041,-0.4729657020542598,0.059793511532776,-0.5375703408121879,-0.6387265092535572,0.3148522615750017,0.5708221320528524,0.5332879332498675,0.2816788608551692,0.5065184784540032
2021-01-30 23:20:00,0.0418656285137632,0.06689008766430254,-0.4685856212908095,0.0596998492441064,0.0282503895045138,-0.6414862427401364,0.2848894455896978,0.5120176327950896,0.5347416808107414,0.2816788608551692,0.5065184784540032
2021-01-30 23:30:00,0.0416463706963321,0.06663199403952985,-0.46997062650665106,0.059808108262837,-0.4287488474801648,-0.6406981715580109,0.3262303777292084,0.597442941475913,0.5348777033024581,0.2816788608551692,0.5065184784540032
2021-01-30 23:40:00,0.041522439594904,0.06643367360053452,-0.4699700662381121,0.0597829320164078,0.3212091263080197,-0.6419624479730014,0.3448029807746809,0.6418056972447812,0.5353680805844241,0.2816788608551692,0.5065184784540032
2021-01-30 23:50:00,0.0415346660370651,0.06626301935060995,-0.4671035593186397,0.0597710429016908,-0.0405285629861751,-0.6428101490084523,0.3391698658430724,0.6385461099759799,0.5339952477062957,0.2816788608551692,0.5065184784540032
2021-01-31 00:00:00,0.0442369457782824,0.06593757008692855,-0.3991480693300941,0.0586085784823614,-0.1016852557205183,-0.6639218878819286,0.3325965161651115,0.626663879400523,0.5330485224411119,0.3045380892737454,0.5520790581332441
2021-01-31 00:10:00,0.0443858998436914,0.06559959771524891,-0.3906477156279707,0.0586225215451593,-0.1415100914542222,-0.6648500585580959,0.3030747583250567,0.5554697428045434,0.5307507627216477,0.3045380892737454,0.5520790581332441
2021-01-31 00:20:00,0.0443799376927231,0.06525756772376247,-0.38555450636439026,0.0586457006222035,-0.1819434148325527,-0.6651938555476993,0.3044738134953154,0.5668005120023359,0.5344086479137414,0.3045380892737454,0.5520790581332441
2021-01-31 00:30:00,0.0439792019612348,0.06498849360213826,-0.39049339325054694,0.0581330574727591,-0.6251270798436792,-0.6746691854462996,0.2903530877342894,0.5215557981696072,0.5328710395971148,0.3045380892737454,0.5520790581332441
2021-01-31 00:40:00,0.0439353227854988,0.06469751341626677,-0.3870041524448718,0.0579820390440135,0.2263465733630454,-0.6780723288932655,0.2941617121750876,0.530982506552064,0.5314166731180209,0.3045380892737454,0.5520790581332441
2021-01-31 00:50:00,0.0438667075927262,0.06445430627940316,-0.38480087978252553,0.0575146852720457,0.2602137357566647,-0.6868102752336855,0.3217741208337139,0.5780779769648514,0.5305958088482934,0.3045380892737454,0.5520790581332441
2021-01-31 01:00:00,0.0438443882400831,0.06420480728011511,-0.3814313532974968,0.0563311927752417,-0.2117082048812335,-0.7083874502996503,0.2958166752874195,0.5234942951668939,0.5316637165114608,0.3045380892737454,0.5520790581332441
2021-01-31 01:10:00,0.0437403819134671,0.06386679267908035,-0.37852780326425933,0.0563682169885736,0.3081508282672729,-0.7089856489977641,0.3215731482456009,0.5814869236144906,0.5325132524141933,0.3045380892737454,0.5520790581332441
2021-01-31 01:20:00,0.0449593612206232,0.06356324643116407,-0.34627641924482605,0.0563593488263671,-0.0396504029506417,-0.710145263433393,0.3344420745211295,0.6124038031319219,0.5341662267831879,0.3045380892737454,0.5520790581332441
2021-01-31 01:30:00,0.0456513262558639,0.06330507519540474,-0.3269328434774303,0.0547201918422318,0.1353268569307175,-0.7404939305093542,0.3366807727610628,0.6250171213013143,0.5323646159229583,0.3045380892737454,0.5520790581332441
2021-01-31 01:40:00,0.0456112233258934,0.06292568696651789,-0.3218006463846791,0.0547437110415978,-0.5828854174790621,-0.7415460909415287,0.3332926744062708,0.6197336585800575,0.5326941841476088,0.3045380892737454,0.5520790581332441
2021-01-31 01:50:00,0.0450016774382343,0.06256747667260355,-0.3295458356453914,0.0552776025291011,0.7668352244532883,-0.7333573468174402,0.3107938774277891,0.5666202659558788,0.5305931554217603,0.3045380892737454,0.5520790581332441
2021-01-31 02:00:00,0.0449479153422834,0.06234087064355864,-0.3271128577068434,0.0552998639439146,-0.2245286384976452,-0.7341239743418939,0.3028477267852791,0.5582440991095948,0.532702382183017,0.3045380892737454,0.5520790581332441
2021-01-31 02:10:00,0.0454021700908281,0.06213207101197771,-0.3137023937837742,0.055015664744752,-0.4661375435157211,-0.7404489895156996,0.3034546371153904,0.5442698179325667,0.5317276508093316,0.3045380892737454,0.5520790581332441
2021-01-31 02:20:00,0.0454890357242698,0.06194049316215559,-0.308702812621521,0.0535593382648622,-0.247614343213165,-0.7683634189496311,0.3100539419031421,0.5708493096974603,0.5299180856381764,0.3045380892737454,0.5520790581332441
2021-01-31 02:30:00,0.0454049287857617,0.06166332119576406,-0.30606862134134283,0.0535445871637007,-0.2764987158409226,-0.7700954070013328,0.3347835880318278,0.6209052647195532,0.5298306657147756,0.3045380892737454,0.5520790581332441
2021-01-31 02:40:00,0.0454935679156287,0.06138932427723426,-0.29966499685705045,0.053173405140968,-0.016888761811451,-0.7781912859244658,0.2932201821425144,0.5311649132028382,0.5310827192395187,0.3045380892737454,0.5520790581332441
2021-01-31 02:50:00,0.0454908797635322,0.061111735909347834,-0.29519206370154377,0.0529264017395688,-0.0494700179476836,-0.783998198194205,0.3220326667208579,0.5877300247962053,0.5310093917160408,0.3045380892737454,0.5520790581332441
2021-01-31 03:00:00,0.0454193292541501,0.060845330696967126,-0.2923973129099073,0.0529902615758888,0.2686541783608831,-0.7838734404895447,0.3500453319429543,0.6495992907423593,0.5338695979179678,0.3045380892737454,0.5520790581332441
2021-01-31 03:10:00,0.0453817796497575,0.06063050346094951,-0.2896874286821687,0.0526214016896194,0.18839535913866,-0.7918262719386039,0.3424309689034948,0.6386924426952679,0.5331919172632735,0.3045380892737454,0.5520790581332441
2021-01-31 03:20:00,0.0454162383526552,0.0604017318181616,-0.2851480629522917,0.0520190167137309,0.2025363937807611,-0.8042256795384563,0.3379501943649699,0.6307222184929364,0.5326133749766764,0.3045380892737454,0.5520790581332441
2021-01-31 03:30:00,0.0456283033175585,0.06014127087056305,-0.276168098442937,0.0507761739042752,0.0022931808153714,-0.8293846658489142,0.3046004321625896,0.5535256384062934,0.5301188969312338,0.3045380892737454,0.5520790581332441
2021-01-31 03:40:00,0.0456523075140848,0.05981151953626676,-0.2701441230735595,0.0507639846479506,-0.0479325354342918,-0.8308192279067845,0.2973997119851764,0.5465413893024593,0.5322452799833666,0.3045380892737454,0.5520790581332441
2021-01-31 03:50:00,0.0456805723065094,0.059512872056196285,-0.2645195323624052,0.0503774847006863,-0.1031769829719309,-0.8395205177541112,0.2805037487191797,0.4979546726671475,0.5317369355533113,0.3045380892737454,0.5520790581332441
2021-01-31 04:00:00,0.0456260652613199,0.05923842257852605,-0.26109120158031623,0.0504493345706988,0.3059832532649409,-0.8390560580596332,0.2860680380095405,0.5195315371662386,0.5314210841978112,0.3045380892737454,0.5520790581332441
2021-01-31 04:10:00,0.0457527733958364,0.058989249426310855,-0.25410280363132665,0.0504438697828407,-0.0804914810149881,-0.8398013542035028,0.3242259015254997,0.593341794041892,0.5311458382806028,0.3045380892737454,0.5520790581332441
2021-01-31 04:20:00,0.0456862482769472,0.05878569834951795,-0.2521012603324855,0.0502148202604636,-0.255175604320712,-0.8446928762091236,0.2961418961140729,0.5333830788940261,0.5329354952601878,0.3045380892737454,0.5520790581332441
2021-01-31 04:30:00,0.0457917621579335,0.05856394380722917,-0.24601500442522292,0.0502449886052505,-0.2544110794589826,-0.8444539498088487,0.337715145836208,0.6241422880904671,0.5323631936640476,0.3045380892737454,0.5520790581332441
2021-01-31 04:40:00,0.045653080381782,0.058398595429187995,-0.24622075566770252,0.0503833019522129,0.3734760056840258,-0.8419137184256733,0.3586912395507449,0.6735689793214552,0.5336470175941448,0.3045380892737454,0.5520790581332441
2021-01-31 04:50:00,0.0456159658679964,0.05829968239790759,-0.24533886169759836,0.0503380531561757,0.1841314521881187,-0.8427874393053842,0.3666245639729973,0.6949948131507843,0.5330986647322021,0.3045380892737454,0.5520790581332441
2021-01-31 05:00:00,0.0456535119671829,0.058173138310960604,-0.242343170595515,0.0497852236063344,-0.0357123351733434,-0.85408217332039,0.3600167648574868,0.6903790103867659,0.5319194417062068,0.3045380892737454,0.5520790581332441
2021-01-31 05:10:00,0.0456729564668619,0.058029599123085675,-0.23944684955416584,0.0494135784757356,-0.4491949701264985,-0.8619095346037473,0.3210249142893705,0.6042004850303697,0.5299582339440854,0.3045380892737454,0.5520790581332441
2021-01-31 05:20:00,0.0457464745717993,0.05785053230273444,-0.23474792481504478,0.0494277783027821,-0.1399276614336031,-0.8621577112396901,0.3023975597126531,0.5657684864880708,0.5319574261055438,0.3045380892737454,0.5520790581332441
2021-01-31 05:30:00,0.0457950756341339,0.05771447326312592,-0.23133141207498006,0.0482285256265616,-0.1693914704445021,-0.8870818716777212,0.2891922312478554,0.5149699869518485,0.5306494117660274,0.3045380892737454,0.5520790581332441
2021-01-31 05:40:00,0.0458270594265059,0.0574945564552741,-0.22681553914972027,0.0479401772702897,0.0073103385236805,-0.8938294530163492,0.3068737579839879,0.558018903310217,0.5313836598346778,0.3045380892737454,0.5520790581332441
2021-01-31 05:50:00,0.0458444274924562,0.0572136726784396,-0.22153924913286419,0.0475023016018644,-0.0015093783447994,-0.9039554660350851,0.3327993020873191,0.6064488604874767,0.5314625719490091,0.3045380892737454,0.5520790581332441
2021-01-31 06:00:00,0.0459694043715884,0.05697998630097993,-0.21472403581137398,0.0468799084982591,-0.0457360875909529,-0.9180661381566106,0.293558543797345,0.5205144510291937,0.5318806697751934,0.3045380892737454,0.5520790581332441
2021-01-31 06:10:00,0.0459811406235007,0.0567258052791661,-0.2099979007841869,0.0468818095932593,-0.0754436347897069,-0.9187013200523397,0.319550297676023,0.5753551762464146,0.5306859018303822,0.3045380892737454,0.5520790581332441
2021-01-31 06:20:00,0.0459140852383005,0.056500149624933965,-0.2074713484488141,0.0465663297724479,0.2988633973519228,-0.9260385388481248,0.3377375430619161,0.6145803260006755,0.5321652625419206,0.3045380892737454,0.5520790581332441
2021-01-31 06:30:00,0.0461401362471589,0.05628535509696996,-0.1987511730474478,0.0465577269038703,-0.2336059205299889,-0.9268380206852206,0.3271250126383514,0.5974934583866256,0.5321284554415457,0.3045380892737454,0.5520790581332441
2021-01-31 06:40:00,0.0490175128905951,0.05610155248192454,-0.13498584543348455,0.0461321536333825,-0.2246551742315361,-0.9364078208175793,0.3192845022718745,0.5890073125357396,0.5318537259866212,0.3045380892737454,0.5520790581332441
2021-01-31 06:50:00,0.0490186606776134,0.05588047377826895,-0.1310139570786483,0.0455882945878859,-0.0300396929898028,-0.9487371700565513,0.2896675327560074,0.5230612546556117,0.5297211915163818,0.3045380892737454,0.5520790581332441
2021-01-31 07:00:00,0.0489667949245642,0.05563654531533949,-0.12769786138217784,0.0455608572185752,0.2410722204384541,-0.9498857954861369,0.2809286500252768,0.5108887599286844,0.5324668126894585,0.3045380892737454,0.5520790581332441
2021-01-31 07:10:00,0.0489647856903948,0.05543798691435713,-0.12416366278230306,0.0456577959273178,0.2978825586676947,-0.9482805524078806,0.281906676430827,0.5006964030360448,0.5304343900906365,0.3045380892737454,0.5520790581332441
2021-01-31 07:20:00,0.0489591887342928,0.05527985566154132,-0.12142150031569855,0.0455861711000751,-0.1148722778047783,-0.9500891029832884,0.2914079782664789,0.5299027762116961,0.5295174343881972,0.3045380892737454,0.5520790581332441
2021-01-31 07:30:00,0.0490868913214885,0.0551588771388814,-0.11662567632050137,0.0440851758125162,-0.2722845328017698,-0.983732670423334,0.3351879004804656,0.6136920433298532,0.5306188003343999,0.3045380892737454,0.5520790581332441
2021-01-31 07:40:00,0.0490232684875289,0.05492205204633369,-0.1136198919937717,0.0437541789900908,-0.2714823120260945,-0.9919472320379201,0.3044445387304261,0.5539646982515694,0.5311822873165006,0.3045380892737454,0.5520790581332441
2021-01-31 07:50:00,0.0490221883915408,0.054676743817471445,-0.10916544035858733,0.0417895123385786,-0.0327011996226644,-1.0385887301627128,0.3275243969234648,0.6070739108448281,0.5305975666573901,0.3045380892737454,0.5520790581332441
2021-01-31 08:00:00,0.0490583561667067,0.054312161633885206,-0.1017376413409696,0.041411103967993,0.0381107308614403,-1.0489017802523184,0.3382711207840737,0.6288706636061152,0.532100077378092,0.3045380892737454,0.5520790581332441
2021-01-31 08:10:00,0.0485697796654404,0.053928809117535566,-0.10466330718735103,0.0419679658329325,0.6919042839840017,-1.0364969143585359,0.3353419353616843,0.624848839935833,0.530992010013777,0.3045380892737454,0.5520790581332441
2021-01-31 08:20:00,0.048508862744495,0.053666229955884596,-0.10103742056629242,0.0420087082147455,-0.2581635831562678,-1.0358302079957813,0.3411620335972115,0.6441611959408992,0.5320902317353212,0.3045380892737454,0.5520790581332441
2021-01-31 08:30:00,0.0484640947600958,0.05343123423079102,-0.09757227611082564,0.0418455400356584,-0.3309854766028408,-1.0400908149408088,0.3022247614236045,0.553958012633536,0.5304862928548992,0.3045380892737454,0.5520790581332441
2021-01-31 08:40:00,0.0494055836555651,0.05320635192620081,-0.07411433905796028,0.0418639173435533,-0.4070945233291212,-1.0375137280307367,0.2872783403151679,0.5239633741643985,0.5319477924166345,0.3045380892737454,0.5520790581332441
2021-01-31 08:50:00,0.0502327865832933,0.05301933400998071,-0.053988706975333055,0.0419321354657784,0.250141599856768,-1.0259151602423289,0.2776801121875973,0.4850633430700899,0.5291675831414508,0.3045380892737454,0.5520790581332441
2021-01-31 09:00:00,0.0501467224238456,0.052852290585367265,-0.0525478958173423,0.0405715977910915,0.402081103829488,-1.0409353668703727,0.2946290746801507,0.5253423346097159,0.5278194385236097,0.3045380892737454,0.5520790581332441
2021-01-31 09:10:00,0.0496347396569773,0.052625958562703044,-0.058518521927003755,0.0411535881133053,-0.7229927747482989,-1.0030728579381463,0.3233617037269636,0.5818699172760042,0.5288912734915547,0.3045380892737454,0.5520790581332441
2021-01-31 09:20:00,0.0500313106161498,0.05243707995566974,-0.046964952052766865,0.041044011933266,0.0916664419809976,-0.9841689141576471,0.2907283672306869,0.5209164973375315,0.5302972113779976,0.3045380892737454,0.5520790581332441
2021-01-31 09:30:00,0.0500076437663065,0.0522862923461196,-0.04455837101500556,0.0409313336973265,-0.1984680545749739,-0.9659955726413535,0.3259541688892097,0.6001094934243841,0.5292514311397353,0.3045380892737454,0.5520790581332441
2021-01-31 09:40:00,0.0500309304620039,0.05213346651634194,-0.04116567069272743,0.0409088741169444,0.079649356000111,-0.9464547419919875,0.3400089448471804,0.630565389630792,0.5318073053622245,0.3045380892737454,0.5520790581332441
2021-01-31 09:50:00,0.0497510960060492,0.052031411756560675,-0.04481511481050045,0.0411681570726702,-0.5305579221481338,-0.9217603391724444,0.3472788170135737,0.6504425395217874,0.5309591702059087,0.3045380892737454,0.5520790581332441
2021-01-31 10:00:00,0.0494937356309248,0.05196769304521362,-0.048776129254730294,0.0406470946068508,0.5390326046359917,-0.9172548347848349,0.3476361124084283,0.6567510654913105,0.5307395245019859,0.3045380892737454,0.5520790581332441
2021-01-31 10:10:00,0.0494892897836248,0.05182896767472283,-0.04619293632296898,0.0406493490854886,0.0663999358607725,-0.9010667645812316,0.3251655611540218,0.5983361230825864,0.5300578903876849,0.3045380892737454,0.5520790581332441
2021-01-31 10:20:00,0.049543257670909,0.05172399414748402,-0.04307559699001195,0.0407180715594321,0.3247417247514761,-0.8843905298553323,0.3147001784326906,0.5862780123580641,0.5313545279144658,0.3045380892737454,0.5520790581332441
2021-01-31 10:30:00,0.0501227187521188,0.05164445423138211,-0.029908444296178803,0.040332160229417,0.0604673715251635,-0.8796020649802645,0.3003034221619879,0.5456357986659861,0.5296165618673445,0.3045380892737454,0.5520790581332441
2021-01-31 10:40:00,0.0501084249786499,0.051549575483955355,-0.028354818194776785,0.0402936416335889,0.1725245951913478,-0.8632562907577828,0.2983669158863967,0.5437069223663862,0.5287180689526578,0.3045380892737454,0.5520790581332441
2021-01-31 10:50:00,0.0501222503773841,0.05144559600010225,-0.02605983214262552,0.0403068669506751,-0.1035146563877376,-0.8499907392973637,0.3293579105167795,0.5991145569680523,0.5292448963455207,0.3045380892737454,0.5520790581332441
2021-01-31 11:00:00,0.050129898815422,0.05135126468129351,-0.024071951893777817,0.0399935970683982,-0.0724854507772931,-0.844942382714975,0.3051707532964986,0.554428295509747,0.5324069810489802,0.3045380892737454,0.5520790581332441
2021-01-31 11:10:00,0.0501684000141571,0.05124089338380815,-0.021152565456590423,0.0398863167739588,0.1501389022090293,-0.8388320890209378,0.3258346349671311,0.5995821936754386,0.5325479839839449,0.3045380892737454,0.5520790581332441
2021-01-31 11:20:00,0.0502197716365665,0.0511442952288521,-0.018242149491579575,0.0396292993469071,-0.0697280781670528,-0.8344228706332851,0.3331762548922586,0.6129807324416603,0.5340005036914401,0.3045380892737454,0.5520790581332441
2021-01-31 11:30:00,0.0501071248608156,0.05105397502929097,-0.018720196221215218,0.038142290832527,-0.3361773442744464,-0.8655358738204598,0.3257191283097916,0.6004758197291824,0.5328410513981758,0.3045380892737454,0.5520790581332441
2021-01-31 11:40:00,0.050222185546157,0.05085277252620386,-0.012477772410595016,0.0381267962792094,0.0178079434618894,-0.8575386863245698,0.3272018728959359,0.6110963284704612,0.5323809894839787,0.3045380892737454,0.5520790581332441
2021-01-31 11:50:00,0.0502578446309647,0.05067417965447557,-0.008249857025539063,0.037891808557658,0.0607851724332419,-0.855747170867024,0.2895053043956418,0.5291194963552417,0.5317807281172763,0.3045380892737454,0.5520790581332441
2021-01-31 12:00:00,0.0501220508888478,0.050482949567294384,-0.007174598179208879,0.038042042838918,-0.3783492406165933,-0.8450029671721934,0.2745094982374499,0.508680843585902,0.5341220719393484,0.3045380892737454,0.5520790581332441
2021-01-31 12:10:00,0.0501256456888196,0.05032335993715239,-0.003936614452895656,0.037787842141116,0.0793363734969077,-0.8454713388253207,0.2730016502529689,0.4928552862243818,0.5320716967860228,0.3045380892737454,0.5520790581332441
2021-01-31 12:20:00,0.0484271950985384,0.05019612120141,-0.03587621868116474,0.0403663239657807,1.4336383498648075,-0.7738310789705402,0.2853061881437747,0.5217943896680484,0.5318822226447155,0.3045380892737454,0.5520790581332441
2021-01-31 12:30:00,0.0482994700498527,0.050267438077389426,-0.03993692460956086,0.0404500082721547,0.3794790115604129,-0.7683482894680689,0.3283623009536372,0.6058845358323617,0.5315106205631783,0.3045380892737454,0.5520790581332441
2021-01-31 12:40:00,0.0486117958942541,0.050461572241559664,-0.03734588557373781,0.0402501568037406,-0.0509852492456275,-0.7675224403504576,0.3005402096802658,0.5543204604725593,0.5332641323847238,0.3045380892737454,0.5520790581332441
2021-01-31 12:50:00,0.0486694955997613,0.05050230195626917,-0.03696645842185195,0.0403250545142453,-0.2472613068659868,-0.7612420853030251,0.3400076026174878,0.639012086453921,0.533723788870729,0.3045380892737454,0.5520790581332441
2021-01-31 13:00:00,0.0486115525199257,0.05053502031769306,-0.03880535874832762,0.0404125823983732,-0.2660304546767023,-0.7541598941827499,0.3514709421101244,0.6699456888880821,0.5349330458707404,0.3045380892737454,0.5520790581332441
2021-01-31 13:10:00,0.0486112667945785,0.050567774393509984,-0.03945917262464099,0.040435024029611,-0.2089750834421977,-0.7486920864361525,0.3386031406017882,0.6479878007673311,0.5340939271734593,0.3045380892737454,0.5520790581332441
2021-01-31 13:20:00,0.0486560328307686,0.050629414509893875,-0.03975691613291521,0.0403430927499318,-0.0232792623299005,-0.7454051695579834,0.3254336203008257,0.618637694708975,0.5340471476776794,0.3045380892737454,0.5520790581332441
2021-01-31 13:30:00,0.0486582671412577,0.0506586998498117,-0.04028925485185675,0.0403340566888928,-0.2300409109869505,-0.7412303873295579,0.2943614978890986,0.5385965619650538,0.5324756467791791,0.3045380892737454,0.5520790581332441
2021-01-31 13:40:00,0.0488810378033273,0.05069820770113926,-0.03650101261634826,0.0402268544418527,-0.2344597443540763,-0.7396048498256005,0.2982206314298801,0.5524295350471145,0.5354721944527061,0.3045380892737454,0.5520790581332441
2021-01-31 13:50:00,0.0488691931922154,0.050687008330819475,-0.03652242993939135,0.0393009711932655,0.1090263374685207,-0.7588081958604803,0.2853818572720095,0.5115597014259995,0.533559591339017,0.3045380892737454,0.5520790581332441
2021-01-31 14:00:00,0.048903563303301,0.05057829128463918,-0.03367219522600773,0.039326955380439,-0.1623812951260461,-0.7547113269604537,0.2912826015911435,0.5285005996308361,0.5320573557171372,0.3045380892737454,0.5520790581332441
2021-01-31 14:10:00,0.0494553447449312,0.05050361199914159,-0.020974722410282327,0.0392026217065993,-0.0109892525221866,-0.7540861553686495,0.3235066822790373,0.5858153506583321,0.5312774740113052,0.3045380892737454,0.5520790581332441
2021-01-31 14:20:00,0.0496467094763163,0.05044700910754293,-0.015991346851206314,0.0392493198898177,-0.2158716384720094,-0.7497502732261001,0.2971398927086018,0.5348313697644413,0.5323486377693134,0.3045380892737454,0.5520790581332441
2021-01-31 14:30:00,0.0496471567906574,0.050407582418610396,-0.015200484766005804,0.0392263178800442,0.0304464967674888,-0.7471059835531612,0.2895817886623181,0.5160993021142438,0.5325618898713887,0.3045380892737454,0.5520790581332441
2021-01-31 14:40:00,0.0495977388428938,0.05035046514351398,-0.015062612477917667,0.039353576532928,-0.406209535678137,-0.7375304016359979,0.306568874903814,0.57090575327251,0.5346508047077404,0.3045380892737454,0.5520790581332441
2021-01-31 14:50:00,0.0495575261450512,0.050328845601401516,-0.015444244782640034,0.0394458852150484,-0.3106514007932048,-0.7278584926288714,0.2868193586146952,0.5188649787095674,0.5334332870403052,0.3045380892737454,0.5520790581332441
2021-01-31 15:00:00,0.0495395725502864,0.050287625844250845,-0.01498724411977836,0.0393988974375059,0.275179254050073,-0.7237072857145119,0.2926787730635955,0.5354445288876157,0.5339374957876231,0.3045380892737454,0.5520790581332441
2021-01-31 15:10:00,0.0487430052714768,0.05028867121521756,-0.031218121850676506,0.0403949938641764,-0.8923654143695003,-0.6933035672894389,0.2967638417222052,0.5438717680715499,0.5321189996403626,0.3045380892737454,0.5520790581332441
2021-01-31 15:20:00,0.0487055093174784,0.050376334003276166,-0.033729350011780325,0.040291180728094,-0.2329027167231601,-0.691023615010507,0.2925216935403615,0.5452946656240861,0.5340627319533636,0.3045380892737454,0.5520790581332441
2021-01-31 15:30:00,0.0477860560504299,0.0504125409268019,-0.053506089523200566,0.0413373346823933,-0.9461359033791084,-0.6614799214470068,0.2914786638422807,0.5299716988492892,0.5331029275152892,0.3045380892737454,0.5520790581332441
2021-01-31 15:40:00,0.0478588187568132,0.05052756705442061,-0.05426366865185349,0.0412733603162273,-0.1164815738947666,-0.6594316192113193,0.3058829144303607,0.5687550921017386,0.5321595177426287,0.3045380892737454,0.5520790581332441
2021-01-31 15:50:00,0.0486567505754248,0.050606792515329166,-0.03929524973769108,0.0411436894345188,0.4360396258782373,-0.6606987163139798,0.3300074632629123,0.613155275460076,0.5322890545232253,0.3045380892737454,0.5520790581332441
2021-01-31 16:00:00,0.0485328886445944,0.05067149935159309,-0.043121925059134286,0.039663086489816,0.5191827142596139,-0.6962120454715119,0.2907733988370358,0.5295976025100784,0.5336366339958755,0.3045380892737454,0.5520790581332441
2021-01-31 16:10:00,0.0483943664623691,0.05062518937541412,-0.045065854626109375,0.0400188331789634,-0.532415154564525,-0.6858390403675929,0.2871949078534214,0.5146372084760131,0.5328580145744535,0.3045380892737454,0.5520790581332441
2021-01-31 16:20:00,0.0483286976274556,0.05059559736270968,-0.045839025869242565,0.0394861163899677,0.25202778625939,-0.6984604751969643,0.318440870168552,0.5992768464393479,0.5361217277353517,0.3045380892737454,0.5520790581332441
2021-01-31 16:30:00,0.048341251297903,0.050525832434404165,-0.04419947855521084,0.0390246405483898,0.0746811072710684,-0.7085425775033546,0.287647073684846,0.5267912872075021,0.535235470553873,0.3045380892737454,0.5520790581332441
2021-01-31 16:40:00,0.0484880341414409,0.05045856840399705,-0.03983552313255516,0.0389426792522642,0.0131892821356061,-0.7089474077405659,0.2848279944773763,0.5248555127448851,0.5342479525206183,0.3045380892737454,0.5520790581332441
2021-01-31 16:50:00,0.0484561780494084,0.05038208992446285,-0.038975909153624144,0.0388696944993134,-0.190306333399981,-0.7096929556736802,0.2763469830654885,0.5016633986159771,0.5320732179644273,0.3045380892737454,0.5520790581332441
2021-01-31 17:00:00,0.0483988752964868,0.05027917756577787,-0.03811445072680565,0.0387541595293531,-0.2369394422455428,-0.7097039032734045,0.2781556377289514,0.5112985645323029,0.5337473679008224,0.3045380892737454,0.5520790581332441
2021-01-31 17:10:00,0.0483593835771486,0.05019139615958818,-0.03718334164356866,0.0387521909522514,-0.2166589178054678,-0.707206832229374,0.2603234774019581,0.4627789727329602,0.5329717006416583,0.3045380892737454,0.5520790581332441
2021-01-31 17:20:00,0.0480633320414169,0.05009910091870736,-0.041483503424422724,0.0391673465217931,0.5776981743156995,-0.6939255474978786,0.2613313291097301,0.4709543225478688,0.532998682333526,0.3045380892737454,0.5520790581332441
2021-01-31 17:30:00,0.0479024522644934,0.050070528614543225,-0.044265885189142685,0.0393738377701611,-0.4109255211275808,-0.686371217317577,0.276082283769449,0.4993888681799082,0.5325903059777143,0.3045380892737454,0.5520790581332441
2021-01-31 17:40:00,0.0478459194512228,0.05009099796561974,-0.04585547428502472,0.0393924701061768,-0.2538671241348211,-0.6837183017332578,0.2840849329712461,0.5179934609579426,0.5355032343529083,0.3045380892737454,0.5520790581332441
2021-01-31 17:50:00,0.047177376516677,0.050112288712056835,-0.06035179508960604,0.0413877638250627,-1.2713606901606056,-0.6319889203412435,0.2927964813758745,0.5296393788975511,0.534344244251882,0.3045380892737454,0.5520790581332441
2021-01-31 18:00:00,0.0472075555807893,0.05023628058685104,-0.06218353086942175,0.0413762512596063,0.1884419368325396,-0.6304601111054682,0.3174930088590204,0.6001594533575634,0.5359488332064736,0.3045380892737454,0.5520790581332441
2021-01-31 18:10:00,0.0471672908940087,0.05037161328060187,-0.06572712501549038,0.0414498533697174,0.2598302221818116,-0.6270968472469935,0.3052090107028684,0.5615122167464065,0.5358571532935501,0.3045380892737454,0.5520790581332441
2021-01-31 18:20:00,0.0470824313811532,0.050499611848287274,-0.07006572541077441,0.0415277805449976,0.2912164433212183,-0.6228615423035833,0.3154268409616924,0.5918150872725199,0.5346389323428138,0.3045380892737454,0.5520790581332441
2021-01-31 18:30:00,0.0470074587857228,0.050612389037220935,-0.0738901022696771,0.0416123254104795,0.2725516247263471,-0.6181521686698319,0.3035657084942914,0.5683373143322211,0.5330020024897741,0.3045380892737454,0.5520790581332441
2021-01-31 18:40:00,0.0469991782378308,0.05071502265801208,-0.0760920543435356,0.0416294010950377,-0.1209299466113478,-0.6144936923414777,0.2933599798135397,0.5525625586887069,0.5345747119230346,0.3045380892737454,0.5520790581332441
2021-01-31 18:50:00,0.0468515019188118,0.05080631519276409,-0.08103759547332778,0.041726644318038,-0.4260265343335234,-0.6082273143802316,0.283044782515193,0.515752888721485,0.5325611776063588,0.3045380892737454,0.5520790581332441
2021-01-31 19:00:00,0.0464029453550279,0.05090019734026955,-0.09250386587136038,0.0424858460462121,0.8087201643668607,-0.5860346617043218,0.2923698269876012,0.5392545947851343,0.5338739186960938,0.3045380892737454,0.5520790581332441
2021-01-31 19:10:00,0.0464325606854633,0.05101782911063188,-0.09417420999695075,0.0416598465824784,0.1456607150833733,-0.60210991884243,0.2939571639234402,0.5376636230971636,0.5342827801727609,0.3045380892737454,0.5520790581332441
2021-01-31 19:20:00,0.0462835749542151,0.05102562454574718,-0.09754080307219493,0.0418270071672969,-0.3874621980289205,-0.5953549811088884,0.2971596005114506,0.5455223971068481,0.535430024236103,0.3045380892737454,0.5520790581332441
2021-01-31 19:30:00,0.0464462396055984,0.051080150709844355,-0.09510047539003373,0.0417952215711217,0.1331120808282904,-0.5926114655618803,0.2926953655626377,0.5273910720733483,0.5340064269470839,0.3045380892737454,0.5520790581332441
2021-01-31 19:40:00,0.0462321293904286,0.05113832082476029,-0.10085913672252007,0.0419239649612179,0.4734635072788151,-0.5863737353066895,0.3185807837336937,0.5980546668449962,0.5352664487461678,0.3045380892737454,0.5520790581332441
2021-01-31 19:50:00,0.0463118091721853,0.051185295404459416,-0.10005530537915669,0.0419441033449661,-0.1412888516684418,-0.5796261185332056,0.2899647492159545,0.5307750906872601,0.5357362763221787,0.3045380892737454,0.5520790581332441
2021-01-31 20:00:00,0.0459548801644228,0.051211288415982416,-0.10829993548421883,0.0423970006469424,-0.6270891292857073,-0.5592739554882373,0.2911417817091942,0.5439375975963894,0.5353892630569878,0.3045380892737454,0.5520790581332441
2021-01-31 20:10:00,0.0460228937566447,0.05130279819799388,-0.10860633341485394,0.0422840230804664,-0.0122047740443775,-0.55316140663828,0.289518811598118,0.5415461402448947,0.5334705036269515,0.3045380892737454,0.5520790581332441
2021-01-31 20:20:00,0.0457028447113385,0.051333199599808525,-0.1161771650678503,0.0427867250431129,0.6655875277042256,-0.5323524626372682,0.2817286303848839,0.5306529723947608,0.5364766164613024,0.3045380892737454,0.5520790581332441
2021-01-31 20:30:00,0.0456750013212383,0.05144851105307142,-0.11903039098265052,0.0427280911524571,0.1910076076793387,-0.5266788924710554,0.276569463645494,0.5067490295648609,0.5344569389967353,0.3045380892737454,0.5520790581332441
2021-01-31 20:40:00,0.0456754012080147,0.051532549228655,-0.1206537456845651,0.0427240751775696,-0.0171197965016745,-0.5201156679244772,0.2762780868314892,0.5102614382622914,0.5337764774397311,0.3045380892737454,0.5520790581332441
2021-01-31 20:50:00,0.0456743417516942,0.05156694591756529,-0.12134419364005511,0.0425676650699818,-0.0472390776025122,-0.5172378484604938,0.2894373344391184,0.5353400079205024,0.5343892948521926,0.3045380892737454,0.5520790581332441
2021-01-31 21:00:00,0.0456822562378309,0.05160423534212968,-0.12189379301821278,0.0425902630085584,-0.147518541543512,-0.511417721478036,0.2979758949195413,0.5626766889538329,0.5354629767114172,0.3045380892737454,0.5520790581332441
2021-01-31 21:10:00,0.0456595055296236,0.05163486798865046,-0.12298536885114153,0.0426350472949298,-0.1955040202348712,-0.5061372046495675,0.2878462594835957,0.539637049881652,0.534652363884417,0.3045380892737454,0.5520790581332441
2021-01-31 21:20:00,0.0456570505398801,0.05165547362841087,-0.12343812246412966,0.0426126008009877,0.0477370248448849,-0.5020829502113006,0.2978667833217135,0.5701075822003694,0.536012426374373,0.3045380892737454,0.5520790581332441
2021-01-31 21:30:00,0.0459715460185524,0.051702535563612116,-0.11748418381050316,0.0425816062426906,-0.1210962194123865,-0.497835024341962,0.272623876825368,0.5015039867072277,0.5348247773938999,0.3045380892737454,0.5520790581332441
2021-01-31 21:40:00,0.0459546181077456,0.051743201489584695,-0.1186387046929261,0.042554524102592,-0.1768083714022594,-0.4933889713981442,0.2878987301487461,0.5404319620291443,0.5354851895492372,0.3045380892737454,0.5520790581332441
2021-01-31 21:50:00,0.0458790782506488,0.05175186999224227,-0.12045136498827465,0.0416263902344395,-0.2701885147027738,-0.5112340421223004,0.274558162737583,0.5087730145862988,0.5341313619213905,0.3045380892737454,0.5520790581332441
2021-01-31 22:00:00,0.0456807574566116,0.051678876247979066,-0.12337196780027654,0.0417876627074189,0.4439416308978039,-0.5043262438157403,0.269710053810455,0.5031785817078647,0.5358594915059486,0.3045380892737454,0.5520790581332441
2021-01-31 22:10:00,0.0456786866455385,0.051632311556767445,-0.12251585572893131,0.0417290563311724,0.0562017584561758,-0.5008658001648938,0.2522089453291237,0.4543334950882917,0.5324803289891054,0.3045380892737454,0.5520790581332441
2021-01-31 22:20:00,0.0453889148254226,0.05159053651407261,-0.12807034638463738,0.0419204151261925,0.5212905646107657,-0.49204324542521083,0.2579238005415508,0.4659265436739048,0.5318733950804162,0.3045380892737454,0.5520790581332441
2021-01-31 22:30:00,0.0455163125586331,0.0515737094647065,-0.12494125667011872,0.0419851167200407,0.2473278969633341,-0.4867432590802218,0.2575202725348318,0.4600221928854045,0.5327748987300458,0.3045380892737454,0.5520790581332441
2021-01-31 22:40:00,0.045555659271869,0.051535586508964226,-0.12333771015394988,0.0419895735354681,0.0637654760796024,-0.48314678778344833,0.2618256987988192,0.4773802029489661,0.5346773104338711,0.3045380892737454,0.5520790581332441
2021-01-31 22:50:00,0.0455927928675703,0.05152712696063427,-0.12235875321292737,0.0419435867722688,-0.0737353467750168,-0.4803321698294939,0.2649365063490345,0.4771504166860634,0.5330005538987461,0.3045380892737454,0.5520790581332441
2021-01-31 23:00:00,0.0454421591973438,0.051498711734656706,-0.1251165016646271,0.042208965431225,0.4937215737587763,-0.47095300222192693,0.2939281876167078,0.5502142865085649,0.5352559587924476,0.3045380892737454,0.5520790581332441
2021-01-31 23:10:00,0.0454440408314468,0.051494328622620794,-0.12498998056547399,0.041866581625781,-0.0334785582012386,-0.4729657020542598,0.2852694002740911,0.5208485675515326,0.5343112804530772,0.3045380892737454,0.5520790581332441
2021-01-31 23:20:00,0.0454473423790462,0.0514887145479971,-0.12480830326025143,0.0418656285137632,-0.000150829676393,-0.4685856212908095,0.290611304114906,0.5470834558600183,0.5330821287671741,0.3045380892737454,0.5520790581332441
2021-01-31 23:30:00,0.0456603531499378,0.05147190870849706,-0.1198058214691027,0.0416463706963321,0.0268139414194124,-0.46997062650665106,0.2906151493305287,0.5446286352639085,0.53169584512404,0.3045380892737454,0.5520790581332441
2021-01-31 23:40:00,0.0456607116654102,0.05143453612348817,-0.11907162867896381,0.041522439594904,0.0101626859132508,-0.4699700662381121,0.2932983850795288,0.5657003559235944,0.5331816310542404,0.3045380892737454,0.5520790581332441
2021-01-31 23:50:00,0.0456491909485385,0.05139539779185607,-0.11856274736866616,0.0415346660370651,-0.1086162667304435,-0.4671035593186397,0.2673607765576684,0.5013444490261969,0.530841501949965,0.3045380892737454,0.5520790581332441
